lafz	aeraab	qism	maani_en
صرب		noun	Serb
رشد		noun	growth
سلم		noun	Acacia ehrenbergiana
اثنان		num	two
ذهب		noun	synonym of طلا (talā /talâ, “gold”)
زوج	زُوج	noun	couple, pair
باغ وحش	باغِ وَحْش	noun	zoo
ایتالیایی		adj	Italian
زیست‌شناسی		noun	biology
مرحبا		intj	bravo, good job
اجاق		noun	stove
زمین‌شناسی		noun	geology
شاذ		adj	glad
کتاب لغت		noun	dictionary, glossary
باب		adj	appropriate
بان		noun	prince, lord, governor, chief
چامه‌سرایی		noun	poetry
ال		noun	plough; the beam of a plough
رأس		classifier	classifier for counting animals: head
نار		noun	pomegranate
کس کردن		verb	to fuck (literally, ‘to do pussy’)
کس دادن		verb	To fuck (with a female as subject and a male as indirect object. Literally, to give pussy.)
زیتونی		adj	olivaceous
اسلحه گرم	اَسْلَحِهٔ گَرْم	noun	firearm
فندق		noun	hazelnut
زیاد		adj	much; a lot
چندین	چَندین	adj	much; a lot
کون کردن		verb	to ass-fuck, to sodomize, to bum, to cornhole
ویکی		noun	wiki
چتر		noun	umbrella, parasol
گائیدن		verb	to fuck, to screw, to hump
کیر		noun	penis, cock, prick
خایه		noun	testicle, balls
جلق زدن		verb	to masturbate, to fap, to jack off
شق کردن		verb	to split
چوچوله		noun	clitoris
دادن		verb	to give
مادر جنده		noun	motherfucker
جاکش		noun	cuckold, pimp
کس‌کش		noun	pimp, cuckold, whore.
جنده		noun	a prostitute
کاپوت		noun	condom
چطور		adv	how
کون دادن		verb	to (consensually) let somebody fuck you (with a female or male as subject and a male as indirect object; literally, to g
آمدن		verb	to come, to arrive
رفتن		verb	to go
این		det	this; the
شهوتی		adj	lusty
ادرار		noun	urine, piss
شاش		noun	urine
آب کیر		noun	semen, cum
گنجینه		noun	treasure
گردنبند		noun	necklace
ظهر		noun	noon, midday
منخر		noun	nostril
جنده‌خانه		noun	whorehouse
بکن‌بکن		noun	sex spree
ریشه‌شناسی		noun	etymology
آب منی		noun	semen, cum
کلیسا		noun	church
کس لیسیدن		verb	to eat pussy, to lick pussy
کیر مکیدن		verb	to suck dick, to give a blowjob
ویکی‌پدیا		noun	Wikipedia
منت		noun	favor, grace; action that causes the receiver to be thankful
فاحشه		noun	prostitute, whore
نهار		noun	daytime
مجاهد		noun	fighter, warrior; especially a mujahid
سوراخ کس		noun	vagina
روبه جلو		adj	ad hoc
سوراخ		noun	hole, cavity, bore, orifice, slot
طالب		noun	seeker
ویکی‌واژه		noun	Wiktionary
محرم		noun	mahram; close family member who cannot be married
رجب		noun	Rajab (the seventh month of the Islamic calendar)
شعبان		noun	Sha'ban (the eighth month of the Islamic calendar)
شوال		noun	Shawwal (the tenth month of the Islamic calendar)
شباط	شُباط	noun	February
آذار		noun	March
تموز	تمّوز	noun	July
بلند کردن		verb	to raise
قطران		noun	tar
استمنا		noun	unhamzated form of استمناء (“male masturbation”)
سیخ زدن		verb	to skewer
لاستیک		noun	rubber
تمساح		noun	alligator
فضاپیما		noun	spacecraft
جرس		noun	clapper
صوت		noun	sound
ناس		noun	people
ترگمان		noun	translator
رف		noun	shelf, ledge, rack
حرب		noun	war, warfare
مشروع		adj	legitimate
سوق		noun	push (to do something), impelling
جامع		adj	comprehensive
فوق		noun	above part
عامل		noun	factor
دخل		noun	income
صباح		adv	tomorrow
فجر		noun	dawn
ریال		noun	rial (the official currency of Iran)
وب نوشت		noun	website
جنس		noun	kind, sort
دوست پسر		noun	boyfriend
مردم		noun	people (group of humans)
حسابدار		noun	accountant
عقرب		noun	scorpion
سرطان		noun	cancer, carcinoma
بوق		noun	vehicle horn; klaxon
انوشه		adj	immortal
بی‌شمار		adj	uncountable
قاشق		noun	spoon
صرع		noun	epilepsy
اوج لذت جنسی		noun	orgasm
اجازه		noun	permission
گاییدنی		adj	fuckable, sexually attractive
کردنی		adj	fuckable, sexually attractive
زقاق		noun	street
ابریشم		noun	silk
گچ		noun	plaster, gypsum, chalk, stucco
آره		adv	yeah (yes)
نخیر		adv	no
عصر بخیر		intj	good afternoon
مار		noun	snake
ببخشید		intj	excuse me
طاس		noun	cup
فامیل		noun	family
تلفن		noun	telephone
دوست‌دختر		noun	girlfriend
بودا		noun	Buddha
نسر		noun	vulture
بلاگ		noun	blog
کله کیر		noun	glans penis
خوز		noun	sugarcane
رطب		noun	ripened dates
انگلیسی	اِنْگْلیسی	noun	English (language)
قاصدک		noun	dandelion
ملخ		noun	grasshopper
مادر کسده		noun	son of a bitch
کمرا		noun	vault
طلسم		noun	spell, incantation, charm
تلسکوپ		noun	telescope
یک‌شنبه		noun	Sunday
سه‌شنبه		noun	Tuesday
پنج‌شنبه		noun	Thursday
آدینه		noun	Friday
شنبه		noun	Saturday
کوچک		adj	small
سپوختن		verb	to thrust, poke, press, penetrate
غول		noun	ghoul
ازدحام		noun	crowd, rush, throng, swarm
حفظ		noun	preservation; maintenance; conservation; upholding
آناکوندا		noun	anaconda
توت		noun	mulberry (fruit)
شما		pron	you guys; you (plural)
تابستان		noun	summer
گوش دادن		verb	to listen
سنگسار		noun	stoning, lapidation
بحث کردن		verb	to discuss
ساعت		noun	hour; o’clock; (by extension) time
شنیدن		verb	to hear
فروختن		verb	to sell
رم	رَم	noun	shying, taking off from fright
برنج		noun	rice
مادربزرگ		noun	grandmother
پلو		noun	pilaf (a dish made by browning grain, typically rice, in oil and then cooking it with a seasoned broth, to which meat an
کوکو		noun	kuku, Persian-style egg dish, somewhat comparable to Italian frittata or French quiche.
آش		noun	aush (thick Persian-style soup)
قرمه سبزی		noun	ghormeh sabzi, an Iranian green herb stew
برادر		noun	brother
پدربزرگ		noun	grandfather
زانو		noun	knee
مژه		noun	eyelash
انگشت	اَنگُشت	noun	finger
مو		noun	hair
بینی		noun	nose
عمو		noun	paternal uncle
چه		pron	what?
بوسیدن		verb	to kiss
سه		num	three
مغرور		adj	proud
اسب		noun	horse
اسب آبی		noun	hippopotamus
لاغر	لاغَر	adj	skinny; thin; slender; lithe
همجنس‌باز		adj	homosexual, homophile
موش		noun	mouse; rat
گهگاه		adv	sometimes
گردو		noun	walnut
گلدان		noun	flowerpot
صورتی		adj	pink
کلاس		noun	class
سماور		noun	samovar
بانک		noun	bank
ته‌دیگ		noun	tahdig, tahdeg
دوغ		noun	buttermilk
طناب		noun	rope
همسر	هَمسَر	noun	spouse
سیم کارت		noun	SIM card
بودن		verb	to exist
تومان		noun	toman, a former unit of currency of Iran
رپ		noun	rap (music)
مجلس		noun	parliament
گوش		noun	ear
مرسی		intj	thanks
لیسیدن		verb	to lick
مشکی		adj	black
طلایی		adj	unhamzated form of طلائی (golden, gold-coloured, blond, blonde)
طلا		noun	gold (metal)
نوشتن		verb	to write
خوردن		verb	to eat
خواندن		verb	to read
اتمی		adj	atomic
زیبا		adj	beautiful
زشت		adj	ugly
دانا		adj	wise
دانستن		verb	to know (something)
قهوه‌ای	قَهْوِهای	adj	brown
ماده تاریک		noun	dark matter
ولایت فقیه		noun	“Guardianship of the Islamic Jurists”; a system of government wherein the Islamic clergy (ulema) have the ultimate say i
پول خرد		noun	change (money)
حیاط		noun	courtyard
زر		noun	gold
امشب		adv	tonight
بوس		noun	kiss
باران		noun	rain
مه		noun	fog, mist
فرهنگ‌نویسی		noun	lexicography
زنبور عسل		noun	honeybee
پایان		noun	end, conclusion
هزارپا		noun	millipede
زدن		verb	to beat, hit, strike
واژه		noun	word, vocable
چس		noun	silent fart
چس فیل		noun	popcorn
شدن		verb	to become; a light verb used in a large number of intransitive compound verbs.
فهمیدن		verb	to understand (hear correctly and know the language)
زخمی		adj	wounded
سنگینی		noun	heaviness
زورمند	زورمَند	adj	strong; powerful
صبور		adj	patient
نانوائی		noun	bakery
نانوا		noun	baker
نیلوفر آبی		noun	water lily
اهل		noun	inhabitant; native; citizen; often used as an equivalent of English "to be from"
ژاپنی	ژاپُنی	adj	Japanese
گفتن		verb	to say
داشتن		verb	to have; to possess, to own
لهستانی		noun	Polish
دکتر	دُکْتُر	noun	doctor, physician
الان		adv	unhamzated form of الآن (al'ān /al'ân, “now”)
فردا		adv	tomorrow
سرباز		noun	soldier
خواننده		noun	singer, vocalist
فرهنگی		adj	cultural
خربزه		noun	melon
دانشجو		noun	Higher education student, a university student
گول خوردن		verb	to be deceived, tricked
مردم‌سالاری		noun	democracy
ول		adj	free
بسیج		noun	preparation
ببر		noun	tiger
سیب‌زمینی	سیبزَمینی	noun	potato
اسفناج		noun	spinach
فلفل		noun	pepper (including sweet peppers, chilis as well as black pepper)
خیار		noun	cucumber
کاهو		noun	lettuce (Lactuca sativa)
کلم		noun	cabbage
هویج		noun	kitchen provision
قارچ		noun	mushroom
بامیه		noun	okra, Abelmoschus esculentus
تره		noun	garden herb in general, especially beets, spinach, cresses, leek, parsley, pot-herb
گوجه‌فرنگی	گُوْجِهفَرَنْگی	noun	tomato
گوجه		noun	plum
لیمو		noun	lemon; lime
آبلیمو		noun	lemon juice
انبه		noun	mango
آناناس		noun	pineapple
هندوانه		noun	watermelon
ریواس		noun	rhubarb
خشخاش		noun	opium poppy
دلفین		noun	dolphin
پرتقال		noun	orange
نعناع		noun	mint
عناب		noun	jujube
بنفش		adj	violet, violet-coloured
گیلاس		noun	cherry
گاز		noun	bite
قله		noun	peak (of a mountain)
سوسک		noun	cockroach; ellipsis of سوسک حمام (susk-e hammâm)
دست شما درد نکنه		intj	thank you
نوش جان	نوشِ جان!	intj	to your good health!, cheers! (before any drink including non-alcoholic ones)
مایو		noun	swimming costume, bathing suit, swimsuit
دوچرخه		noun	bicycle
آدرس		noun	address
کامپیوتر		noun	computer
رایانه		noun	computer
بامزه		adj	cute
مصرف		noun	consumption
کفش		noun	a shoe
کارت		noun	card
اتوبوس	اُتوبوس	noun	bus
عابر بانک		noun	ATM, cash machine
زشتی		noun	ugliness
ایدز		noun	AIDS
فوتبال		noun	football, soccer
شنا		noun	swimming
کرم ابریشم		noun	silkworm
کرم کتاب		noun	bookworm
اسپانیایی		adj	Spanish
اسکناس		noun	banknote, note
توله‌سگ		noun	puppy
حجاب		noun	screen
توت فرنگی		noun	strawberry
سینما		noun	cinema
چهار		num	four
کاراته		noun	karate
تنیس		noun	tennis
گلف		noun	golf (the sport)
کونگ فو		noun	kung fu
نخود		noun	chickpea
ناهار		noun	lunch
کتابخانه		noun	library
دستمال		noun	handkerchief
شیرین		adj	sweet
شیرینی		noun	sweetness
سلیقه		noun	taste
روسری		noun	headscarf, hijab
را		particle	Used to mark certain noun phrases as the direct object. Since it is obligatory for all definite direct objects, it is of
گز		noun	tamarisk (Tamarix spp.)
ثبت		noun	registration, enrollment
هتل		noun	hotel
همان		adj	that/those very
فقط		adv	only
اقتصاد		noun	economy
مالیه		noun	finance
استان		noun	province
صابون		noun	soap
کارگر		noun	worker, labourer, workman
گسترده		adj	widespread
کت		noun	coat
خرما		noun	date (fruit)
خرمالو	خُرْمالو	noun	persimmon
پاپایا		noun	papaya
آواکادو		noun	avocado
میوه اژدها		noun	pitahaya, dragon fruit
نارگیل		noun	coconut
زرشکی		adj	having the color of barberries; crimson
ازگیل		noun	medlar
گریپ فروت		noun	grapefruit
شلیل		noun	nectarine
دندان‌پزشکی		noun	dentistry
سانسور		noun	censorship
سانسور کردن		verb	to censor
سرمه‌ای		adj	navy blue
خرمایی		adj	date- coloured
ارغوان		noun	purple color; dark magenta color
نیلی		adj	indigo (color)
یشم		noun	jasper (precious stone)
یشمی		adj	jade (colour), jade-coloured
پرستو		noun	swallow (bird)
اردک		noun	duck (bird)
کلاغ		noun	crow (bird)
غاز		noun	goose (bird)
بوقلمون		noun	many-coloured damask
کشاورز		noun	farmer
هنرمند		noun	artist
مکانیک		noun	mechanic (a skilled worker in charge of maintenance or repairing machinery)
وکیل		noun	lawyer, attorney
سیاستمدار		noun	politician
ماشین		noun	car
بژ		adj	beige
چکاوک		noun	skylark, lark
طاووس		noun	peacock
بوف		noun	owl
جغد		noun	owl
قو		noun	swan
دیر		adj	late; tardy
بلوز		noun	blouse
سینه زنی		noun	ritual chest-beating
نقره		noun	silver (metal)
نقره‌ای		adj	silver (colour)
مچ		noun	joint (Any part of the body where two bones join)
دستکش		noun	glove
مامان		noun	mama
کره		noun	butter
گویش		noun	dialect; accent
عنکبوت		noun	spider
مگس		noun	fly (insect)
تساوی		noun	equality
کسب		noun	trade, business, profession
شلوار		noun	trousers, pants
نامزد		noun	candidate
پختن		verb	to cook
شکستن		verb	to break
عروسک		noun	doll
لواط		noun	male homosexual intercourse, sodomy
عرق کردن		verb	to sweat; to perspire
پوتین		noun	boot
کشتن		verb	to kill, to murder
برف آمدن		verb	to snow
آتشکده		noun	fire temple (a Zoroastrian place of worship, where fire is kindled)
راست		adj	straight
آرامش		noun	quietness; calmness; tranquility; peace, peace and quiet
اسپاگتی		noun	spaghetti (pasta)
آب میوه		noun	fruit juice
آبجو		noun	beer
پنج		num	five
شش		num	six
هفت		num	seven
مربوط	مَربوط	adj	relevant, pertinent
ویسکی		noun	whisky
کردی		adj	Kurdish
اسپانیولی		adj	Spanish (language)
کره‌ای		adj	Korean
تانک		noun	tank (military vehicle)
والله		adv	truthfully, honestly
کوشک		noun	pavilion
سیگار		noun	cigarette
هواپیما		noun	aeroplane
خباز		noun	baker
داروخانه		noun	pharmacy (a place where prescription drugs are dispensed)
زنی		noun	womanhood
سلطانه		noun	sultana (female ruler)
الکل		noun	alcohol
رانندگی		noun	driving
راندن		verb	to ride
رانندگی کردن		verb	to drive
خر		noun	donkey, ass
الاغ		noun	donkey, ass
لاک‌پشت		noun	a turtle or tortoise
سنجاب		noun	squirrel
حلزون		noun	snail
نرم‌افزار		noun	software
سخت‌افزار		noun	hardware (computing)
اسکنر		noun	scanner
چاپگر		noun	printer (computing)
آرامی		noun	calm, calmness, tranquility
موزه		noun	boot
رستوران	رِسْتوران	noun	restaurant
رادیو		noun	radio
آپارتمان	آپارْتِمان	noun	flat (UK), apartment
تمبر		noun	stamp (postage)
شیک		adj	chic
مانتو		noun	a woman’s coat or upper garment that can be worn in public without a chador (see usage note below)
پروژه		noun	project
کافه		noun	café
گاراژ		noun	garage
مبل		noun	sofa, couch
وانیل		noun	vanilla
پیتزا		noun	pizza
ترافیک		noun	traffic (congestion)
دیپلم		noun	diploma
لیسانس		noun	licence (education)
کارت پستال		noun	postcard
عاج		noun	ivory
ژاکت		noun	jacket (clothing)
زگیل		noun	wart
گوشواره		noun	earring
ژله		noun	jelly
ژامبون		noun	ham
ژن		noun	gene
ژست		noun	gesture
مولکول		noun	molecule
شیمی		noun	chemistry
خون‌شناسی		noun	haematology, hematology (US)
عصب‌شناسی		noun	neurology
عصب		noun	nerve
عصبانی		adj	angry
اسکی کردن		verb	to ski
جاسوسی		noun	espionage
زمین خوردن		verb	to fall
زندگی کردن		verb	to live
زیستن		verb	to live
زیست		noun	life
بیولوژی		noun	biology
افقی	اُفُقی	adj	horizontal
بیوشیمی		noun	biochemistry
فیلم		noun	film, movie
تلویزیون		noun	television
ترسیدن		verb	to fear, to be afraid of
ترجمه کردن		verb	to translate
دلتنگ		adj	sad
بازی کردن		verb	to play
طب سوزنی		noun	acupuncture
منفی		adj	negative; bad
مشت		noun	fist
پوسته		noun	membrane
هدهد		noun	hoopoe
جانورشناسی		noun	zoology
جانورشناس		noun	zoologist
پدیده		noun	phenomenon
شانس		noun	chance
بالکن		noun	balcony
بشکه		noun	barrel, keg
ژیمناستیک		noun	gymnastics
تاجیک		noun	Tajik, Persian
ذرت		noun	maize, corn
کراک		noun	crack (drug)
ژنرال		noun	general
ارزان		adj	cheap, inexpensive
کودتا		noun	coup d’état
آن‌ها		pron	they
ایشان		noun	ishan
شیعه		adj	Shi'a, Shi'ite
ساک		noun	sak, ash-e sak, khoreshe sak; a Persian spinach soup
کراوات		noun	tie (clothing)
اسرائیلی		adj	Israeli
فلسطینی		adj	Palestinian
سوسیس		noun	sausage (hot dog style)
مغازه		noun	shop
واکسن		noun	vaccine
کاندوم		noun	condom
آسانسور	آسانْسور	noun	lift (UK), elevator (US)
لیکور		noun	liqueur
نوشابه		noun	soft drink
نوشیدن		verb	to drink
الکلی		adj	alcoholic
واژن		noun	vagina
مهبلی		adj	vaginal
کوآلا		noun	koala
آهن		noun	iron (metal)
آرد		noun	flour
جا		noun	place
اینجا		adv	here
باغچه		noun	small garden, front garden/front yard
استخوانی		adj	bony
بز		noun	goat
پادزهر		noun	antidote
پادزهری		adj	antidotal
ماچ		noun	kiss
ماچ کردن		verb	to kiss
بورس		noun	bourse
پشم		noun	wool
پشمی		adj	woollen
پشمالو		adj	fuzzy, furry, hairy, woolly, shaggy
کچل		adj	bald
کابینه		noun	cabinet
مهتابی		adj	moonlit
دارکوب		noun	woodpecker
شکلات		noun	chocolate
توکان		noun	toucan
قاره		noun	continent
ویلا		noun	villa
مانکن		noun	mannequin
بوفه		noun	sideboard
آژان		noun	police officer
آژانس		noun	agency
آژیر		adj	alert, alarm
نایلون		noun	nylon
اورژانس		noun	emergency
صندل		noun	sandalwood
شنی		adj	sandy
شن	شِن	noun	sand
کوسن		noun	cushion
هنرپیشه		noun	actor/actress
دسر		noun	dessert
اشتباه کردن		verb	to make a mistake
بستنی	بَسْتَنی	noun	ice cream
انرژی		noun	energy
النگو		noun	bangle, bracelet without clasp
ارائه		noun	presentation
کودک		noun	child
کودکستان		noun	nursery school
شرور		adj	wicked
کمک		noun	help, aid, assistance
کمک کردن		verb	to help
ضربان		noun	pulse
گرفتن		verb	to grab
ریختن		verb	to pour; to spill; to sprinkle
ریا		noun	hypocrisy, dissimulation
رابط		noun	connector
مردمک		noun	little man
سوزن		noun	needle
خوشه		noun	bunch
حوله		noun	towel
اهریمن		noun	devil
اهریمنی		adj	Ahrimanic
دمیدن		verb	to breathe (into), to blow
آوردن		verb	to bring
رستن		verb	to escape
یافتن		verb	to acquire, find
دیدن		verb	to see, to look
رساندن		verb	to deliver
نمودن	نَمودَن	verb	to show, to cause to appear, to exhibit
آراستن		verb	to arrange; to array
فرمودن		verb	to order, to command
خراب کردن		verb	to ruin
آبستن		adj	pregnant
آبستنی		noun	pregnancy
خیس		adj	wet; soaked; drenched
خیس کردن		verb	to wet
خیساندن		verb	to wet
روش		noun	method; manner; way; procedure
متد		noun	method
رمان		noun	novel
ماست		noun	yoghurt
شکری		adj	sugary
لامپ		noun	lamp
شاشیدن		verb	to piss
زیست‌شناس		noun	biologist
بی‌ستاره		adj	starless
سری	سِری	noun	series (of fictional material, etc.)
لوکس		adj	deluxe, de luxe
بیست		num	twenty
بمب		noun	bomb
بمب اتمی		noun	atomic bomb
بخشیدن		verb	to donate, give, grant, bestow, allocate, apportion
شهاب		noun	meteor
شستن	شُستَن	verb	to wash
لبی		adj	labial
ترش		adj	sour, tart (tasting acidic)
لوله		noun	tube
فرودگاه		noun	airport, airdrome, aerodrome
فیزیک		noun	physics
جالب		adj	interesting
زمینی		adj	earthy
برگ		noun	leaf
رگبار		noun	shower (Of intense rain)
گه		noun	shit
ریشو		adj	bearded
گرسنه		adj	hungry
دیپلمات		noun	diplomat
دیپلماسی		noun	diplomacy
فکاهی		adj	humorous
فک		noun	jaw
نماد		noun	symbol
کار کردن		verb	to work
رز		noun	vine
سفره		noun	tablecloth
قفل		noun	lock, padlock
گوز		noun	walnut
گوزیدن		verb	to fart
خورش		noun	stew; khoresh
لانه		noun	home for animals:
موزیک		noun	synonym of موسیقی (musiqi)
پاکت		noun	packet
آزمون		noun	test
خوابیدن		verb	to sleep; to fall asleep
خواب رفتن		verb	to sleep
خواب دیدن		verb	to dream
اشک ریختن		verb	to cry, to weep
افکندن		verb	to throw
پریدن		verb	to fly
گریستن		verb	to cry, to weep
بردن		verb	to bear; to carry; to take
آبتنی		noun	bathing
آبتنی کردن		verb	to bathe
شیرین کردن		verb	to sweeten
کتبی		noun	bookseller
هنوز		adv	still, yet
چی		pron	what?
خواستن		verb	to want, to intend (both of nouns and verbs)
میخ		noun	nail
گرگ		noun	a wolf
رهبر ارکستر		noun	conductor (of an orchestra)
ارکستر		noun	orchestra
آفریدن		verb	to create
انگاشتن		verb	to suppose, to imagine
بستن		verb	to close, to shut
بسکتبال		noun	basketball
پوشیدن		verb	to put on (clothes), to wear
جستن		verb	to jump, leap
رسیدن		verb	to arrive, to reach
شنا کردن		verb	to swim
ساختن		verb	to make
ساختمان		noun	building
سکس		noun	sex
سکسی		adj	sexy
اختری		adj	stellar
چیزی		pron	something
تقوا		noun	virtue
ویروس		noun	virus
ویروسی		adj	viral (relating to a virus)
ویتامین		noun	vitamin
تریاک		noun	antidote
گم کردن		verb	to lose, especially through obliviousness
تجربی		adj	experimental
پرونده		noun	case
مارک		noun	brand
مینا		noun	glaze
مثل		noun	resemblance, similarity
نازی		adj	coy, demure
مارچوبه		noun	asparagus
مرجان		noun	coral
شامپو		noun	shampoo
شاخه		noun	branch (of a tree)
تک‌شاخ		noun	unicorn
بر		prep	on
احساس کردن	اِحساس کَردَن	verb	to feel
تابستانی		adj	summery
زمستانی		adj	wintry
پاییز		noun	autumn
پاییزی		adj	autumnal
فال		noun	omen
سازمان		noun	organisation
سازمانی		adj	organisational
واحه		noun	oasis
کامل کردن		verb	to complete
باده		noun	wine
کاشی		noun	tile
خرده		noun	bit
ثبات		noun	firmness, fixedness, fixity, stability, stableness
کتابچه		noun	booklet
انتخاب کردن		verb	to choose
هاله		noun	halo
چرتکه		noun	abacus
گشنیز		noun	coriander, cilantro
کمپوت		noun	compote
ترخون		noun	tarragon
ارمنی		adj	Armenian
فلافل		noun	falafel
عبا		noun	cloak
بانداژ		noun	bandage
قند		noun	sugar cube
صوفی		adj	Sufi
صوفیه		noun	Sufism
لشکری		adj	military
لنگیدن		verb	to limp
بیسکویت		noun	biscuit
کاتولیک		adj	Catholic
سیمان		noun	cement
کارتن		noun	carton
گیتار		noun	guitar
ژرف		adj	deep
نصف		noun	half
پله		noun	a stair, step
ییلاق		noun	countryside area where people go to escape the summer heat
ظرفی		adj	adverbial
گرسنگی		noun	hunger
وقاحت		noun	flagrancy
یکی		pron	one (The first mentioned of two things or people, as opposed to the other.)
شصت		num	sixty
نود		num	ninety
چهل		num	forty
هفتاد		num	seventy
هشتاد		num	eighty
دویست		num	two hundred
میلیون		num	million
پارک	پارْک	noun	park
پارکینگ		noun	car park (UK), parking lot (North America)
کارتون		noun	cartoon
تیم		noun	team
ویزا		noun	visa
موکت		noun	carpet (fabric used as a complete floor covering)
سیدی		noun	CD
صندلی		noun	chair
رنگی		adj	colorful
عمیق		adj	deep (literal, figurative)
چشیدن		verb	to taste
فرستادن		verb	to send
فرستاده		noun	messenger
ازدواج کردن		verb	to marry
زندانی		noun	prisoner
زندانبان		noun	jailer, gaoler
عصبی		adj	neural
گنج		noun	treasure
بادامک		noun	tonsil
لوزه		noun	tonsil
قرن		noun	century
لات		noun	lout, hooligan
ماندن		verb	to remain, stay
ماندنی		adj	remaining
لاتی		noun	roguishness
پیامبر		noun	prophet, messenger (of God)
ماتیک		noun	lipstick
تفریق		noun	subtraction
آلیاژ		noun	alloy
مغز		noun	brain
صبحانه		noun	breakfast
حاد		adj	sharp
خوشگل		adj	beautiful, handsome, good-looking
خیاطی		noun	dressmaking
خوشگلی		noun	beauty
جودو		noun	judo
سوپ		noun	soup
کتلت		noun	cutlet
رژه		noun	line, queue
است		noun	bone
سلاخی		noun	slaughter
کلان		adj	big, huge, massive
نامیدن		verb	to name
توریست		adj	tourist
تکنولوژی	تِکنولوژی	noun	technology
حاشیه		noun	border, rim, edge
مصدر		noun	infinitive (a grammatical mood)
گوگردی		adj	sulfuric, sulphuric
توریستی		adj	touristy
آوازی		adj	vocal
کهکشان		noun	galaxy
جغرافی		noun	geography
جغرافیا		noun	geography
درام		noun	drama
دف		noun	daf (a Persian frame drum)
شیاف		noun	suppository
نیش		noun	sting, bite
فیزیکی		adj	physical:
توالت		noun	toilet
نهنگ		noun	crocodile or hippopotamus
کلید		noun	key
تراس		noun	terrace
بدرود		intj	goodbye; farewell
بره		noun	lamb (young sheep)
ملت		noun	nation, people
تروریست		adj	terrorist
فنجان	فِنْجان	noun	cup
تحول		noun	change, (new) development
قلبی		adj	cardiac
هنر		noun	art
مستقیم		adj	straight
زان		noun	beech
نوه		noun	grandchild
کودکی		noun	childhood
شیوا		adj	eloquent
تراکتور		noun	tractor
تاکسی		noun	taxi
لالی		noun	muteness
سکو		noun	platform
ادراری		adj	urinary
ساندویچ		noun	sandwich
وزغ		noun	toad
دودل		adj	hesitant
دودلی		noun	hesitation
فرانسوی		noun	French (language)
ایرلندی		adj	Irish
سلتی		adj	Celtic
مثلث		noun	triangle
مثلثی		adj	triangular
اکسیژن		noun	oxygen
کربن		noun	carbon
مس		noun	copper
رادون		noun	radon
فلز		noun	metal
ماساژ		noun	massage
نیتروژن		noun	nitrogen
فسفر		noun	phosphorus
اسبی	اَسبی	adj	equine
اپرا		noun	opera
یواش		adj	slow
تپه		noun	hill
نعش		noun	corpse (human)
فتوا		noun	fatwa (legal opinion, decree or ruling issued by a mufti)
کشتار		noun	slaughter
مسلخ		noun	abattoir
دلار	دُلار	noun	dollar
یورو		noun	euro (the currency unit of the European Monetary Union)
مشترک		adj	common; joint
شماره		noun	number (position of something in a sequence)
چرمی		adj	leather
دودمانی		adj	dynastic
آدم‌برفی		noun	snowman
برفی		adj	snowy
نوم		noun	sleep
سوسیالیسم		noun	socialism
اجتماعی	اِجتِماعی	adj	social
تولید		noun	production
خنک	خُنَک	adj	cool (of temperature), fresh
تصادف		noun	accident, crash
شرع		noun	religious law, sharia
اسید		noun	acid
بارانی		adj	rainy
حریق	حَریق	noun	fire, conflagration
رده		noun	row
قفسه		noun	cupboard
مکعب		adj	cubic
بادبادک		noun	kite (recreational object)
آخوندک		noun	praying mantis
پرسیدن		verb	to ask, inquire
غمگینی		noun	sadness
مختل		adj	disturbed, deranged
مختل کردن		verb	to confuse
بعدی		adj	next, following, subsequent
جهانی		adj	worldwide
چاپ کردن		verb	to print
فعالیت		noun	activity
مسلحانه	مُسَلَّحانِه	adj	armed
دوازده		num	twelve
جامعه‌شناسی		noun	sociology
جامعه‌شناس		noun	sociologist
عدل		noun	justice
زندگی‌نامه		noun	biography
سمینار		noun	seminar
الکترون		noun	electron
فوتون		noun	photon
نوترون		noun	neutron
لک‌لک		noun	stork
آلاله		noun	buttercup
قورباغه		noun	frog
رزرو کردن		verb	to reserve
دی		adv	yester
اسفند		noun	wild rue
آهنگر		noun	blacksmith
حیاتی		adj	relating to life
جنگ سرد		noun	cold war
اقیانوس		noun	ocean
اقیانوسی		adj	oceanic
بیمارستان		noun	hospital; bimaristan
رایج		adj	common, current, prevalent
تیمارستان		noun	asylum
کوهستان		noun	mountain area, the mountains
فرهنگستان		noun	academy
دهستان		noun	rural district made up of villages
آیش		noun	fallow
آتش‌فشان		noun	volcano
گدازه		noun	lava
استخر		noun	pond, pool
زورخانه		noun	"house of strength"
سوختن		verb	to burn, to be burnt
سوخته		adj	burnt
سوختگی		noun	burn
سنبل		noun	hyacinth
یخچال		noun	refrigerator, fridge
یتیم‌خانه		noun	orphanage
تز		noun	thesis (of an argument)
یاد گرفتن		verb	to learn
طول		noun	length (of space)
لالایی		noun	lullaby
بارز		adj	blatant, clear
یخی		adj	icy
برنامه		noun	foreword
گفته		noun	statement
مرز	مَرْز	noun	boundary, border, frontier
کمونیست		adj	communist
سفر کردن		verb	to travel
کفتار		noun	hyena
عدسی		noun	lens
سرعت		noun	speed
لذیذ		adj	delicious, tasty
راه رفتن		verb	to walk
حبل		noun	rope
نوع		noun	type, kind, sort
کیهان		noun	universe
کیهان‌شناسی		noun	cosmology
کیهان‌شناس		noun	cosmologist
کیهانی		adj	universal
اسلاوی		adj	Slavic
همه		pron	all
ورزش کردن		verb	to exercise
تشکر کردن		verb	to thank
تشکر		intj	thank you
مهم	مُهِمّ	noun	important task, important affair
وزن کردن		verb	to weigh
تا کردن		verb	to fold
آشوب		noun	riot
لایحه		noun	bill
تکه	تکّه	noun	piece
گوساله		noun	calf
سبیل		noun	mustache
صحبت کردن	صُحْبَت کَرْدَن	verb	to talk
بودایی		adj	Buddhist
ترمز		noun	brake
ترمز کردن		verb	to brake
درشکه		noun	horse-drawn carriage
وقتی	وَقْتی	conj	whenever, when
هکر		noun	hacker (computing)
بامداد		noun	dawn, morning
عصب‌شناس		noun	neurologist
پروستریکا		noun	perestroika
ایل		noun	clan
پروکسی		noun	proxy
کنکور		noun	Konkur (the national university entrance examination in Iran)
سریال		noun	serial; TV series
نفر		classifier	classifier for humans.
بدون		prep	sans, without
عن		prep	from
مجوسی		noun	a Zoroastrian
عجوز		noun	old woman; crone; hag; beldam
آزمودن		verb	to test
مداد		noun	pencil
بلد		adj	knowledgeable
لم		noun	trick, trickery
فضای بیرونی		noun	outer space
معمولا	مَعمولاً	adv	usually, generally
نماز خواندن		verb	to perform a prescribed, regular prayer; (in Islam specifically) to perform salat
بیدار شدن		verb	to awake, to wake up
کانی‌شناسی		noun	mineralogy
اندام		noun	limb
سیگارت		noun	cigarette
دخترانه		adj	girly, girlie
رایگان		adj	obtainable without payment, free
تاوه		noun	frying pan
متحد		adj	united, unified
پناهگاه		noun	shelter
کوسه		noun	shark
پناهنده		noun	refugee
کود		adj	collected, not scattered
فراری		noun	fugitive; runaway
سرخک		noun	measles
پتو		noun	blanket
موفق		adj	successful, prosperous
هموطن		noun	compatriot
وطن‌پرست		noun	patriot
وطن‌پرستی		noun	patriotism
تنبلی		noun	laziness
لبه		noun	edge
دانش‌آموز	دانِش آموز	noun	pupil
کشاورزی	کِشاوَرْزی	noun	agriculture; farming
خوش‌مزه		adj	tasty
خرمن		noun	harvest, crop
گران		adj	expensive
کفشدوزک		noun	ladybird or lady-bird, ladybug (Canada, US)
بودجه	بودْجِه	noun	budget
آبیاری		noun	irrigation
خرید		noun	purchase; shopping
کشمش		noun	raisin, sultana raisin, currant
کاذب		adj	false
مهلک		adj	fatal
مجروح		adj	wounded
شلوغ		adj	crowded
کاست		noun	diminution, decrease, loss
محصول		noun	crop
کاخ		noun	palace, mansion
صدمه		noun	injury
فوتبالیست		noun	footballer (British); football player (Britain), soccer player (US, Canada, Australia)
ملیت		noun	nationality
خبرنگار	خَبَرْنِگار	noun	reporter
دندان‌پزشک		noun	dentist
انرژی هسته‌ای		noun	nuclear energy
پزشک		noun	doctor, physician
مسواک		noun	toothbrush
آب سنگین		noun	heavy water
میخک		noun	clove
متاسف		adj	unhamzated form of متأسف (muta'assif /mota'assef, “sorry”)
پشیمانی		noun	regret, remorse
چشم‌پزشک		noun	ophthalmologist
روان‌پزشک		noun	psychiatrist
پودر	پودْر	noun	powder
بلیت		noun	ticket
خودکشی کردن		verb	to commit suicide
خانواده	خانِوادِه	noun	family
دیدگاه		noun	point of view
بی‌طرف		adj	impartial, unbiased, neutral
بی‌سیم		adj	wireless
بیکاری		noun	unemployment
اسکاتلندی		adj	Scottish
شکار کردن		verb	to hunt
سره		adj	fine, excellent
شیراز		noun	yoghurt drained of whey
کهف		noun	cave
مهمات		noun	ammunition
خودرو		adj	automotive
آهنگساز		noun	composer
آلبالو		noun	sour cherry, morello cherry
آبسه		noun	abscess
حزب	حِزْب	noun	party
پرده بکارت		noun	hymen
پرستیدن		verb	to worship
دزدی		noun	theft
مسلح		adj	armed
کوشش کردن		verb	to try
پاک کردن		verb	to clean
مجروح کردن		verb	to wound or seriously injure
پیدا کردن		verb	to find, to discover
پیشنهاد کردن		verb	to suggest, to propose, to offer
قبول کردن		verb	to accept
تفریح کردن		verb	to have fun
راضی کردن		verb	to satisfy
اصرار کردن		verb	to persist
حمام کردن		verb	to bathe
حاضر کردن		verb	to prepare
حساب کردن		verb	to calculate
درک کردن		verb	to understand intellectually; to get; to comprehend
اعلام کردن		verb	to announce, to declare
اعتقاد داشتن	اِعْتِقاد داشْتَن	verb	to believe
لازم داشتن		verb	to need
اضافه کردن	اِضافه کَردَن	verb	to add
کم کردن		verb	to reduce, to decrease
باز کردن		verb	to open
صبر کردن		verb	to wait
مغلوب کردن		verb	to defeat
دزدی کردن		verb	to steal
دوست داشتن	دوسْت دَاشْتَن	verb	to like
عوض کردن		verb	to change
دریافت کردن		verb	to receive (a message, etc.)
بو کردن		verb	to smell
دستبرد زدن		verb	to rob
بمباران کردن		verb	to bomb
درخشیدن		verb	to shine; to luster; to sheen; to coruscate; to glister; to glint
پرواز کردن		verb	to fly
گریه کردن	گِرْیِه کَردَن	verb	to cry, to weep
فکر کردن		verb	to think
رد کردن		verb	to refuse, to reject, to veto
کشف کردن		verb	to discover
سل		noun	tuberculosis
حرف زدن	حَرْف زَدَن	verb	to talk; to speak
درک	دَرک	noun	perception
زمزمه کردن		verb	to hum
روشن کردن		verb	to make clear
پیروزی		noun	victory
بیرون		noun	the outside
پیشرفت		noun	progress
بیستم		num	twentieth
پیشرفت کردن		verb	to make progress
دلواپسی		noun	worry
زیر		noun	lower part; bottom
دهگان		noun	village settlers or urban dwellers in contrast to nomads
سالم		adj	healthy
دویدن		verb	to run
شرقی		adj	eastern
جار		noun	proclamation, announcement
گاری		noun	cart
چرند		noun	quadruped
ایستگاه		noun	station
انقلابی		adj	revolutionary
شورشی		noun	rebel
کوچولو		adj	tiny; wee; dinky; little
چک		noun	document
دان		noun	grain
چریدن		verb	to graze, to pasture
دارچین		noun	cinnamon
زردچوبه		noun	turmeric
ادویه		noun	spice
نمایش		noun	show, exposition, display, exhibition
گروهی		noun	group
رسانه‌های گروهی		noun	mass media
تخم مرغ		noun	egg, literally chicken egg
دبیرستان		noun	secondary school, high school
تکثیر		noun	reproduction
حکومت قانون		noun	the rule of law
زنبور		noun	bee, hornet, wasp
بوته		noun	bush
عکاسی		noun	photography
رهبری		noun	leadership
مرغ		noun	hen
خشونت خانگی		noun	domestic violence
خانگی		adj	domestic
خشونت		noun	harshness
درد کردن		verb	to ache
چرب		adj	fatty
داداش		noun	brother
کتابدار		noun	librarian
کاروان	کارْوان	noun	caravan
پایتخت	پَایْتَخْت	noun	capital, capital city
پرسش		noun	question
ممنون		adj	grateful, thankful
جهانگرد		noun	tourist
تاجر		noun	merchant, businessman
تابع		noun	follower, dependent
تاب		noun	heat, warmth
داد		noun	justice, equity
جدول		noun	table (as in a matrix or grid of data)
بروت		noun	moustache
جدا کردن		verb	to part
عجان		noun	perineum
بچه قورباغه		noun	tadpole
زیرنویس		noun	subtitle.
خوکچه		noun	piglet
لبن		noun	milk
چرخ		noun	wheel
لعاب		noun	glaze, enamel
بدبخت		adj	unfortunate, unlucky
چشم‌پزشکی		noun	ophthalmology
قایق		noun	boat
قشون		noun	army
قوش		noun	falcon
قیصی		noun	apricot
میانجی		noun	mediator
میانجیگری		noun	mediation
میانجیگری نمودن		verb	to mediate
میانجیگری کردن		verb	to mediate
مین		noun	mine (exploding device)
یراق		noun	galloon, metal lace
چزمه		noun	A type of boot
ابتکار		noun	initiative
سم		noun	poison
ورود		noun	arrival
الهه		noun	goddess
سفید داشتن		verb	to long for someone
کلاه		noun	hat
روشنفکر		adj	enlightened
ریدن		verb	to shit
بادکنک		noun	balloon
ایلی		adj	tribal
فراموش کردن		verb	to forget
هوو		noun	sister-wife
کولی		noun	gypsy
پیمودن		verb	to measure
قریه		noun	village
سوسمار		noun	lizard
خزنده		noun	reptile
طبل		noun	drum
عزاداری		noun	mourning
امپراتور	اِمْپِراتور	noun	emperor
امپراتوری		adj	imperial
مکیدن		verb	to suck
تر		adj	moist, wet
بی‌معنی		adj	meaningless
گیاه		noun	grass
چکیدن		verb	to drip
رنگارنگ		adj	colourful
پارلمان		noun	parliament
کنفرانس		noun	conference
کارمند		noun	office worker, clerk, white-collar worker
بی‌هوش		adj	unconscious
کوچه		noun	alley, lane, kucheh
آشپزی		noun	cookery
سرما خوردن		verb	to catch a cold
سرنا		noun	zurna
چنگ		noun	claws, talon
ویترین		noun	shop window
بهشتی		adj	paradisiacal; of, or relating to, paradise
باقلوا		noun	baklava
نماینده		noun	delegate
دستگاه		noun	machine
زاده		noun	offspring
اتو		noun	clothes iron, flatiron
پاساژ		noun	arcade
مجازات		noun	punishment
هیچ‌کس		pron	no-one
متن		noun	text, document
کرگدن		noun	Indian rhinoceros
کلیشه		noun	cliché
کدام		pron	which
راهنما		noun	guide
تورم	تَوَرُّم	noun	inflation
قیف		noun	funnel
کلیمی		adj	Mosaic
اعلام		noun	announcement, declaration
بازیگر		noun	actor
دیوانگی		noun	madness
نشر کردن		verb	to publish
جنبش	جُنْبِش	noun	movement
موبد		noun	mobad, a Zoroastrian priest
دروغ		noun	lie
لنگرگاه		noun	harbour
عکاس	عَکّاس	noun	photographer
خاکستر		noun	ash, cinders
شقایق		noun	poppy, wild poppy, field poppy
لنگر		noun	anchor
شمسی		adj	solar
قمری		adj	lunar
درگذشتن		verb	to pass away
درمان		noun	remedy, cure
درمان کردن		verb	to remedy
زادگاه		noun	birthplace, hometown
پسوند		noun	suffix
حفظ کردن		verb	to memorize
مترادف		noun	synonym
مشابه		adj	similar
معرفی کردن		verb	to introduce
اجرا کردن		verb	to carry out; to execute; to enforce
مأمور		noun	official, officer, delegate, functionary, agent
مأموریت		noun	order
کاملا	کاملاً	adv	perfectly
لایه		noun	layer
افسون		noun	incantation
جزء		noun	part, piece
پیشنهاد		noun	suggestion, proposal
نفس		noun	breath
ثور		noun	bull
آخ		intj	ouch
سرفه کردن		verb	to cough
دنده		noun	rib
بمباران		noun	bombing
یازده		num	eleven
کم‌کم	کَمکَم	adv	gradually, little by little
حقوق بشر	حُقوقِ بَشَر	noun	human rights
بشر	بَشَر	noun	human
دیدبان		noun	observer, watchman, look-out
خاویار		noun	caviar
چرا		adv	why
کاه		noun	chaff
لیگ		noun	league (football etc.)
کارد		noun	knife
پاپیون		noun	bow tie
ترشی		noun	sourness
ویژه		adj	special
اینترنت		noun	the Internet
مطبوعات		noun	the press
ژورنالیست	ژورْنالیسْت	noun	journalist
آنجا		adv	there
ظهور کردن		verb	to appear
بعد از		prep	after
بعدا	بعداً	adv	afterwards, later
عصر	عَصْر	noun	afternoon
قبلا	قبلاً	adv	previously, beforehand
همشیره		noun	sister
هماهنگ		adj	harmonious
همدردی		noun	sympathy
ناگاه		adv	suddenly
زود		adj	early
یاوری		noun	assistance
حاکم		adj	ruling; governing
عود		noun	incense
تماشا کردن	تَماشا کَردَن	verb	to see
زیبایی		noun	beauty
شیش‌کباب		noun	shish kebab
جیوه		noun	mercury; quicksilver (metal)
ژاژومک		noun	pulse, French bean
ژاله باریدن		verb	to hail
باریدن		verb	to rain
باران باریدن		verb	to rain
برف باریدن		verb	to snow
اشک باریدن		verb	to cry, weep
ژاندرم		noun	policeman
ژاویدن		verb	to ruminate
ژرفا		noun	depth
ژکفر		adj	patient
ژکفری		noun	patience
ژم		noun	midwife
اعنی	اَعنی	adv	that is to say, namely
اغتشاش		noun	disturbance
افراشتن		verb	to raise, to elevate, to lift, to exalt, to erect
افراختن		verb	to raise, to elevate
آفتابه		noun	ewer, ibrik
افزودن		verb	to increase; to add
افسوس خوردن		verb	to regret
غصه خوردن		verb	to be sad
ایستادن		verb	to stand up
عبد	عَبْد	noun	slave
لور		noun	whey cheese, a dairy product made of whey
دخت		noun	daughter
خوهر		noun	sister
لرزه		noun	shivering
ارادت		noun	devotion
ضخیم		adj	thick (of size or a layer, relatively large)
خزه		noun	moss
نارنگ		noun	bitter orange
پاییدن		verb	to protect, guard
پزیدن		verb	to cook
پاشنا		noun	the heel
دز		noun	dose (quantity)
هشت		num	eight
ارن		noun	the elbow, the arm
فال گرفتن		verb	to divine the future
افتادن	اُفتادَن	verb	to fall
نجاست		noun	filth
نجس		adj	unclean
نبردناو		noun	battle cruiser
نبرد		noun	battle, fight, combat
جواب دادن		verb	to answer, to reply
پارس		noun	a pard
بابک		noun	a little father
نوا		noun	The name of a mode (دستگاه (dastgâh)) in Persian classical music.
هذر		noun	otter; beaver
روزگار		noun	time
لب گرفتن		verb	to kiss, to make out
آشتی		noun	reconciliation
احتمالا		adv	probably
پیشگیر		noun	towel
آذربایجانی		adj	Azerbaijani, Azeri
آذری		adj	Azerbaijani, Azeri
سرب		noun	lead (chemical element)
کول		noun	ditch
زه		noun	string (of a musical stringed instrument)
اشنان		noun	saltwort
مات		adj	amazed
غربال		noun	sieve, riddle, cribble, strainer, sifter
فرج		noun	vagina, vulva
شبح		noun	figure seen from a distance; silhouette
مهشید		noun	the moon
بوس کردن		verb	to kiss
روزمه		noun	date
شناسنامه		noun	ID card
فقاع		noun	beer
دانشنامه		noun	encyclopedia
فرهنگنامه		noun	dictionary
خرید کردن		verb	to shop
امضاء کردن		verb	to sign
امضاء		noun	signature
دختری		noun	girlhood
گوش کردن		verb	to listen
سلام کردن		verb	to greet
خاک‌انداز		noun	dustpan, shovel
بزودی		adv	shortly,
کوتاهی		noun	shortness (in time and space); brevity
چروک شدن		verb	to wrinkle
چروک		noun	wrinkle
موس		noun	buttocks
آسیایی		adj	Asian, Asiatic
بیرق		noun	flag
خم		adj	bent, crooked, curved
آزمایشگاه	آزمایِشگاه	noun	laboratory
گلچه		noun	floret
اتو کردن		verb	to iron
قدردانی		noun	appreciation
نرده		noun	palisade
کامیون	کامِیون	noun	truck
غلط بودن		verb	to be wrong
بین نژادهای مختلف		adj	interracial
قبه		noun	dome, cupola, vault
دستره		noun	handsaw
دست اره		noun	handsaw
دستارسر		noun	turban
گلپر		noun	golpar, Persian hogweed (Heracleum persicum) (the seeds, leaves and stalks are used in Persian cooking)
قرص		adj	firm, solid
نینتندو		noun	Nintendo
شوکولات		noun	chocolate
وحشی		adj	wild
حلوا		noun	halva
نذر		noun	oblation, vow to God
با		prep	with (someone)
عشق‌بازی		noun	foreplay
طولانی		adv	long
بلوچی		adj	Balochi
جوراب		noun	sock
به‌به		intj	bravo, well done
مومیا		noun	shilajit, mumijo
مناقشه		noun	dispute, quarrel
آبدست		noun	abdest, wudu
سیخ خوردن		verb	to eat cock, to suck cock, to give head
تکمه		noun	button
دگمه		noun	button
پاپوش		noun	slipper, babouche
جمجمه		noun	skull
سرخوش		adj	happy
تنبل		adj	lazy
ها		intj	yeah, yes
پوشک		noun	nappy, diaper
نی‌نی		noun	baby
نبی		noun	prophet
ختنه زنان		noun	female circumcision
پولدار		adj	rich, well-off, wealthy (possessing much money)
دانلود کردن		verb	to download
الفبا		noun	alphabet
گلبرگ		noun	petal, rose petal
سخنگو	سُخَنگو	noun	spokesperson, spokesman, spokeswoman
دیشب		adv	last night
روسپی		noun	prostitute, harlot, whore, courtesan
روسپی‌گری		noun	prostitution
لیوان		noun	یک لیوان شیر میخواهید؟ (more literary)
yek livân šir mi-xâhid?یه لیوان شیر میخواین؟ (more colloquial)
ye livân šir mi-xâ
نوزاد		noun	newborn
نیروگاه		noun	power station, power plant
بالا		adv	up, upwards
آلودن	آلودَن	verb	to contaminate, to pollute
تلفن همراه	تِلِفُنِ هَمْراه	noun	mobile, mobile phone
همراه		noun	companion, fellow traveller
کونی		noun	faggot
سیستم		noun	system
مناره		noun	minaret
پشه		noun	mosquito
آخوند		noun	A mullah or akhund, specifically a cleric of the Usuli Shia school.
میمون		noun	monkey, ape
پستاندار		noun	mammal
فندک	فَنْدَک	noun	lighter (fire-making device)
مهبانگ	مِهبانگ	noun	Big Bang (the theory)
آلبوم		noun	album
تبر		noun	hatchet, axe, mattock
عکس گرفتن	عَکس گِرِفتَن	verb	to take a photograph
رژیم گرفتن		verb	to go on a diet
دوش گرفتن		verb	to take a bath or shower
تصمیم گرفتن		verb	to make a decision
کوفته		adj	beaten
مثبت		adj	positive; good
بادام زمینی		noun	peanut
کاربر		noun	user (someone who uses something)
زبان مادری		noun	mother tongue, native language
خطر		noun	danger
گربه ایرانی	گُرْبِهٔ ایرانی	noun	Persian cat
رقصیدن		verb	to dance
سکر		noun	drunkenness
مستی		noun	drunkenness
برگشت		noun	return
برگشتن		verb	to return, to come back
دژخیم		adj	malignant
بافتن	بافتَن	verb	to weave
جبر		noun	force, compulsion
خلاق		adj	creative
سخنرانی		noun	speech
رعد		noun	thunder
جبار		adj	unmerciful
جابر		adj	despotic
جنین		noun	embryo, foetus
فقیه		noun	jurist and theologian, expert in Islamic jurisprudence.
کرست		noun	bra
سوتین		noun	bra
شورت		noun	knickers, pants
دود		noun	smoke
جمهوری‌خواه		noun	Republican (US part member)
گل سرخ		noun	rose
جانماز		noun	prayer rug, prayer mat
دربان		noun	porter, doorkeeper
کشتگی		noun	murder
وجدان		noun	conscience
خاکروبه		noun	rubbish
رأی		noun	opinion, view
کون‌گشاد		noun	lazy ass
اصلاح‌طلبان		noun	reformists, plural of اصلاحطلب
اصول‌گرایان		noun	fundamentalists, plural form of اصولگرا.
اصلاح‌طلب		noun	reformist
اصول‌گرا		noun	fundamentalist
باحال		adj	cool (interesting)
ورع		noun	pious abstinence; self-abnegation
عراف		noun	diviner, fortuneteller
سود		noun	profit; gain; benefit; advantage
گواهی‌نامه	گُواهینامِه	noun	certificate
گواهی‌نامه رانندگی	گُواهینامِهٔ رانَنْدِگی	noun	driver's license (US), driving licence (UK), driver's licence (Aus, Canada, New Zealand)
بالگرد		noun	helicopter
هلی‌کوپتر		noun	helicopter
همکار		noun	colleague
دستور زبان		noun	grammar
حاجی فیروز		noun	Hajji Firuz, a traditional character of Nowruz who heralds the New Year with song, dance and music-making; he wears a re
نکته		noun	point (to be mentioned)
دنبلان		noun	sheep's testicles, cow's testicles eaten sliced and fried in Iran.
لوستر		noun	chandelier
شنبلیله		noun	fenugreek
بی‌وفا		adj	traitorous
خریدن		verb	to buy; to purchase
تنگه		noun	strait
مچ پا		noun	ankle
میهن‌پرست		noun	patriot
میهن‌پرستی		noun	patriotism
گشاد	گُشاد	adj	wide
فرار		noun	escape
فرار مغزها		noun	brain drain
قیچی		noun	scissors
استفاده		noun	use
کشیدن	کَشیدَن	verb	to pull, to drag, to haul
نفس کشیدن		verb	to breathe, draw breath
سیگار کشیدن		verb	to smoke (cigarettes)
کیسه		noun	sack
کیسه هوا		noun	airbag
پیش‌بینی		noun	forecast
بهره		noun	interest
تبریک		noun	congratulation
کیلومتر		noun	kilometre, kilometer
بین‌المللی		adj	international
خستگی	خَستِگی	noun	tiredness
میان		noun	middle
حیله		noun	deception, fraud; trick; trickery
تمدن		noun	civilisation
پس‌فردا		noun	the day after tomorrow
پریروز		adv	the day before yesterday
مجازات مرگ		noun	death penalty
خاطرات		noun	broken plural of خاطره (xātira /xâtere)
کمیته		noun	committee
قلیان		noun	calean, hookah, narghile
بیمه		noun	insurance
آموزگار		noun	teacher
چمدان		noun	suitcase
خلبان		noun	pilot; aviator
صلح		noun	peace; conciliation
مسابقه		noun	competition; match; contest
آرنج		noun	elbow
کیلو		noun	kilo
آدامس		noun	chewing gum
نرم نرمک		adv	softly, softly
پیچ		noun	screw
پیچ‌گوشتی		noun	screwdriver
رگ		noun	blood vessel; arteries, capillaries or veins.
مواظب	مُواظِب	adj	careful, attentive
پیچک		noun	ivy
رنگین		adj	coloured, colored
ریمل		noun	mascara
قصد		noun	intention, desire, objective
عزر		noun	censuring
قس		noun	pussy, cunt, fanny
قر		noun	twerk, twerking; gyrating one's hips (used for both men and women)
میهن		noun	homeland, native country
پسرک		noun	little boy, lad
گیتی		noun	The Universe
ویژگی	ویژِگی	noun	trait
تره‌فرنگی		noun	leek
شهسوار		noun	knight
تبریک گفتن		verb	to congratulate
خسیس		noun	miser
بی‌رنگ		adj	colourless
سپیده		noun	dawn, first light
کانال		noun	canal (waterway used for transportation of vessels)
آب‌راه		noun	canal (waterway used for transportation of vessels)
بربط		noun	barbat (a type of lute)
لوت		noun	lute
آزاد کردن		verb	to set free
پذیرفتن	پَذیرُفتَن	verb	to accept, to agree with, to embrace
اسلام‌گرا	اِسلامگَرا	noun	Islamist
اسلام‌گرایی		noun	Islamism
فمینیسم		noun	feminism
شهردار		noun	mayor
اعتراض کردن		verb	to protest
مستضعفان		noun	the oppressed, the poor and needy; plural of مستضعف
جانبازان		noun	disabled war veterans of the Iran-Iraq War; plural of جانباز
جانباز		noun	one who would offer up their life
صورت گرفتن		verb	to take place
جوجه		noun	chick (baby bird)
آسمان‌خراش		noun	skyscraper (tall building)
چانه		noun	chin
جناب عالی		pron	you
جاده		noun	road (between towns or areas); thoroughfare
باقلا		noun	broad bean, fava bean (Vicia faba)
شپش		noun	louse
چرخیدن		verb	to rotate, turn, revolve, spin (to move around an axis)
راستگو		adj	truthful
جمع		noun	crowd
سکوت		noun	silence
بنگاه		noun	institute, institution
شغال		noun	jackal
ماهیچه		noun	muscle
عضله		noun	muscle
رودخانه		noun	river
پیشی		noun	precedence
هرتز		noun	hertz
فنر		noun	lantern
قرينة		noun	context
ماژیک		noun	marker, marker pen
آزادی بیان		noun	freedom of speech
آلش		noun	beech (tree of genus Fagus)
ممرز		noun	hornbeam
باور کردن	باوَر کَرْدَن	verb	to believe
بنیان‌گذار		noun	founder
نفرین		noun	curse
امسال		adv	this year
پیازچه		noun	spring onion
تئاتر	تِئاتر	noun	theatre (a collaborative form of performing art)
سقط جنین		noun	abortion
گذرنامه		noun	passport
چرت و پرت		noun	nonsense
جریمه		noun	fine
مک		noun	sucking, suction, intake
استفاده کردن		verb	to use
کاسه		noun	bowl
باستانی		adj	ancient
مزد		noun	wage, pay
رویا		adj	growing
بی‌خوابی		noun	insomnia
گل‌فروش		noun	florist
گل‌فروشی		noun	flower shop
هفت‌سین		noun	Haft Sin, or the Seven S's; the seven items beginning with the letter sin س which are symbolically arranged on a sofreh 
سمنو		noun	samanu (a kind of wheat pudding)
آتش‌بس		noun	ceasefire
ارتش		noun	army
نیرومند		adj	strong
خونین		adj	bloody
راکت	راکِت	noun	rocket
شرق		noun	the east
نژادپرستی		noun	racism
نژادپرست		noun	racist
پاسخ		noun	answer, reply
تاریخدان		noun	historian
یهودستیزی		noun	anti-Semitism
نژادی	نِژادی	adj	racial
پادکست		noun	podcast
شمشیربازی		noun	fencing
سرنوشت		noun	destiny; fate
لذت بردن	لِذَّت بُردَن	verb	to take pleasure, to enjoy
اهانت		noun	insolence
کمانچه		noun	kamancheh
صفحه‌کلید		noun	keyboard
دیکته		noun	dictation
شیر آب		noun	tap, faucet
بلور		noun	crystal
چوب		noun	wood
بیم		noun	fear
کارشناس		noun	expert
شورا		noun	council
اوج		noun	acme
اندوه		noun	sorrow, sadness, melancholy
صندوقدار		noun	cashier
آتش‌بازی		noun	fireworks
پاتیناژ		noun	ice skating
نارنجک		noun	grenade
نارنج		noun	Seville orange, bitter orange, Citrus aurantium
کمربند		noun	belt
مروارید		noun	pearl, margarite
دخترک		noun	little girl
هرم		noun	pyramid
مفصل		noun	skeletal joint
کتاب‌فروشی		noun	bookshop
آلت		noun	tool, instrument, apparatus, utensil
هجرت		noun	Hegira, Hijra
سوت		noun	whistle
قدح	قَدَح	noun	goblet; cup
عکسی		adj	pictographic
گون		noun	colour
قاپو		noun	gate
سرای		noun	hall
ایجاد		noun	creation
عزیمت		noun	departure, heading off
وعظ		noun	sermon
حرص		noun	greed
کاهن		noun	fortuneteller
کهنه		adj	old, used
چکش	چَکُش	noun	hammer
خصومت		noun	hostility, enmity
خصمانه		adj	hostile; (adverbially) hostilely
طرب		noun	joy, mirth, cheerfulness
اسلاو		noun	Slav
عبرت		noun	lesson
نورانی		adj	luminous, lighting, glittering
جاودان		adj	eternal, everlasting, self-perpetuating, sempiternal living, immortal
حریف		noun	rival, opponent; match
خوی		noun	sweat
هم‌جنس‌گرایی		noun	homosexuality
دگرجنس‌گرایی		noun	heterosexuality
وقع		noun	regard, consideration
بندری		adj	of, or relating to, a port or harbour
نمایه		noun	index (alphabetical list)
غزال		noun	gazelle
تهدید		noun	threat
مساحت	مَساحَت	noun	area
المزده		adj	heartbroken
گنه		noun	crime
لرزان		adj	trembling
پگاه		noun	dawn
دلم		noun	pimple
بخاطر		prep	for the sake of, because of, by virtue of
خاطب		noun	preacher
آستانه		noun	threshold
تندپز		noun	microwave oven
چشم براه		adj	expectant, waiting (for something)
فرد		noun	individual
کنجکاو		adj	curious, inquisitive
فروهر		noun	faravahar, fravashi (Zoroastrian and Iranian symbol)
باری		adj	relating to cargo or cargo transport
مرید		adj	stubborn, perverse, unruly, disobedient, obstinate
کوبیده		adj	pounded
قرمه		noun	preserved meat
فر		noun	splendour, splendor
سیلی		noun	slap (in the face)
سقف		noun	ceiling, roof
جدر		noun	a yearling camel
آشغال		noun	garbage (any leftover waste or scraps)
خرج	خَرْج	noun	expense; expenditure; cost
وش		noun	boll
چرت		noun	nonsense
اسطرلاب		noun	astrolabe, an astronomical and navigational instrument for gauging the altitude of the Sun and stars
مرمر		noun	marble (stone)
مژده		noun	good news; joyful tidings
دهه		noun	decade
عبارت		noun	phrase (short written or spoken expression)
گنگ		noun	mute (a person unable to speak)
روباه		noun	fox
بردار		noun	vector
مشتق		adj	derived
انتگرال		noun	integral
ضرب		noun	tap; blow, stroke
ضرب داخلی		noun	scalar product, dot product
توان		noun	power, stamina
ضرب اسکالر		noun	scalar product
درباره		prep	من دنبال کتابی درباره شعر فارسی میگردم.
man donbâl-e ketâb-i dar-bâre-ye še'r-e fârsi mi-gardam.
I'm looking for a book 
خندیدن		verb	to laugh
گزیدن		verb	to bite
پای		noun	pie
سبزه		noun	grass
بیشه		noun	forest, wood, jungle
لفت		noun	lift (UK), elevator (US)
فرس		noun	horse
بعضی	بَعضی	pron	some
بشکن		noun	snapping (one's fingers)
بشگن		verb	snapping (one's fingers)
ماشاءالله		intj	mashallah; what God wills.
ارغمچین		noun	rope
نهر		noun	brook; creek; stream
مخ		noun	palm, palm tree
آماده		adj	ready
ظن		noun	opinion; thought; view
غوک		noun	frog
رفق		noun	friendliness
تجمع		noun	coming together, assembling, gathering (act of coming together)
حتی	حَتّی	adv	even (to such a degree)
ابجد		noun	abjad
عدو		noun	enemy, foe
احمر		adj	red
بوراب		noun	storm
بام		noun	roof
دعا کردن		verb	to pray
کفتر		noun	pigeon, dove
دخترباز		noun	womanizer
هست		verb	there is, there are
ژئولوژی		noun	geology
ژئوفیزیک		noun	geophysics
مسافرت		noun	trip, journey
ژئوپلیتیک		noun	geopolitics
نهج		noun	manner
نوک		noun	beak, bill (of bird)
کنار		noun	side
قطع		noun	cut, cutting, severing
انتقاد		noun	criticism
فروغ		noun	brightness, lustre
خلال		noun	zest (and other thinly sliced nuts or fruit skin)
زاغ		noun	rook (bird)
سرآشپز		noun	head cook
چلچله		noun	martin, swallow (bird)
خاده		noun	pole
خاج		noun	club (♣)
ازخ		noun	rotten and empty nut
چپر		noun	circle, ring
چاپار		noun	post, mail
درگر		noun	carpenter
باژ		noun	tribute, toll, duty, revenue, tax, impost
باژبان		noun	a revenue collector
باژدار		noun	a revenue collector
زیجک		noun	food made from animal intestines, sausages
خاگینه		noun	a kind of scrambled egg
شناختن	شِناخْتَن	verb	to know, to be acquainted with
افراشتگی		noun	exaltation
جانه		noun	vital spirit
جناس		noun	pun, play on words, wordplay
جاود		adj	eternal, perpetual
روانی		noun	course
شوی		noun	husband
زنخ		noun	chin
مجله		noun	magazine
کوفتن		verb	to break, bruise, knock, strike, smite, beat, thrash, shake, trample under foot, tread upon
نای		noun	reed
سزیدن		verb	to be worthy
پیراستن		verb	to adorn, decorate, ornament, embellish (especially by cutting, clipping, or taking away)
تحت		prep	under
باختن		verb	to lose (a game); to be defeated, to be bested
دلبند		adj	beloved
کوره		noun	forge, furnace
معرفت		noun	knowledge, learning
نعلبند		noun	farrier
افق رویداد		noun	event horizon
تعلم		noun	learning
زبان صوری		noun	formal language
طبق معمول		adv	as usual
عدد صحیح		noun	integer
رقم		noun	character, letter
مخرج		noun	denominator
چادر شب		noun	bedsheet
فقر		noun	poverty
عجانی		adj	perineal
قابل تردید		adj	questionable, doubtful, disputable
سرعت گری		noun	escape velocity
قهوه‌خانه		noun	coffeehouse
چایخانه		noun	teahouse
همایون		adj	blessed, sacred, fortunate
تفاوت		noun	difference
گلوله		noun	bullet
سیاه‌چاله فضایی		noun	black hole
روادید		noun	visa (permit)
خرچنگ		noun	crab (crustacean)
دستگیر کردن		verb	to arrest (to seize someone with the authority of the law)
گورخر		noun	zebra
گرایش جنسی		noun	sexual orientation
گرایش		noun	inclination
تمایل جنسی		noun	sexual orientation
تمایل		noun	inclination, tendency, propensity, bias, disposition
آبادان		noun	cultivated or inhabited place
رجولیت		noun	virility, manhood
کلانتر		noun	sheriff (all meanings)
مادری		adj	maternal; motherly
پیش‌انداز		noun	napkin, serviette
غو		noun	cry, clamor, thunder
کنسرت	کُنْسِرْت	noun	concert
باتلاق		noun	swamp, marsh
زبل		adj	quick-witted
تفرق		noun	dispersion
تفاضل		noun	difference
کتف		noun	shoulder blade
تفاهم		noun	mutual understanding
انزال		noun	ejaculation
آخیز		noun	cement
انزال کردن		verb	to ejaculate (in orgasm)
انباشتن		verb	to fill up
گشتن		verb	to rotate, turn, revolve, spin (to move around an axis)
گردیدن		verb	to rotate, turn, revolve, spin (to move around an axis)
دروند		adj	sinful, wicked
غر		noun	whore, prostitute
خور		noun	sun
بود		noun	being, dasein, existence
شمردن		verb	to count
گندیدن		verb	to rot, decay, go bad, spoil
انداختن		verb	to throw, to eject, to cast
انجامیدن		verb	to end
ارزیدن		verb	to cost
افروختن		verb	to kindle
ورزیدن		verb	to exercise
مقدماتی	مُقَدَّماتی	adj	elementary
غوغا		noun	noise
لاس		noun	flirting
لس		adj	lazy
لوند		adj	coquettish, flirtatious
غوره		adj	unripe, green (of grapes, dates, olives)
پوهنتون		noun	university
سولیتون		noun	soliton
بوی		noun	smell, scent
کتل		noun	hillock
داده‌ها		noun	data
پایگاه داده‌ها	پایْگاهِ دادِهها	noun	database
مدیریت داده‌ها		noun	data management
زبان‌شناسی محاسباتی		noun	computational linguistics
اطلاع‌رسانی		noun	information science
مخمر		noun	yeast (fungus)
زمین‌لرزه		noun	earthquake
زلزله‌شناسی		noun	seismology
سونامی		noun	tsunami
مفعول		noun	object
شکست دادن		verb	to defeat; to beat
پس‌لرزه		noun	aftershock
سنجد		noun	jujube (tree or fruit)
منگوش		noun	earring
مقعد		noun	anus
پوشش		noun	cover (lid)
گوشه		noun	corner
خدای		noun	lord, patron, master, owner
هیچ‌وقت		adv	ever
ورقه		noun	sheet (piece of paper)
بوره		noun	borax
پنبه		noun	cotton
منطق		noun	logic, dialectics
علم منطق		noun	logic
راست کردن		verb	to straighten
هیدرولوژی		noun	hydrology
ابرک		noun	little cloud
گمارا		noun	a fold for cattle
زمان		noun	time, epoch, period, age, season (a broad time period; not the precise time on a clock)
برز		noun	sown field
خاژغان		noun	kettle
گذشتن	گُذَشتَن	verb	to pass, to pass away (especially of time)
اومانیسم		noun	humanism (ethical system)
بیولوژی دریا		noun	marine biology
گرزه	گُرزه	noun	large wooden club; mace
تیلا		noun	rope
تف		noun	spittle, spit
وشم		noun	steam
ریاضیات		noun	mathematics
چاش		noun	lunch
سان		noun	kind, manner
تفت		noun	heat, warmth
تیلماچی		noun	interpreter
ترول		noun	troll
تجدید نظر کردن		verb	to revise
تربز		noun	watermelon
ویرایش		noun	edit, revision (a change to the text of a document)
چکاد		noun	top, crown of the head
برخاستن		verb	to stand, to get up (to rise to one's feet)
کین		noun	hatred, enmity, rancour, malice; revenge
سفارش دادن		verb	To order (to request some product or service)
آشفتن		verb	to agitate
ارزش		noun	value, worth
همدستی در جرم		noun	complicity
همدستی		noun	collaboration
همدستی کردن		verb	to abet
تنجیدن		verb	to strain
مجوز		noun	license, permission
پاراو		noun	old woman
هزاردستان		noun	nightingale
گوازه		noun	ox-goad
گاوزنه		noun	ox-goad
گرزمان		noun	the highest heaven; heaven
دژند		adj	acid, tart
دژن		adj	hot, spicy
یاتاق		noun	bed
هیدرات		noun	hydrate
خائن		noun	traitor
خوان		noun	table or large tray particularly such one as is fit for dining
دبیر		noun	high school teacher
ریدک		noun	beardless youth
شبان		noun	at night
پیکر		noun	face, countenance
انبارده		adj	filled, full, replete
انباردن		verb	to fill
تکیدن		verb	to attack; to raid
دستیار		noun	assistant, helper
کپی		noun	copy (both the activity and the result)
شبی		adj	nocturnal, belonging to the night
پازو		noun	beet, beetroot
زالو		noun	leech
شارستان		noun	city
داور		noun	referee, ref
ارس		noun	tear
زروک		noun	leech
ساگوارو		noun	saguaro
هنگام		noun	moment, time, event
دشنه		noun	dagger, poniard
رتیل		noun	tarantula
کارگیر		noun	a solid structure of stone
خلاص		adj	free, liberated
ورق		noun	leaf (of a tree or book)
درب		noun	gate
آبگینه		noun	glass (substance)
شل		adj	soft, limp
محاسبه		noun	computation, calculation
کاشتن		verb	to sow
آنان		pron	they, those people (specifically of humans)
شرمنده		adj	ashamed
باید		verb	Expresses an obligation or confident conjecture, equivalent to English must, have to, should, ought, etc.
دنیدن		verb	to walk with pomposity
فوق‌العاده		adj	extraordinary, out of the ordinary
حرکت	حَرَکَت	noun	motion
یاخته		noun	cell
گوینده		noun	speaker
آمیخته		adj	compound
درمانگاه	دَرْمانْگاه	noun	clinic
ورز		noun	gain, profit, acquisition
خزان		noun	autumn
بیور		noun	myriad, ten thousand
بازگشت		noun	return (act of returning)
برداشتن	بَرْداشتَن	verb	to pick up
تمیز کردن		verb	to clean
بایستن		verb	to be necessary; must, ought
بریدن		verb	to cut
هفده		num	seventeen
طلب کردن		verb	to request
آنچه		pron	what; used for the heads of relative clauses when it is not a human.
دزدیدن		verb	to steal
پانصد		num	five hundred
هنجار		noun	norm, convention
نجومی		adj	astronomical (relating to astronomy)
دس خوش		intj	well done; good job; bravo
قنطار		noun	kantar
سرسرا		noun	entry, entrance hall, foyer, hall, vestibule (room just inside the front door of a building)
ماشین حساب	ماشینِ حِساب	noun	calculator
نظریه اطلاعات		noun	information theory
چنین		adj	such as this
شکیبائی		noun	patience
کجا	کُجا	adv	where
پس		conj	then; so; therefore
توانستن		verb	to be able; can
برای		prep	for
دنبال		noun	rear; behind
جلو		noun	front
پرکار	پُرکار	adj	hard-working, prolific
باهوش		adj	intelligent; smart
قدیمی	قَدیمی	adj	old, ancient, not new, having existed for a long time (not of age; see also پیر (pir))
ژئودزی		noun	geodesy
جدی		adj	serious
نگاه کردن		verb	to look, to watch
تهی		adj	empty (devoid of content)
رونوشت		noun	copy (result of copying; an identical duplication)
پیژامه		noun	pyjamas (clothes for wearing to bed and sleeping in)
معادله		noun	equation (assertion)
توله		noun	whelp
توله‌خر		noun	foal of a donkey
نردبان		noun	ladder (climbing tool)
باردار		adj	pregnant
سیم		noun	wire
ژیرش		noun	action
دونسن		verb	to know (something)
دونستن		verb	to know (something)
نشستن		verb	to sit down, to sit, to take a seat
بیشتر		adj	more
سرچشمه		noun	root, source
آکندن		verb	To fill (to make full)
ایسلندی		adj	Icelandic
گشودن		verb	to open
چیدن		verb	to gather, to arrange, to lay out
پدرزن		noun	father-in-law (wife's father)
پدرشوهر		noun	father-in-law (husband's father)
پسرخاله		noun	cousin (maternal aunt's son)
پسردائی		noun	cousin (maternal uncle's son)
پسرعمو		noun	cousin (paternal uncle's son)
پسرعمه		noun	cousin (paternal aunt's son)
دخترخاله		noun	cousin (maternal aunt's daughter)
دختردائی		noun	cousin (maternal uncle's daughter)
دخترعمو		noun	cousin (paternal uncle's daughter)
دخترعمه		noun	cousin (paternal aunt's daughter)
مادرزن		noun	mother-in-law (wife's mother)
مادرشوهر		noun	mother-in-law (husband's mother)
صامت		noun	consonant
ناپدری		noun	stepfather
نامادری		noun	stepmother
گذاشتن		verb	to let, to permit, to allow (takes the subjunctive)
تنفس		noun	breathing
گالش		noun	galosh
مبتدی		noun	beginner (someone who just recently started)
تازه‌کار		noun	beginner (someone who just recently started)
دراییدن		verb	To speak, say, chatter, babble
درودن		verb	to reap, to mow, to harvest
برق انداز		noun	A musketeer, as posted in Mughal administration in India.
نگریستن		verb	to look
شوروی		noun	Soviet
سپنج		noun	guesthouse, inn
گام زدن		verb	to walk (move on the feet)
نسک		noun	One of the five parts (books) of the Avesta
آشامیدن		verb	to drink
مقاله		noun	article (story, report, opinion piece, academic, etc.)
آباژور		noun	lampshade
دانایی		noun	wisdom
دیوان		noun	divan (collection of poems)
خوردی		noun	broth, juicy meats
عروسی		noun	wedding (marriage ceremony)
باک		noun	dread, fear
دمر		adj	lying flat; prone, prostrate
پوست ختنه‌گاه		noun	prepuce
ختنه‌گاه		noun	glans penis
شریک		noun	partner, associate
پوزخند		noun	grin, sneer
خندق		noun	moat
کتابی		adj	belonging to or related to a book
سودمند		adj	useful; beneficial; profitable
مفید		adj	useful
جهد		noun	struggle, effort, exertion
خورشیدی		adj	solar
باد خورشیدی		noun	solar wind
باد ستاره‌ای		noun	stellar wind
ستاره‌ای		adj	stellar
وضوح		noun	clarity
فیلترشکن		noun	filter-break (software that enables an Internet user to gain access to filtered, or blocked, webpages.)
کایوت		noun	coyote
کایوتی		noun	coyote
خنده		noun	laughing; a laugh; laughter
آمبولانس		noun	ambulance (emergency vehicle)
کثیف		adj	dirty, unclean
گرفت		noun	eclipse
آزردن		verb	to annoy, to torment
بی‌جنس‌گرایی		noun	asexuality
دوجنس‌گرایی		noun	bisexuality
عروس		noun	bride
حرف اضافه		noun	preposition
آویختن	آویختَن	verb	to hang, to suspend
وزیدن		verb	to blow, to bluster
نهفتن		verb	to hide; to conceal
نواختن		verb	to caress; to fondle
گریختن		verb	to flee
گداختن		verb	to melt; to turn to liquid; to thaw
فهماندن		verb	to explain, to make understood, to make clear
فهموندن		verb	to explain, to make understand
فریفتن		verb	to deceive
ستدن		verb	to take; to get, receive, obtain
خشکاندن		verb	to dry
خشکوندن		verb	to dry
جویدن		verb	to chew; to gnaw
آشنا شدن		verb	to become acquainted, to become familiar, to get to know
آغاز کردن		verb	to begin, to start
کوچک شدن		verb	to shrink, to become small
یاد رفتن		verb	to forget
توضیح دادن		verb	to explain
شق		noun	alternative (one of two possibilities)
نعوظ		noun	erection
ژرفی		noun	depth
واحد نجومی		noun	astronomical unit
بزرگ‌تر		noun	older family member
رشت		adj	bright
وبگاه	وِبگاه	noun	website
ژولیدن		verb	to become disheveled, to become chaotic, to become messy
راست گفتن		verb	to tell the truth, to be truthful
شکایت کردن		verb	to complain
شناسایی کردن		verb	to identify
ستنبه		adj	strong, robust, powerful, bold
فرمیون		noun	fermion
کیلوگرم		noun	kilogram, kilogramme
گلئون		noun	gluon
کوارک سر		noun	top quark
کوارک ته		noun	bottom quark
کوارک مفتون		noun	charm quark
کوارک شگفت		noun	strange quark
کوارک پایین		noun	down quark
کوارک بالا		noun	up quark
شدنی	شُدَنی	adj	feasible, practicable, doable, possible
بلد بودن		verb	to know; to know how
برهنگی		noun	nudity, nakedness
سپردن	سِپَردن	verb	to traverse, to pass
به خاطر سپردن		verb	to commit to memory; to learn by heart
به فراموشی سپردن		verb	to forget
دروغ بافتن		verb	to lie, to spread falsehood
گزاف گفتن		verb	to exaggerate
گزاف	گَزاف	adj	extravagant, excessive, exorbitant
حشری شدن		verb	to get horny, to become sexually aroused
مجازات کردن		verb	to punish
مداخله کردن		verb	to interfere, to intrude, to meddle
طیف		noun	spectrum
دیسک		noun	disc
سیل		noun	flood
مرغ مگس‌خوار		noun	hummingbird
همبرگر		noun	hamburger
چیزبرگر		noun	cheeseburger
تمشک		noun	raspberry
احتیاج داشتن		verb	to need
آمریکایی		noun	American
تاجیکی		adj	Tajik
خاطره		noun	reminiscence, remembrance, memory
پورنوگرافی		noun	pornography
بهبود		noun	improvement, recovery
فاسق		adj	haram
ترخان		adj	free, exempted from tribute or taxes, not amenable to punishment
کارواژه		noun	verb
نیام		noun	sheath, scabbard
طوارق		noun	Tuareg
ترغای		noun	sparrow
چرک		noun	bread
چرکچی		noun	baker
یرکلی		adj	brave
تمر		noun	iron
تاغ		noun	Haloxylon shrub
جارچی		noun	crier
آرپا		noun	barley
ارخا		noun	back
اروق		noun	apricot
برک		noun	hat
بیدادی		noun	injustice, lawlessness, tyranny
آمیختن		verb	to mix, mingle
نشیمن		noun	living room
پذیرائی		noun	living room
روحی		adj	spiritual
روان‌شناسی		noun	psychology
بالو		noun	cherry
امان		noun	safety, security
خبره		noun	expert
انفورماتیک		noun	computer science
مجازی		adj	virtual, online
موفق باشی		intj	good luck
موفق باشید		intj	good luck
کلک		noun	trick
سنجاقک		noun	dragonfly
فرق		noun	difference
لس‌آنجلس		noun	Los Angeles (a large city in California, United States)
ق.ظ		adv	before noon (used after a time to indicate it is between midnight and noon, i.e., in the morning)
ب.ظ		adv	after noon (used after a time to indicate it is between noon and midnight, i.e., in the afternoon, evening or night as o
زیپ		noun	zipper, zip
فارسی‌زبان		adj	Persian-speaking
ساکت		adj	silent
سلمانی		noun	barber, hairdresser
مشخص		adj	specified, specific, defined; clear, obvious
غرب		noun	the west
غربی		adj	western
شمالی		adj	northern, of or pertaining to the north
نرمال		adj	normal
معتاد		adj	addicted
هروئین		noun	heroin
بارون		noun	baron
ایرونی		noun	colloquial-un form of ایرانی (irâni, “Iranian”)
زبون		adj	humbled, vanquished, helpless, abject
جناب آقای		pron	his Excellency (Used when addressing a male with high status in a formal way.)
سرکار خانم		pron	honored ma'am (Used when addressing a female with high status in a formal way.)
تهرانی		adj	Tehrani, Tehranian
مادرانه		adj	motherly, maternal
پدرانه		adj	fatherly, paternal
پسرانه		adj	especial to or designed for boys
آویزان		adj	hanging; hung (in a suspended, dangling position)
آروم		adj	colloquial-un form of آرام (ārām /ârâm)
املاک		noun	broken plural of ملک (milk /melk)
میرزا		noun	Mirza; a noble title.
خیابون		noun	colloquial-un form of خیابان (xiyâbân)
زندون		noun	colloquial-un form of زندان (zindān /zendân).
نون		noun	the name of the Perso-Arabic script letter ن
غلغله		noun	noise
یغما		noun	booty; plunder
زنونه		adj	colloquial-un form of زنانه (zanâne)
دیوونه		adj	colloquial-un form of دیوانه
خندان		adj	laughing
خندون		adj	colloquial-un form of خندان (xandân)
نالان		adj	complaining
وب		noun	web (World Wide Web)
ماسیدن		verb	to coagulate (as milk)
تحریم		noun	embargo; sanction
خوال		noun	food
اسم خاص		noun	proper noun
کوزه		noun	a pottery vase with a long neck
پرنده‌شناسی		noun	ornithology
مجانی		adj	free of charge, gratis
سندرم		noun	syndrome (attributive)
کانادایی		adj	Canadian (of or pertaining to Canada)
نشخوار		noun	chewing the cud, rumination
سلام رساندن		verb	Give one's regards
باسکی		adj	Basque
سمعک		noun	hearing aid
چندشوهری		noun	polyandry
سزیم		noun	caesium
روان‌گسیختگی		noun	schizophrenia
اسکیزوفرنی		noun	schizophrenia
شیزوفرنی		noun	schizophrenia
همچنین		adv	also, as well
خال‌کوبی		noun	tattoo
سالاد		noun	salad
درازا		noun	length
وغا		noun	war, battle, tumult
دانسته		adv	on purpose
از قصد		adv	on purpose
اکتینیم		noun	actinium
هیدروژن		noun	hydrogen
هلیم		noun	helium
آوا		noun	sound
لیتیم		noun	lithium
گرانش		noun	gravitation
پرو		noun	heifer
کوانتم		noun	quantum
زیست‌شیمی		noun	biochemistry
سارق		noun	thief, robber
نینجا		noun	ninja
درون‌همسری		noun	endogamy
برون‌همسری		noun	exogamy
بی‌خدایی		noun	atheism
دده		noun	sister (blood relative)
خزینه		noun	treasury
کلکین		noun	window
ار		conj	if
تغییرات		noun	broken plural of تغییر (taġyīr /taġyir)
زندگانی		noun	life, way of life, course of one's life
سخن		noun	speech
جزئیات		noun	detail, details
دوستان		noun	entourage, friends (plural of دوست)
ظل		noun	shadow, shade
نهایی		adj	final
فینال		noun	final
نقد ادبی		noun	literary criticism
شاویدن		verb	to go
مهندسی زلزله		noun	earthquake engineering
ککه		noun	human excrement
منش		noun	character, nature
صوری		adj	formal
دائم		adj	permanent
باشقیری		adj	Bashkir
درس خواندن		verb	to study
عملیات		noun	operation, a military campaign
مازندرانی	مازَندَرانی	adj	Mazanderani
شانسی		adj	random, by luck
انتقال‌دهنده عصبی		noun	neurotransmitter
قانون بقاء		noun	conservation law
قانون بقاء انرژی		noun	law of conservation of energy
آنتروپی		noun	entropy
جاذبه		noun	gravitation
پوزیترون		noun	positron
آریایی		adj	Aryan
دادگر		adj	just
فرآیند		noun	process
پروسه		noun	process
محاکمه		noun	trial, court of law, hearing
پمپ		noun	pump
الاستیک		adj	elastic
ارتجاعی		adj	elastic
مطلق		adj	absolute, unconditioned
زوجیت		noun	matrimony
اطاعت کردن		verb	To obey
نامه دبیریه		noun	libriscript
هام دبیریه		noun	similiscript
فوتوکپی		noun	photocopy
مرکب		adj	compound, composite
پلاک		noun	plaque, plate (various meanings)
ادبیات فارسی		noun	Persian literature
بزاق		noun	saliva
پلاستیک		noun	plastic
پادشاهی		noun	kingdom
کلاسیک		adj	classical
نهان		adj	hidden, secret, arcane
تنش		noun	tension
درجه‌بندی		noun	rating
برچسب		noun	tag, label (on a product)
رده‌بندی		noun	classification
شکلک		noun	making faces, grimace
نخبه‌گرایی		noun	elitism
نخبه‌گرا		noun	elitist
فیبر		noun	fiber, fibre
هیدرولیک		noun	hydraulics
ادبیات انگلیسی		noun	English literature
لودر		noun	loader
گریدر		noun	grader
اصطلاح ادبی		noun	literary term
ناخوشایند		adj	unpleasant
توپولوژی		noun	topology
نفوذ		noun	infiltration
برگردان		noun	translation (the act or result of translating)
شکارچی		noun	hunter
دبی		noun	discharge
کاروانسرا		noun	caravanserai
مریضی		noun	illness, sickness, disease
زرنگ		adj	clever, cunning, bright, sharp, shrewd
آمیزش جنسی		noun	sexual intercourse
موافق		adj	agreeing, in agreement, consenting
مقعدی	مَقعَدی	adj	anal (of or relating to the anus)
آمیزش جنسی دهانی		noun	oral sex
دهانی		adj	oral (of or relating to the mouth)
آمیزش جنسی گروهی		noun	group sex
آمیزش جنسی مقعدی		noun	anal sex
خودارضایی		noun	masturbation
جماع		noun	coitus, sexual intercourse
باکرگی		noun	virginity
بکارت		noun	virginity
دلگیر		adj	sad, upset
دلگیری		noun	sadness, grief, sorrow
هزینه		noun	cost (sum exchanged for a product or service)
استاندار		noun	governor-general
بومی		adj	native, indigenous, endemic
نارگیله		noun	narghile, hookah
گیتاریست		noun	guitarist
مفقود		adj	lost, missing
مفقود کردن		verb	to lose, to misplace
استمراری		adj	continuous, progressive
موندن		verb	to stay
پیشین		adj	old, ancient
انگیختن		verb	to provoke; to instigate
آسودن		verb	to rest
آواز خواندن		verb	to sing
برهنه‌گرا		noun	nudist
برهنه‌گرایی		noun	nudism
همنوع‌خواری		noun	cannibalism (in animals)
متفکر		noun	thinker, intellectual
ترساندن		verb	to frighten
جوشاندن		verb	to boil
جوشوندن		verb	to boil
چسبوندن		verb	to stick
چسباندن		verb	to stick
چسبیدن		verb	to stick, to be stuck, to adhere
اومدن		verb	to come
ترکیدن		verb	to burst (to break from internal pressure)
خاستن		verb	to rise
نوآوری		noun	innovation
مذی		noun	pre-ejaculate
خوراندن		verb	to feed
خوروندن		verb	to feed
حس کردن	حسّ کردن	verb	to sense, to feel
هیجان		noun	emotion
نری		noun	masculinity, manliness, virility
استمنا کردن		verb	to masturbate
نوازنده		noun	musician
دگرجنس‌گرا		adj	heterosexual
دوجنس‌گرا		adj	bisexual
انرژی تاریک		noun	dark energy
شاه‌دانه		noun	Cannabis
ریزاندن		verb	to spill
زیر بغل		noun	armpit
خفاش		noun	bat (small, winged animal)
شب‌کور		adj	night blind
گاومیش		noun	buffalo
سرک		noun	road
سرفه		noun	cough
سرفیدن		verb	to cough
عطسه		noun	sneeze
عطسه کردن		verb	to sneeze
بردمیدن		verb	to breathe into
بیختن		verb	to sift; to sieve
دروغگو		noun	liar
بودیسم		noun	Buddhism
بودیست		noun	Buddhist
کشتی‌گیر		noun	wrestler
فراگیر		adj	pervasive
سامانی		noun	somoni (currency in Tajikistan)
مذاهب		noun	broken plural of مذهب (mazhab)
اعتقاد		noun	belief
سد		noun	dam, dike
مرطوب		adj	moist, wet, humid, damp
مرطوب کردن		verb	to moisten, to make wet
کابلی		adj	Kabuli (of or related to the city of Kabul)
فاک		intj	fuck
گشادی	گُشادی	noun	width, broadness
خوش آمدن		verb	to like; see Usage notes
چاله		noun	pit, hole, hollow
فضایی		adj	spatial (relating to physical space)
سیاه‌چاله		noun	black hole
فضازمان	فَضازَمان	noun	spacetime
پیرمرد		noun	an old man
پیرزن		noun	an old woman
ستاره‌شناسی		noun	astronomy
سیاه‌گوش		noun	caracal
گربه‌سان		noun	felid
منطقه		noun	zone, area, region
غریزه		noun	instinct
وجودی	وُجودی	adj	existential
وجود داشتن		verb	to exist
به وجود آمدن		verb	to come into existence
به وجود آوردن		verb	to bring into existence; to produce, to create
پا به عرصه وجود گذاشتن		verb	to come into the world; to be born
مسکه		noun	butter
شهوت		noun	lust, sexual desire, sex drive, libido
اعتیاد	اِعتِیاد	noun	addiction
شهوانی		noun	sensuality
مروت	مُرُوَّت	noun	manliness; gallantry; generosity; magnanimity; humanity; mercy
فصیح		adj	eloquent
بی‌تقصیر		adj	guiltless, innocent, blameless
بی‌طرفی		noun	neutrality
بی‌وفایی		noun	disloyalty, treachery
بی‌باک		adj	fearless
سرین		noun	buttocks
سوراخ کون		noun	asshole, anus
جنایت		noun	crime
مکافات		noun	requital:
عاشق بودن		verb	to love
نهنگ عنبر		noun	sperm whale
نهنگ آبی		noun	blue whale
دلفین پوزه‌بطری		noun	bottlenose dolphin
زاغی		noun	magpie
خورشید کاذب		noun	sun dog
گریزان		adj	evasive, elusive
زنانگی		noun	femininity, womanliness
جنگجویی		noun	combativeness; belligerence
جگوار		noun	jaguar
خرس خاکستری		noun	grizzly bear
خرس قطبی		noun	polar bear
قطبی		adj	polar
خرس پاندا		noun	panda, panda bear
خرس قهوه‌ای		noun	brown bear
خرس سیاه		noun	black bear
خرس سیاه آمریکایی		noun	American black bear
خرس سیاه آسیایی		noun	Asiatic black bear
خرس عینکی		noun	spectacled bear
خرس تنبل		noun	sloth bear
خرس آفتاب		noun	sun bear
گراز دریایی		noun	walrus
حشره‌شناسی		noun	entomology
کرم شب‌تاب		noun	firefly
شغال طلایی		noun	golden jackal
شغال پهلوخط‌دار		noun	side-striped jackal
شغال پشت‌سیاه		noun	black-backed jackal
ماهتاب		noun	moonlight
پشتون		noun	Pashtun
دارنده		noun	owner
همجنس‌گرا		adj	homosexual
تحمل کردن		verb	to tolerate
معشوق		adj	beloved
میرنده	میرَنده	noun	mortal (something, particularly a person, that can or will die)
زیستی		adj	biological
رسما	رسماً	adv	formally
آرام گرفتن		verb	to rest
قطور		adj	thick (having a large circumference or diameter)
گت		adj	large, big
مهاجم		adj	aggressive
خصوص		noun	peculiarity
رقصنده		noun	dancer
قوی سیاه		noun	black swan (Cygnus atratus)
خشمگین	خَشمگین	adj	angry
مهاجرت کردن		verb	to migrate
شباهت	شَباهَت	noun	resemblance, likeness, similarity
لغت‌نامه		noun	dictionary
جوی		noun	stream
لویاتان		noun	leviathan
هیره		noun	mite (arachnid)
کنه		noun	tick (arachnid)
جزایر		noun	unhamzated form of جزائر
بیدار کردن		verb	to wake up
هرزه		adj	lewd, obscene
هرزگی	هَرزگی	noun	debauchery, depravity
اغوا کردن		verb	to tempt
هرزه‌نگاری		noun	pornography (especially in written form)
سکسولوژی		noun	sexology
بویژه		adv	especially, particularly
هوشمند		adj	intelligent, knowledgeable, wise
ثابت کردن		verb	to prove, to establish
موی عانه		noun	pubic hair
گفته شدن		verb	to be called
گربه‌ماهی		noun	catfish
کوسه بزرگ سفید		noun	great white shark
آلت تناسلی مرد		noun	male reproductive organ
بارندگی		noun	rainfall
گنوستیک		noun	Gnostic
گنوستیسیزم		noun	Gnosticism
گنوسیس		noun	gnosis
دمیورژ		noun	Demiurge
درد گرفتن		verb	to hurt
سیزده		num	thirteen
چهارده		num	fourteen
پانزده		num	fifteen
شانزده		num	sixteen
دی‌ان‌ای میتوکندریایی		noun	mitochondrial DNA
میتوکندریایی		adj	mitochondrial
ریزموج		noun	microwave (electromagnetic waves with wavelengths from one meter to one millimeter, or with frequencies between 300 MHz 
آموختن		verb	to learn
سوسیالیست		noun	socialist
سوسیالیستی		adj	socialist, socialistic
مارکسیسم		noun	Marxism
علاقه داشتن		verb	to be interested, to have or take interest
به خواب رفتن		verb	to go to sleep
چهارصد		num	four hundred
چهارصد و بیست		num	four hundred and twenty
مزدیسنا		noun	Mazdean; Zoroastrian
اهورا		noun	Ahura
آفتاب‌پرست		noun	sunflower
پارتی		noun	party (social gathering)
متشکرم		intj	thank you
اسب دریایی		noun	seahorse
سرده		noun	genus
جاندار		adj	living, alive, animate
طبقه آرایه‌شناختی		noun	taxonomic rank
رتبه آرایه‌شناختی		noun	taxonomic rank
دامنه		noun	slope, side
فرمانرو		noun	kingdom
گونه		noun	kind, type, sort
رومانیایی		adj	Romanian
مالیدن		verb	to rub
سپاس‌گزارم		intj	thank you, thanks (formal)
سپاسگزار		adj	thankful
وال		noun	whale
دولتی		adj	governmental
دموکراسی		noun	democracy
چالش		noun	challenge, struggle
خدایی		adj	divine
امامزاده		noun	imamzadeh
ویهارا		noun	vihara
شگرف		adj	excellent, wonderful, fantastic
تصور کردن		verb	to imagine
پنهان شدن		verb	to hide; to go into hiding
پنهان کردن		verb	to hide, to conceal
یکا		noun	unit
یکای کیهانی		noun	astronomical unit
امروزه		adv	nowadays
مجاری		adj	Hungarian
متریک		adj	metric
گوریل		noun	gorilla
گوریل غربی		noun	western gorilla (Gorilla gorilla)
گوریل شرقی		noun	eastern gorilla (Gorilla beringei)
خانوادگی		adj	familial
چقدر		adv	how much
پوچ		adj	empty, vacant
دیسال		adv	yesteryear
پوک		adj	hollow
پوده		adj	rubbed, worn; fallen to pieces
سوسیالیسم دموکراتیک		noun	democratic socialism
گراویتون		noun	graviton
ساحره		noun	witch, sorceress
ساحر		noun	sorcerer, wizard
بوزون		noun	boson
واقعیت		noun	reality, actuality
لپتون		noun	lepton
اسپین		noun	spin
الکترومغناطیس		noun	electromagnetism
گو		noun	Go (East Asian board game)
هلندی		adj	of the Netherlands; Dutch
لیسک		noun	snail
خی		noun	chi (greek letter)
شوکا		noun	roe deer
کرک		noun	fur, down hair
مرغانه		noun	egg (body produced by birds)
گنجشک		noun	sparrow
میون		noun	muon
نوترینو		noun	neutrino
برار		noun	Hazaragi and Herati form of برادر (birādar /berâdar, “brother, bro”)
تالار		noun	hall
پوزش		noun	apology
آفرینش		noun	creation, the act of creating something.
دلبستگی		noun	affection
مهربانی		noun	kindness
سمج		adj	stubborn, persistent, obstinate
قالی		noun	carpet, rug
تفریح		noun	recreation; amusement
نشت		noun	leak
سهمگین		adj	scary, horrific, awful, dreadful, terrible
هراس		noun	fear
بیمناک		adj	scary
ترسناک		adj	scary
پیشکش		noun	gift, present
دشوار		adj	difficult, hard
دشواری		noun	difficulty
فواره		noun	fountain
به جز		conj	except, but
جفت		adj	with a matching pair; joined as a couple
بی‌پروا	بیپَروا	adj	reckless, thoughtless, careless
رستاخیز		noun	resurrection
سرکش		adj	unruly
تارنما		noun	website
برادری		noun	brotherhood
تازه‌ها		noun	news
گاهی		adv	sometimes, occasionally
آمپول		noun	ampoule
راهبردی		adj	strategic
هراسیدن		verb	to fear
چم		noun	meaning, sense
درخشان		adj	shiny
تابان		adj	shining, luminous, radiant
فرسوده		adj	torn, worn out, shabby, used
ترد		adj	brittle, fragile, delicate
نوچ		adj	wet and sticky, clammy
رخش		adj	coloured red and white; spotted red or white.
تگزاسی		noun	Texan
میو		intj	meow (used to indicate the cry of a cat)
رژ		noun	anger
پونز		noun	thumbtack, drawing pin (UK)
چو		prep	like
باشامه		noun	veil
ناشنوا		adj	deaf
یان		noun	delusion
هذیان		noun	delusion
بارگذاری		noun	upload
آبجی		noun	sister (either older or younger)
زهرشناسی		noun	toxicology
گاگول		noun	fool, idiot
پارامسی		noun	paramecium
فرمانده کل قوا		noun	commander in chief
سرگرد		noun	major (military)
سرجوخه		noun	corporal (military)
شناوری		noun	swimming
وابسته		adj	dependent, attached, related, connected
رویایی		adj	dreamy
گیشه		noun	box office
کیوسک		noun	kiosk
کبک		noun	partridge (bird)
راد		adj	generous, bounteous, liberal
رادمنش		adj	generous, munificent
رشوه		noun	bribe
پکر		adj	upset
مالی		adj	financial
آب اکسیژنه		noun	hydrogen peroxide
هیدروژن پراکسید		noun	hydrogen peroxide
کانی		noun	mineral
ویرگول		noun	comma (،)
زخمه		noun	plectrum
مضراب		noun	plectrum
زیرا		conj	because
مانند		adj	resembling
نظیر		prep	like
همانند		prep	like, similar
سوز		noun	burning sensation
سوزش		noun	pain, burning sensation
هالو		noun	idiot
فوت		noun	foot (unit of measurement)
پالایشگاه		noun	refinery
پالایش		noun	refining
سرکوب		noun	repression; abuse
بسپار		noun	polymer
پلیمر		noun	polymer
پاپتی		adj	barefoot
خفن		adj	badass; cool
انگل		noun	parasite
کک		noun	flea
جیرجیرک		noun	cricket (insect)
تلفظ کردن		verb	to pronounce
تاکتیک		noun	tactic
راهبرد		noun	strategy
استراتژی		noun	strategy
باران آمدن		verb	to rain
لگد		noun	kick
هیاهو		noun	noise
داستان کوتاه		noun	short story
خریطه		noun	map
سیگاری		adj	cigarette smoker
بلغار		noun	Bulgar
معقول		adj	rational, reasonable
وطنی		adj	domestic, national (internal to a specific country)
وطن‌فروش		noun	traitor, sellout
وطن‌فروشی		noun	treason
یائسگی		noun	menopause
سرود ملی		noun	national anthem
پورنو		noun	porn
سبک		noun	method, way
کمونیسم		noun	communism
چای سبز		noun	green tea
تاج‌گذاری	تاجگُذاری	noun	coronation
شهبانو		noun	queen consort (wife of a reigning king)
کاباره		noun	cabaret
فرمول		noun	formula
کایرومون		noun	kairomone
شاهدخت		noun	princess, king's daughter
فرومون		noun	pheromone
بوییدن		verb	to smell
لبخند		noun	smile
لبخند زدن		verb	to smile
پخشه		noun	fly
زردک		noun	carrot
خاگ		noun	egg
بذر		noun	seed
سوسن		noun	lily
واگیردار		adj	epidemic
منشار		noun	saw
لپ		noun	cheek
توتون		noun	tobacco
زونی		noun	knee
جمعیت		noun	population
بشریت		noun	humanity
آدمیت		noun	humanity
مؤدب		adj	polite
صادر		adj	issued; outgoing
سقط		noun	abortion; usually as سقط جنین (seqt-e janin).
شاب		noun	youth, young person
تقابل		noun	encounter, confrontation
لمس		noun	touch
قین		noun	arse, ass
آغاز شدن		verb	to begin, to start
بیمار شدن		verb	to fall ill
آچمز		adj	pinned
خاش		noun	bent of minute particles of wood, straw, rags or other things, chips, parings
افتو		noun	sunlight, sun
یو		pron	this
چیش		noun	eye
خش		noun	scratch
خواردن		verb	to drink
نشسن		verb	sit (of a person, be in a position in which the upper body is upright and the legs are supported)
چردن		verb	to graze
پهپاد		noun	drone (unmanned aircraft)
شمیدن		verb	to faint
بلع		noun	swallowing, gulp
ضاد		noun	the letter ض
حزن		noun	grief, sadness
مدرس		noun	instructor, teacher, lecturer
توافق		noun	agreement, deal
سیلاغ		noun	hole, cavity, bore, orifice, slot
قلا		noun	crow (bird)
خوسیدن		verb	to sleep
چوغ		noun	wood
جوغ		noun	stream
توقف		noun	stop, stopping, halt
زاد		noun	luggage
پوز		noun	snout, muzzle (protruding part of an animal's head)
قصب		noun	reed; cane
خجل		adj	ashamed; bashful
اکتشاف		noun	exploration
وجب		noun	span
بطن		noun	ventricle (of the heart or brain)
قاغذ		noun	Kerman, Khesht, Konartakhteh, and colloquial Dari form of کاغذ
فرسادن		verb	to send
دولاب		noun	cupboard; closet
اینک		intj	lo! behold!
دله		adj	stray, wandering
خواهرانه		adj	sisterly
برادرانه		adj	brotherly, fraternal
تماته		noun	tomato
جوغن		noun	mortar (vessel)
دگرگونی		noun	transformation
کلپوک		noun	lizard
بنیادگرا		noun	fundamentalist
بنیادگرایی		noun	fundamentalism
جیجه		noun	chicken (bird)
خین		noun	blood
چیندن		verb	to pluck
مر		particle	Occurs before a word or phrase followed by را (râ), the accusative-dative-genitive marker.
پرپروک		noun	butterfly
خو		noun	temper, disposition
فراواقع‌گرایی		noun	surrealism
ملی‌گرایی	مِلّیگَرایی	noun	nationalism
ملی‌گرا		noun	nationalist
اثبات‌گرا		noun	positivist
اثبات‌گرایی		noun	positivism
پراگماتیسم		noun	pragmatism
گوناگون		adj	different, various, diverse, sundry
سخن گفتن		verb	to speak
فشردن		verb	to press, to squeeze
بزباش		noun	bozbash
فاکولته		noun	faculty, staff (of a university or college)
بزرگ شدن		verb	to grow up, grow
نابینایی		noun	blindness
مستطیل		noun	rectangle
ویدیو		noun	video
تداوم		noun	continuation, continuity
جدا شدن		verb	to separate, to be separated
جستجو کردن		verb	to search, to look for
محکومیت		noun	condemnation
ستاره نوترونی		noun	neutron star
مسلمون		noun	Muslim
وبلاگ		noun	weblog
انتشار		noun	publication
پژوهش کردن		verb	to research
تناسلی		adj	reproductive
دستگاه تناسلی		noun	reproductive system
از خاطر رفتن		verb	to fade from memory, to be forgotten
بالا رفتن		verb	to go up
فرو رفتن		verb	to go down
فروشنده		noun	seller, vendor
تی‌وی		noun	TV
ورزشی		adj	athletic
درگذشت		noun	death
روزنامه‌نگار		noun	journalist
روزنامه‌نگاری		noun	journalism
هواشناسی		noun	meteorology
واکنش		noun	reaction
دفع		noun	warding off, driving away, repelling
فاحش		adj	egregious
یکتاپرستی		noun	monotheism
چندخدایی		noun	polytheism
ندانم‌گرایی		noun	agnosticism
همه‌خدایی		noun	pantheism
سر کیر		noun	glans penis, knob, dickhead, cockhead, bell-end
کم‌ترین		adv	the least
درست کردن		verb	to make, to prepare
وصف		noun	description
تفسیر کردن		verb	to interpret; to explain
عشق ورزیدن		verb	to make love
پا به جهان گذاشتن		verb	to be born
پا به سن گذاشتن		verb	to get older
پا در میان گذاشتن		verb	to intervene, to intercede
پشت سر گذاشتن		verb	to pass through, to pass by (a period of time, a location)
جا گذاشتن		verb	to leave behind, to forget
کنار گذاشتن		verb	to set aside, to put aside
اعتماد داشتن		verb	to trust
اقامت داشتن		verb	to reside, to live
کنش		noun	act, action
خوانش		noun	reading
ردپا		noun	vestige
رعنا		adj	handsome; attractive
خانم‌ها و آقایان		noun	ladies and gentlemen
شخصی		adj	personal
گم شدن	گُم شُدَن	verb	to be or get lost
زبان اوستایی		noun	Avestan
اوستایی		adj	Avestan
تمرین کردن		verb	to practice (to use a skill repeatedly or habitually to improve one's proficiency therein)
سفیدپوست		adj	white; white-skinned; caucasian
سیاه‌پوست		adj	black, black-skinned; African
توصیف کردن		verb	to describe
نگاره		noun	chart
تراشیدن		verb	to shave
نیایش		noun	praise
آمرزیدن		verb	to forgive
مفتون		adj	charmed, bewitched, spellbound
چر		adv	why
یخ بستن		verb	to freeze
ثنویت		noun	duality
مرتعش		adj	trembling
شگفت		noun	surprise, wonder, amazement
مردم‌شناسی		noun	anthropology
ماموت		noun	mammoth
کینه ورزیدن		verb	to hate
منو		noun	menu
دایناسور		noun	dinosaur
به دنیا آمدن		verb	to be born
ناحیه		noun	area, region, zone
تحصیل کردن		verb	to study
تمام شدن		verb	to be completed, to be finished, to end
تمام کردن		verb	to complete, to finish
امیدوار بودن		verb	to hope
پشیمان بودن		verb	to regret, to be sorry
شاهد بودن		verb	to witness
متعلق بودن		verb	to belong
کمک دادن		verb	to help, to aid, to assist
دراز کشیدن		verb	to lie down
زحمت کشیدن		verb	to labor, to toil, to work or try hard
برگزیدن	بَرگُزیدَن	verb	to choose, to select
تازگی		noun	novelty
گالری		noun	gallery
هاردکور		adj	hardcore
پرانرژی		adj	energetic
ساک زدن		verb	to suck (penis), to blow, to give head
کیسه بیضه		noun	scrotum
پوست بیضه		noun	scrotum
کیسه خایه		noun	scrotum
گوشتی		adj	fleshy
اندرکنش بنیادی		noun	fundamental interaction
نیروی هسته‌ای قوی		noun	strong nuclear force
نیروی هسته‌ای ضعیف		noun	weak nuclear force
اندرکنش ضعیف		noun	weak interaction
اندرکنش قوی		noun	strong interaction
کوبیدن		verb	to beat, to pound, to thrash
خال کوبیدن		verb	to tattoo
خط زدن		verb	to scratch
دوست‌داشتنی		adj	lovable, lovely, likable
خنثی کردن		verb	to neutralize
یکتاپرستانه		adj	monotheistic
نژادپرستانه		adj	racist
سرپرست		noun	supervisor
متوسط	مُتَوَسِّط	adj	medium, middle
هیکل		noun	temple (house of worship)
مکانیک کوانتوم		noun	quantum mechanics
تعجب کردن	تَعَجُّب کَردَن	verb	to wonder
لو		noun	lip
فرختن		verb	to sell
ببا		noun	dad, daddy, father
پش		noun	louse
بەت		noun	duck
سفی		adj	white
خندسن		verb	to laugh
دلپذیر		adj	nice, pleasant
پسربچه		noun	little boy, lad
دختربچه		noun	little girl
تابیدن		verb	to shine
باگ		noun	bug
هاپو		noun	doggy
علامت جمع		noun	plus sign
علامت مساوی		noun	equal sign
علامت منها		noun	minus sign
درشت		adj	big, large
ریز		adj	small, minute
ریزبین		noun	microscope
شاهکار		noun	masterpiece
رختن		verb	to pour
بلوک		noun	cluster of villages or towns constituting a district under a province (ولایت) (pl. ـات)
ور		noun	side, way, direction
ماک		noun	colostrum
جر		noun	cleft, fissure
گنم		noun	wheat
غل		noun	rolling, tumbling
موشک		noun	missile
اشتر		noun	archaic and Hazaragi form of شتر (šotor, “camel”)
خرسند		adj	happy, content, satisfied, pleased
گس		adj	acerb, acrid
دراج		noun	francolin
دیم		noun	face, visage
مزار		noun	tomb
چبوق		noun	pipestem
آچ		noun	Cappadocian maple (Acer cappadocicum)
بهرامی		adj	Martian
سه‌بعدی		adj	three-dimensional
قانون‌گذار		noun	legislator
کارورزی	کاروَرزی	noun	internship
تابلوی اعلانات		noun	notice board
زیویدن		verb	to live
زیواندن		verb	to make alive
برزیستن		verb	to survive
شنگ		noun	trunk of elephant (in Burhān-i-Qāṭiʿ.)
یک بار دیگر		adv	once again
نزدیک شدن به		verb	to approach
قار		noun	egret
زرتشتی		adj	Zoroastrian
شروع کردن		verb	to begin, to start, to commence (something)
کر کردن		verb	(transitive) to hide, to conceal
ایواه		intj	pooh
گرختن		verb	to flee
واک		noun	voice
سوشیانس		noun	Saoshyant
سوشینت		noun	Saoshyant
سوشیانت		noun	Saoshyant
پو		noun	leg, foot
پمه	پِمّه	noun	cotton
تغار		noun	tub, trough
تجر		noun	winter house; storehouse
زوو		noun	tongue
مجگ		noun	eyelash
جزگ		noun	neck
لوظ		noun	accent
لبظ		noun	accent
پسی		noun	boy
گاش		noun	sheep barn
کوم		noun	desire, wish
کلپ		noun	beak (birds)
گرس		noun	curl, ringlet
پهلوی		adj	ancient, pre-Islamic; of or relating to the age of the Iranian heroes before Islam
پاسدار		noun	guard, sentinel, watchman
بدهی		noun	debt
جاز		noun	jazz (musical genre)
آمیریان		noun	a surname from Armenian
کنجد		noun	sesame
تشکیلات		noun	organization(s)
آوند		noun	vessel
پیشوند		noun	prefix
شباهنگام		adv	at night
مله		noun	swimming
هجا		noun	syllable
سنان		noun	spearhead, the iron on a lance or javelin or other weapon
کیچه		noun	alley
اوسن		adj	pregnant
تور		noun	net
آرت		noun	flour
رفدن		verb	to go
هنی		adv	still
نهاز		noun	fear; awe
گربسن		verb	to cry
ترسن		verb	to be able; can
رژ لب		noun	lipstick (make-up for the lips)
گاب		noun	cow
رزم		noun	war, battle, combat
لیسه		noun	secondary school, high school
فابریکه		noun	factory
لیک		noun	scream
پنجیر		noun	pinch
کنجر		noun	elephant
مندن		verb	to remain
بایستی		verb	should, ought to
سپهر		noun	sky, heaven
نامردانه		adj	uncourageous, unmanly
بیرونی		adj	outer, external
شبدیز		adj	black
خاصه		noun	peculiarity, characteristic, property
نوزده		num	nineteen
هجده		num	eighteen
دیزی		noun	a type of persian clay pot
آب‌گوشت		noun	abgusht
آمادن		verb	to prepare
سرداب		noun	basement; underground dwelling; crypt
بانده		noun	bird
امرو		adv	today
اینه		noun	mirror
ترسا		adj	Christian
اوسار		noun	halter (for animals)
اسپست		noun	alfalfa, lucerne
اسپریس		noun	racecourse, hippodrome
کرند		adj	of a yellowish red or light brown color; bay (especially of horses)
ابرش		noun	spotted horse
چرمه		noun	white horse
خنگ		noun	horse
سمند		adj	Of a yellowish color (especially of horses).
همو		adj	that very one
سلط		noun	bucket
دخدر		noun	daughter
سینزه		num	thirteen
هشد		num	eight
انگشد		noun	finger
پشد		noun	back
چرخ‌ریسک		noun	tit (bird)
ویس		noun	voice message
چامه		noun	poem
لژیون		noun	legion
شهمات کردن		verb	to checkmate
شاه‌مات		noun	checkmate
کارآگاه		noun	detective, investigator, sleuth
دوریان		noun	durian
سپ		noun	cheek
پخچه		noun	fly
پیدم		noun	pennyroyal
خارگیل		noun	durian
منگ		noun	rust
کرنجال		noun	crab (crustacean)
تیریک		noun	marble
تفکه		noun	saliva
پشنگه		noun	sprinkle
گولو		noun	cat
شملی		noun	fenugreek
خنجولک		noun	tickle
خنج		noun	scratch (act of scratching)
کازو		noun	peanut
دروشیدن		verb	to tremble
هیلو		noun	swing (hanging seat)
فیت		noun	fist
دومن		adv	downward, downwards
اشکفتن		verb	to split
شکال		noun	prey
اشتو		noun	hurry
لیر		noun	sludge
اسلیمی		noun	arabesque
اسپل		noun	spleen
آفری		intj	Herati form of آفرین (āfarīn /âfarin, “well done, bravo”)
سیچه		adv	why
شاهنشاه		noun	shahanshah
کیمیاگر		noun	alchemist
آب زندگانی		noun	lit. water of life; Ab-i Hayat, elixir of life
الکترونیک		noun	electronics
دیکتاتور		noun	dictator (autocratic leader)
شافتک		noun	whistle (act of whistling)
دورو		adj	two-faced, two-sided
شونم		noun	dew
توه		noun	frying pan
چش		noun	eye
خوره		noun	leprosy
آذرآبادگان		noun	fire temple
نول		noun	the outer part of the mouth; a beak, bill
توأم		adj	twin
تلو		noun	thorn
نواختر		noun	nova
ابرنواختر		noun	supernova
اخترمار		noun	astronomer
ستاره‌شناس		noun	astronomer
شوالیه		noun	knight; a warrior of the Middle Ages.
شه		intj	fie
همسده		noun	neighbour
خنه		noun	house
شکمی		adj	abdominal
شکمبه		noun	rumen
پ.ن		noun	P.S.
آرشیو		noun	archives
رو		noun	sigh, groan
تفور		noun	clay; earthenware
مرخ		noun	a particular tree
بی‌مغز		adj	brainless
خرنج		noun	scratch (act of scratching)
آسیو		noun	mill
بختن		verb	to sift
پار		adv	last year
بلگ		noun	leaf
کاستن		verb	to decrease
بارو		noun	rampart, bulwark
وایشتن		verb	to return
واگشتن		verb	to return
بیدن		verb	to be (See the Usage Notes)
ارغنون		noun	organ
ارگ		noun	citadel (strong fortress that sits high above a city)
مغرب‌زمین		noun	the West
افغانی		adj	Afghan
کنده		noun	moat
به هم زدن		verb	to stir
خوشنویسی		noun	calligraphy
خوشنویس		noun	calligrapher
میخی		adj	cuneiform
ماهور		noun	dune
ترسایی		noun	Christianity
نخون		noun	nail, fingernail
دوما		noun	bridegroom
زیرشیروانی		noun	attic
مقرنس		noun	muqarnas
بادگیر		noun	windcatcher
چندضلعی		noun	polygon
کاریز		noun	qanat, karez
نزد		prep	near, by, next to
چوگان		noun	crosier
ایستگاه اتوبوس		noun	bus stop
امپریالیسم		noun	imperialism
قربک		noun	frog
تراشتن		verb	to shave
نومزاد		noun	candidate
مصمم		adj	resolved, having made up one's mind
استکام		noun	small drinking glass
کالواس		noun	kielbasa
کلنت		noun	pick, pickax(e)
واژه‌نامه		noun	dictionary
مشهود		adj	evident, obvious
نومد		contraction	did not came
گیک		noun	geek
غریبه		noun	stranger
دلاک		noun	attendant or waiter at a Turkish bath
کلون		noun	latch
واو		noun	Arabic letter waw
چت		noun	online chat
امس		noun	yesterday
زهره		noun	gallbladder; gall
پرگار	پَرْگار	noun	pair of compasses
شیطان‌پرستی		noun	Satanism
خوردنی		adj	edible
پس از		prep	after
گرمابه		noun	hammam, bath
پیوست		noun	attachment
پرووکاتور		noun	agent provocateur
آژان پرووکاتور		noun	agent provocateur
فراموشخانه		noun	Masonic lodge
فراماسونری		noun	Freemasonry
لژ		noun	lodge
کذایی		adj	so-called
چوبدست		noun	walking stick, cane
طائر		noun	bird
شترگاوپلنگ		noun	camelopard, giraffe
پیوستن		verb	to join; to unite with
اتفاق افتادن		verb	to occur, to happen
رخ دادن		verb	to occur, to happen
روی دادن		verb	to occur, to happen
رخداد		noun	event
سه‌ماهه		noun	quarter, trimester
قالیچه پرنده		noun	magic carpet
مانستن		verb	to resemble
زمخت		adj	coarse, rough, harsh
هیچ		adj	tiny, insignificant, inconsiderable
نیست		adj	annihilated
نشانگان آسپرگر		noun	Asperger's syndrome
بیگ مک		noun	Big Mac
صاعقه		noun	lightning, thunderbolt
زرناپا		noun	giraffe
کیله		noun	a measure (unit of measurement)
چغاله		noun	unripe fruit
صدق		noun	truth, sincerity
پسین‌فردا		noun	two days after tomorrow
پس پریروز		noun	two days before yesterday
پسین‌فرداشب		noun	two nights after tomorrow
آونگ		noun	pendulum
تگرگ	تَگَرگ	noun	hail
اندیشیدن		verb	to think, to reflect, to meditate
تندیس		noun	statue
طغرا		noun	tughra
پایزه		noun	paiza
پیروز		adj	victorious, triumphant
از یک سو		adv	on the one hand
از یک طرف		adv	on the one hand (literally: from one side)
از طرف دیگر		adv	on the other hand, then again
هیس		intj	shh
خسروانی		adj	royal
ون		noun	van
نمو		noun	growth, development
پیک		noun	messenger, courier
نشادر		noun	ammonium chloride, sal ammoniac
کماندار		noun	archer, bowman
ورد		noun	rose
آهوپای		noun	muqarnas
مصاحبه		noun	interview
یکدیگر		pron	each other, one another
استفهام انکاری		noun	A rhetorical question in which the speaker means to say the answer is negative.
پژواک		noun	echo
انعکاس		noun	reflection
همدیگر		pron	each other, one another
فاعل		noun	subject
چه کسی		pron	who
ماندگار		adj	permanent, eternal
بازرگان		noun	merchant, trader
پرتگاه		noun	precipice, cliff
سپنتا		adj	holy
بازرگانی		noun	merchandise, trade
دیسکانکت		noun	disconnect
توهم		noun	illusion
زال		noun	albino
جوزا		noun	twins
غره		adj	arrogant, proud
تعارف کردن		verb	to practice ta'arof; to be polite and deferential, to compliment or flatter; to be generous, to serve or offer
همه‌چیز		pron	everything
واسه		prep	for, by reason of, for the sake of
نجوا		noun	whisper
به‌آفریدی		noun	follower of Behafarid, an 8th-century Zoroastrian who started a religious peasant revolt
وظیفه		noun	duty, obligation; task
گوسان		noun	gusan
آیه		noun	verse (of a holy book, such as the Qur'an or Bible)
سوسمارخور		noun	lizard-eater
تازیک		noun	Arab; Arabic
به سلامت		intj	goodbye
برزخ		noun	barzakh
سده		noun	century
کنگر		noun	thistle (Cirsium et Carduus spp.)
اتراق کردن		verb	to lay over
اتراق		noun	the act of laying over
متحیر کردن		verb	to surprise or amaze
نشانه سجاوندی		noun	punctuation mark
گیومه		noun	guillemet
دانشکده		noun	college
فلان		noun	so-and-so, such-and-such; a generic placeholder name, used when one does not wish to specify a name.
بهمان		noun	so-and-so
فرسنگ		noun	farsang, parasang (unit of distance, comparable to a league)
کهربا		noun	amber
بچگی		noun	childhood
عشاق‌نامه		noun	love letter
بهاریه		noun	bahariyye
شاعرانه		adj	poetic, poetical
غیرفصیح		adj	ineloquent, inarticulate
راجع به		prep	regarding, about
پراکندگی		noun	dispersion
حسب‌حال		noun	autobiography
شر و ور		noun	nonsense
روزبه		adj	daily fortunate, happier every day
شکوفه		noun	flower, blossom, bloom
برخوردار		adj	enjoying the profits from; possessing (something good)
برگشادن		verb	synonym of گشودن
برگشودن		verb	synonym of گشودن
ورزا		noun	ox
امرار معاش کردن		verb	to make a living
کرد		noun	nomad
کلیک کردن		verb	to click
به تازگی		adv	recently
مطلع		adj	informed, aware
الگو		noun	pattern
به کار بردن		verb	to use
دیار		noun	country, land
بکر		noun	virgin
هراتی		adj	Herati
تکرار کردن		verb	to repeat
فرداشب		noun	tomorrow night
به خودی خود		adv	per se, by itself
موقت		adj	temporary, provisional
لفاف		noun	envelope, wrapping, covering
گفتمان		noun	discourse
قرض دادن		verb	to lend
دنبال ... بودن		verb	to be looking for something; to be after
شیعی		adj	Shi'ite
قالیباف		noun	carpet weaver
سیمین		adj	silver, silvery
کاک		noun	a kind of layered pastry
داروغه		noun	daroga, police chief
جغه		noun	synonym of بته جقه (botte jeqqe)
جقه		noun	synonym of بته جقه (botte jeqqe)
بته جقه		noun	boteh
سرو خمیده		noun	curved cedar
رصدخانه		noun	observatory
تیمچه		noun	small or outlying sector of a bazaar
فرگرد		noun	chapter (of a book), fargard
فرنگ		noun	Frank, French
هامون		noun	plain, level ground
مانی		noun	great painter (one as great as Mani, who illustrated the Arzhang)
پارسا		adj	pious; devout
پدرام		adj	joyous
میل داشتن	مِیْل داشْتَن	verb	to want, to like, to desire
پژوهشگر		noun	researcher
سخت‌کوش		adj	hardworking, diligent
پرتکاپو		adj	active, hardworking
ژنتیک		noun	genetics
کویر		noun	dry lake
چنار		noun	poplar
رئیس‌جمهور		noun	president
تکواندو		noun	taekwondo
کشتی فرنگی		noun	Greco-Roman wrestling
کشتی گرفتن		verb	to wrestle
بادیان		noun	fennel
دل به دریا زدن		verb	to risk
آبزن		noun	bath, pool
تظاهر		noun	pretending, feigning, dissimulation
اوکی		intj	Used to indicate acknowledgement or acceptance.
آوازه		noun	fame
قهوه ترک		noun	Turkish coffee
شکل دادن		verb	to form, to give shape
شکل گرفتن		verb	to form, to take shape
سکس دهانی		noun	oral sex
بد آمدن		verb	to dislike; see Usage notes
مزخرف		adj	golden, decorated, prettified
اینقدر		adv	this much; so much
سربازخانه		noun	barracks
کسشعر		noun	bullshit
خسته‌خانه		noun	hospice
دستشویی	دَسْتْشویی	noun	sink, washbasin
آنقدر		adv	that much
تقیه		noun	taqiyya
انسان کامل		noun	Insan-i Kamil
عمه		noun	paternal aunt
شوهرخاله		noun	husband of maternal aunt
دفن کردن		verb	to bury
انجام دادن		verb	to do, to perform
دنبال ... گشتن		verb	to be looking for
سنتور		noun	santur (type of hammered dulcimer played in Persian music)
سه‌تار		noun	setar
تنبور		noun	tanbur
تنبک		noun	tombak
منتظر ... بودن		verb	to be waiting for
عجم		noun	Persian; Iranian; Ajam
شگرفی		noun	excellence
یکبار		adv	once
قرآنی		adj	Quranic
خود را گول زدن		verb	to deceive oneself
به زبان آوردن		verb	to bring up, to mention
به یاد آوردن	بِه یاد آوَرْدَن	verb	to remember, to recall
سعی کردن		verb	to try (takes a secondary verb in the subjunctive)
عباسی		adj	Abbasid
وگرنه		adv	otherwise; or else; if not
هم‌اکنون		adv	right now
کاربرد		noun	use, usage, application
دارا بودن		verb	to have, to possess (lit. to be possessor of)
خدا را شکر		intj	thank God
تکیه‌گاه		noun	any object which provides support for another; prop
مبنا		noun	foundation, base, basis
وحشتناک		adj	horrible, terrible, awful
به نظر آمدن		verb	to seem, appear
پارو		noun	shovel
گرون		adj	expensive
چنان		adj	such as that
تصوف		noun	Sufism
این‌ها		pron	these
همکاری کردن		verb	to cooperate
پیچیدن		verb	to twist
به جای		prep	instead of
سار		noun	starling
تجمل		noun	luxury, sumptuousness, glitz
خواب بردن		verb	to fall asleep
هر دو		pron	both
تماس		noun	contact
تجدید		noun	renewal
قابل‌فهم		adj	understandable
غیررسمی		adj	unofficial
دویی		noun	duality, dualism
هیچ‌کدام		pron	neither, none
برشمردن		verb	to enumerate
در هر حال		adv	anyway, anyhow
انگشت پا		noun	toe
کالبدشناسی		noun	anatomy
استراحت کردن	اِستِراحَت کَردَن	verb	to rest
اماکن		noun	broken plural of مکان (makān /makân)
سوراخ بینی		noun	nostril
نوروزی		adj	of or pertaining to Nowruz
شبانگاه		noun	nightfall
سرودن	سُرودَن	verb	to sing, chant
سراینده		noun	composer (of words)
توجه کردن		verb	to pay attention; to concentrate
خواهش کردن		verb	to request
یقین داشتن		verb	to be sure, to be certain
حیف		noun	pity, shame
چمباتمه زدن		verb	to squat
پس‌فرداشب		noun	the night after tomorrow
پریشب		adv	the night before last
قزاق		noun	pirate, buccaneer, corsair
خرفت		noun	idiot, fool, dolt, imbecile
بازداشت		noun	arrest, detention
بهاری		adj	vernal, pertaining to spring
مربوط به آینده		adj	futuristic
بیهوده		adj	ineffective, useless, futile, pointless, trivial
صدمه دیده		adj	damaged; injured
عقیده		noun	belief, creed
مهاراجه		noun	maharaja
شباهنگ		noun	bulbul, nightingale
شرح دادن		verb	to explain
ازبکی		adj	Uzbek
راجستانی		adj	Rajasthani
ولسوالی		noun	a sub-division of ولایت (wilāyat): district
آهنگین		adj	musical, melodic
تمییز دادن		verb	to distinguish
شیشه جلو		noun	windscreen, windshield
برای اینکه		conj	because
قلیا		noun	alkali
رعیت		noun	commoner, subject
تیشه		noun	hatchet
مجرد		noun	unmarried (person)
هیچ‌گاه		adv	never, never before
فریبا		adj	charming; seductive
هیزم		noun	firewood
مزرعه		noun	farm
بوران		noun	blizzard, snowstorm
اکسیر		noun	elixir
توجیه		noun	justification
خوش‌تیپ		adj	handsome
قزلباش		noun	Qizilbash (warrior follower of the Safaviyya order of Sufis that ruled Iran from 1501, marked by their twelve-gored red 
خاتم		noun	a drawing
آدمکش		noun	assassin, murderer
جوش دادن		verb	to weld
آزمایش واحد		noun	unit test
کلوچه		noun	cookie
لحیم کردن		verb	to solder
نسبی‌گرایی فرهنگی		noun	cultural relativism
انسان‌شناسی		noun	anthropology
انسان‌شناس		noun	anthropologist
انسان‌شناسی فرهنگی		noun	cultural anthropology
آنگاه		conj	then
ناگهان		adv	suddenly
ناگه		adv	synonym of ناگهان
یکدفعه		adv	suddenly
یهو		adv	suddenly
تکان خوردن		verb	to quake, to shake
کماکان		adv	still
هماهنگی		noun	harmony, coordination
کمند		noun	lasso, noose
کرایه		noun	rent, fee for using another's property:
مساعد		noun	favorable, propitious
ترابری		noun	transportation
حمل و نقل		noun	transportation
تکاپو		noun	striving, struggle, effort, hustle
رنگ‌آمیزی		noun	coloring
پندار		noun	thought
احیانا	احیاناً	adv	possibly, by any chance
اعدام		noun	execution (killing)
اعدام کردن		verb	to execute (kill)
مغ	مُغ	noun	magus
غژگاو		noun	yak
کژ		noun	a type of silk
والسلام		intj	that's that, end of story, period
ترفیع		noun	promotion
شکستنی		adj	breakable
قشنگی		noun	beauty; elegance
در رفتن		verb	to get away (to escape)
فرار کردن		verb	to escape, to flee
غیرقابل‌فهم		adj	unintelligible
شکننده	شِکَنَنده	adj	breakable, fragile
برگرداندن		verb	to return (something), give back, hand back; send back
گونیا		noun	set square
ترجیح دادن	تَرجیح دادَن	verb	to prefer; would rather...
نوستالژی		noun	nostalgia
شانه‌بسر		noun	hoopoe
پوپک		noun	hoopoe
گدار		noun	ford, gorge
نشئه		adj	drunk, intoxicated
قرمطی		noun	Qarmatian
خرف		adj	senile
خواب‌آور		noun	soporific (a medication that induces sleep)
آشفته		adj	disturbed, distressed, disquieted, flustered, upset, troubled
دلسوز		adj	compassionate, sympathetic; moved by pity
دل‌شکن		adj	heartbreaking
دلفریب		adj	lovely, enchanting, endearing, charming, seductive
مصون		adj	immune, exempt
نگه داشتن	نِگَه داشتَن	verb	to hold, to keep
زنبق		noun	the flower iris
عامیانه		adj	colloquial
فیلمی		adj	of a film
طعم		noun	taste
مادیان		noun	mare; the female of a horse and sometimes other equine animal
کز		contraction	از که
غوز		noun	hump, hunch
جعل		noun	forgery, counterfeit
جامه‌دان		noun	suitcase, portmanteau
خاموش کردن		verb	turn off, switch off
کلنگ		noun	pickaxe
هجران		noun	a separation or remoteness from one's friend, beloved, or homeland
دردمند		noun	sick, ill
چایدان		noun	tea caddy (a box, jar, pot, or tin used to store tea leaves)
تک‌زنگ زدن		verb	to call a mobile phone and let it ring once (usually to tell the other person to call back, or to let the other person t
دژاوو		noun	déjà vu
خمیده		adj	curved, bent, crooked
کبود		adj	blue-gray
مهمان‌پرست		adj	hospitable, guest-friendly
عد		noun	a great number, a multitude
بختیار		adj	auspicious, lucky
خواستار		adj	wishful; requesting
رغبت		noun	propensity, liking, desire (for)
آرزومند		adj	wishful, desirous; eager
ریجکس		noun	regex; regular expression
ناگفتنی		adj	unspeakable
یواش یواش		adv	gradually, slowly
زیگ		noun	cord
تکوک		noun	rhyton
نردشیر		noun	backgammon
تخته نرد		noun	backgammon
کرفس		noun	celery
نکونام		adj	of good repute
گمرک		noun	customs
غیرنفتی		adj	non-oil
نزم		noun	fog, mist, haze
قبا		noun	long garment, cloak, frock
له		adj	crushed, smushed
زره		noun	armour
واش		noun	grass
گنجور		noun	treasurer
لوکوموتیو		noun	locomotive
جذاب		adj	attractive
پشمین		adj	woolen (US) or woollen (UK); wooly (US) or woolly
لرزیدن		verb	to shiver, to shudder; to shake, to tremble
کلفت		adj	thick (having a large diameter)
یاسا		noun	Yassa
سنج		noun	cymbal
زرگر		noun	goldsmith
بلعیدن		verb	to swallow, to devour
تصحیح	تَصْحیح	noun	correction
میزراه		noun	urethra
می‌گم		intj	so (used after a pause for thought to introduce a new topic, question or story)
بی‌وقفه		adj	uninterrupted, continuous
اولویت		noun	priority
قمپز درکردن		verb	to exaggerate, to overstate
خزیدن		verb	to crawl, to creep
خمیدگی		noun	curviness
ظریف		adj	subtly elegant, graceful
حقیقی	حَقیقی	adj	real, actual
پیکربندی		noun	configuration
وضعیت		noun	situation
خط کرسی		noun	baseline
دریاسالار		noun	admiral
عموم		noun	public, community
لزوما	لزوماً	adv	necessarily
کمیسیون		noun	commission (fee charged by an agent or broker for carrying out a transaction)
پرطرفدار		adj	popular (liked by many people)
ننه		noun	mother
گاز طبیعی		noun	natural gas
سی‌ان‌جی		noun	CNG
حرفه		noun	career, profession
گستردن		verb	to spread, to extend
زاق		noun	the young of anything
تلاش		noun	effort
عارض		noun	plaintiff; complainant
کشکول		noun	beggar
اشرج		noun	A horse (or some other mammal) with only one testicle.
زیزفون		noun	linden, Tilia
مایه		noun	stuff, matter, substance, essence
کازه		noun	hut; cottage
کاشانه		noun	small house
تقیه کردن		verb	to practice taqiyya
ملوس		adj	cuddly
تاک		noun	grapevine
بی‌صدا		adj	silent, mute
دوران		noun	circulation, rotation
متشکل		adj	organized, formed, constituted of
نزاع		noun	dispute, quarrel, fight; (especially) street fight, brawl
ترف		noun	qurut, kashk, black kashk
شیطان بزرگ		noun	the Great Satan; a derogatory epithet of the United States of America as an existential enemy of the Islamic world
یاسه		noun	yearning
یم		noun	sea
تنیدن		verb	to spin (a thread, a web, a cocoon, etc.)
نیوشا		adj	receptive
کلاه‌گیس		noun	wig
کرته		noun	tunic, kirtle
پیراهن		noun	cloak, shirt
سپهسالار		noun	sipahsalar
مبلمان		noun	furniture
علت	عِلَّت	noun	cause, reason
تالاب		noun	wetland
خوتکا		noun	teal
کولاک		noun	storm
شناسایی		noun	recognition, identification
ابزار		noun	tool, instrument, implement
فرانک		noun	synonym of پروانه
آمارگر		noun	amargar
آسیاب		noun	mill
فغفور		noun	emperor of China
فوت کردن		verb	to pass away
گست		adj	disgusting, nasty
فلاخن		noun	sling (weapon)
کلیچه		noun	disk
ناب		adj	pure
دیهیم		noun	diadem
بزه		noun	sin
کپه		noun	heap, pile
فرز		adj	fast, quick, brisk
برده		noun	slave
شوت		noun	shot, kick
توسی		adj	light grey
ناودان		noun	gutter, drainpipe
گاتا		noun	Gatha
خفتن		verb	to sleep
پند		noun	advice, counsel, guidance
سریدن		verb	to slide; to slip
قرنفل		noun	carnation (flower)
ماسه	ماسِه	noun	sand, gravel
تاجور		noun	king
تکفور		noun	Armenian king, particularly those of Cilician Armenia
شوره		noun	nitrous earth; saltpetre
جید		noun	long, slender, beautiful neck
سیارک		noun	asteroid
پازن		noun	ibex
رسیدگی		noun	investigation, examination
پهن		adj	wide, broad
فشنگ		noun	cartridge (firearms package)
پنداشتن		verb	to think
مجدد		adj	renewed, repeated, revised
تشی		noun	porcupine
ترک ترک		noun	leaving, desertion
عجله		noun	hurry, haste
هرج		noun	riot
مرج		noun	confines
بابونه		noun	camomile
تنک		adj	thin
آذرخش		noun	lightning
جهود		noun	Jew; (as a slur) yid, kike
آهار		noun	food
فاش		adj	open, obvious
دالان		noun	hall, corridor, vestibule
ازناور		noun	a great lord
جنگاور		noun	warrior
برشتن		verb	to toast; to roast; to fry
بریان		adj	grilled; roasted
غلتیدن		verb	to roll
جنبیدن		verb	to shake, quiver, vibrate
خراشیدن		verb	to scratch, to scrape
بایست		verb	must, had to
چغرات		noun	dripped yogurt
تطابق		noun	conformity; agreement
تمب		noun	hill
برزکوه		noun	high mountain
مومیایی		adj	of or pertaining to a mummy
حوزه		noun	sphere
یدک		noun	led horse
خرامیدن		verb	to strut, prance
رشتن		verb	to spin (to make yarn)
آماسیدن		verb	to swell
پوسیدن		verb	to rot, decay; to decompose
پژمردن		verb	to wither, to fade
سرشتن		verb	to knead
نحو		noun	syntax
خستن		verb	to wound, to injure
افرنگ		noun	throne
ابرنجک		noun	lightning
تخریب		noun	destroying, destruction; devastation
وجهه		noun	side, direction
جایگزین		noun	surrogate, substitute, replacement
کف		noun	foam
گشایش		noun	opening; act of becoming open
گرامی		adj	precious, excellent
ضمن		noun	content
انبوه		noun	mass, heap
توسعه		noun	development, extension, expansion
بنابراین	بِنابَراین	adv	thus, therefore
حجم		noun	volume, bulk, mass, magnitude
شکیفتن		verb	to be patient, wait
پراکندن		verb	to scatter, disperse
آغشتن		verb	to soak, steep
مقاوم		noun	opponent
نگاشتن		verb	to draw, paint
تاختن		verb	to run; chase
ستودن		verb	to praise, to commend
خشن		adj	rough, rude, coarse, harsh
تافتن		verb	to twist
نهادن		verb	to put; to place; to lay; to set
نوین		adj	new
شوید		noun	dill
لوز		noun	almond
قلمرو		noun	realm, dominion; territory; jurisdiction
تضمین		noun	guarantee
توزیع		noun	distribution
ویراستن		verb	to arrange, prepare
قلمدان		noun	pen box
تحلیلگر		noun	analyst
ملوان		noun	sailor
توسکا		noun	betulaceous tree, alder or birch (whereof the disyllables more often alder and the monosyllables birch)
نغز		adj	good
استکان		noun	glass
هشتن		verb	to let, allow
تفسیدن		verb	to become hot
ناچخ		noun	A medieval polearm, a halberd
انبوییدن		verb	to smell
نیوشیدن		verb	to listen; to accept
شادمان		adj	happy; jubilant; glad of mind
ژوژ		noun	hedgehog
بخشودن		verb	to forgive, pardon, have mercy
پیوسیدن		verb	to hope
ستردن	سِتُردن	verb	to wipe
زدودن		verb	to remove (dirt, an impurity, body hair, etc.)
ربودن		verb	to seize, snap
توبره		noun	bag, sack
ستبر		adj	strong, firm
شنوشه		noun	sneeze
اشکفت		noun	cave
سکرفیدن		verb	to stumble
سکیزه		noun	jump, leap
سکیزیدن		verb	to jump, leap
بازشناختن		verb	to recognize
فرناس		adj	unaware, oblivious
نوش‌دارو		noun	elixir
کامستن		verb	to wish, to desire
تاوستن		verb	to endure
سهستن		verb	to seem
پیختن		verb	to twist; wrap
وانستن		verb	to conquer, to overcome
درود بر تو		intj	well-being to you, peace to you, peace be upon you
گرویدن		verb	to convert, come to faith
پژوهیدن		verb	to examine, to investigate, to research
اوان		noun	time, season
آوام		noun	time, season
وخشیدن		verb	to grow, to wax
بسنده		adj	sufficient; (adverb) enough
بامی		adj	beaming, radiant, brilliant, shining
توژ		noun	birchbark
ناژو		noun	pine tree
اوژنیدن		verb	to kill, to slay
ژیگولو		noun	gigolo
ژیگول		noun	dandy, beau
زغال		noun	coal
غسل کردن		verb	to take a bath, take a shower, bathe.
کپسول		noun	capsule
ریه		noun	lung
مویرگ		noun	capillary
سرزنده		adj	lively
کالنگ		noun	clam
داس		noun	sickle
اشتلم		noun	violence
شناور		adj	floating
کاسب	کاسِب	noun	merchant, shopkeeper, tradesman
کاسبی		noun	business of trading
تالاسمی		noun	thalassemia
فرمانده		noun	commander, general
کارگردان		noun	director, producer
رسانه		noun	media; media outlet
ارباب		noun	boss
پیکار		noun	battle
مملو		adj	full
خشاب		noun	magazine, ammunition clip
داروساز		noun	pharmacist
داروسازی		noun	pharmaceutics, pharmacy (science of medicinal substances)
پنکه		noun	fan (electrical device)
ملافه		noun	bedsheet
تنبیه		noun	reprimand, reproach, warning
پولیو		noun	polio
فلج اطفال		noun	poliomyelitis
فلج		noun	paralysis, palsy
قضاوت		noun	verdict; judgement
تزار		noun	tsar
پای‌بست		adj	synonym of پایبند
پایبند		adj	faithful, adherent, committed, bound
پولادی		adj	made of steel
جه		noun	Kabuli and Hazaragi form of جا
بزرگ‌امید		noun	hopeful
تشک		noun	mattress, pad
یاکند		noun	ruby
کالبد		noun	form, frame, structure
سنگک		noun	small stone
سوخ		noun	onion
مروزی		noun	a person from Merv
بایکوت		noun	boycott
مار در آستین پروراندن		verb	to nourish a viper in one's bosom
مولانا		noun	maulana; a title for religious scholars, most famously held by the poet Rumi
لام		noun	27th letter in the Persian alphabet (ل)
شهریه		noun	tuition
آرشه		noun	bow (used for playing various stringed musical instruments)
افسردگی		noun	depression
هشدار		noun	warning
شهروند		noun	citizen
شهروندی		noun	citizenship
سقوط	سُقوط	noun	fall, falling, downfall
ویولنسل		noun	violoncello, cello
ساربان		noun	caravanner, caravaneer (leader of caravan)
ریاضی‌دان		noun	mathematician
کورتاژ		noun	curettage, D and C or D&C
لرزش		noun	tremor
کبد		noun	liver
پلکان		noun	stairs, staircase
داشن		noun	gift, present, donation
رولت		noun	roulette
الویه		noun	Russian salad, Olivier salad
قلمبه		noun	lump
کومه		noun	heap, mound
نیاز داشتن		verb	to need, to require
کمپلت		adj	complete
رمق		noun	last breath (of life)
ایر		adj	noble
مجهز	مجهّز	adj	equipped
رویکرد		noun	approach
تأمل	تَأَمُّل	noun	consideration; reflection; contemplation
کولتور	کُولْتُور	noun	culture
انجنیر		noun	engineer
گرداب		noun	whirlpool
همهمه		noun	tumult
سرود		noun	anthem
سفره‌خانه		noun	A traditional-style Iranian restaurant, where guests are seated on individual raised platform areas covered with Persian
گروگان		noun	hostage
سنبله		noun	ear of corn
گروگان‌گیر		noun	hostage-taker
گروگان‌گیری		noun	hostage-taking
شایعه		noun	rumour
تاپه		noun	stamp, seal
سانتی‌متر		noun	centimetre (UK) / centimeter (US), cm
کوچ		noun	migration (originally of nomadic tribes, now generally)
سوخت		adj	burnt
متاهل		adj	unhamzated form of متأهل
سریع‌السیر		adj	express (train etc.)
تضاد		noun	opposition, being contrary, being in conflict
سند		noun	document, deed
ضعف		noun	weakness
همه‌پرسی		noun	referendum
رفراندوم		noun	referendum
رأی‌دهنده		noun	voter
نظرسنجی		noun	opinion poll
پشمک		noun	candy floss
پندک		noun	hazelnut
بوت		noun	boot
چیپس		noun	crisps, chips (US)
گردنا		noun	spit, skewer
گاماس		adv	slowly
الوس		noun	white horse
نبید		noun	wine
لزگه		noun	piece, slice
شرنگ		noun	colocynth
کاس		noun	hog
آلفته		adj	enamored
سینه‌بند		noun	bra
پستان‌بند		noun	bra
پستانک		noun	dummy, binky, pacifier (a plastic or rubber teat used to soothe or comfort a baby)
اسبه		noun	dog
جالیز		noun	A vegetable patch; vegetable garden
خاییدن		verb	to gnaw; to chew
آلیختن		verb	to leap
آکج		noun	hook
کانا		adj	stupid, foolish
انتفاعی		adj	for-profit
هیولا		noun	monster
روناس		noun	madder
ساستا		noun	tyrant
نخست‌وزیر		noun	prime minister
موافقت‌نامه		noun	agreement
زن‌ستیزی		noun	misogyny
زند		noun	exegesis, interpretation
نگندن		verb	to bury
گردباد		noun	whirlwind, tornado
کندو		noun	beehive
نجات		noun	salvation, saving
دغدغه		noun	worry, angst
پایستن		verb	to remain
پانید		noun	condensed juice of sugarcane, syrup, molasses
ذره‌بین		noun	magnifying glass
سرطان‌زا		adj	carcinogenic
سام		noun	fire
اندودن		verb	to besmear
حل کردن		verb	to dissolve
تلقی کردن		verb	to regard
تلقی		noun	receiving
موقعیت		noun	position, situation
اقتضا کردن		verb	demand
اصطکاک		noun	friction
موثق		adj	reliable, trustworthy
مهار		noun	halter, longe, bridle
مناقشه کردن		verb	to dispute, quarrel
یارستن		verb	to be able to
ستور		noun	pack animal, beast of burden
نیان		noun	hidden treasure
فرارون		adj	forward
نیو		adj	brave, valiant
لاغ		noun	joke, jest
اشتباه لپی		noun	slip of the tongue
اقتضا		noun	unhamzated form of اقتضاء (“exigency, demand”)
بحبوحه		noun	middle part
لاف		noun	boast
سپریغ		noun	bunch (of grapes or dates)
غژب		noun	a grape
تنبسه		noun	rug, carpet
رخشیدن		verb	to shine
کخ		noun	goblin, bogey
نشپیل		noun	fishing rod
مزنه		noun	cloud; rain cloud
شفک		adj	shabby; mean
باخه		noun	turtle, tortoise
سندان		noun	anvil
سکان		noun	rudder
وسناد		prep	because of, on account of
خنیاگر		noun	entertainer
خنیا		noun	music
هسر		noun	ice
برف‌روب		noun	snow plough
شهرک‌سازی		noun	town-building, the construction of (small) towns
شهرک		noun	town
انتقاد کردن		verb	to criticise
جلیقه		noun	waistcoat, vest
جشنواره	جَشْنْوارِه	noun	festival
جبهه		noun	front, face, façade
تازیانه		noun	whip
شفتالو		noun	nectarine
کروگر	کَروگَر	noun	creator
مجسمه‌ساز		noun	sculptor
مجسمه		noun	sculpture (work of art created by sculpting), statue
مجسمه‌سازی		noun	sculpture
ادامه		noun	continuation
موسیقی‌دان		noun	musician
دروازه‌بان		noun	goalkeeper
آتش‌نشانی		noun	fire brigade
آتش‌نشان		noun	firefighter, fireman, firewoman
تیان		noun	pan
لوید		noun	cauldron
مقتول		noun	murdered person, killed person
سربند		noun	headband
پیاده‌رو		noun	pavement
پمپ بنزین	پُمْپِ بِنْزین	noun	petrol station, garage
حس		noun	sense
دست‌فروش		noun	pedlar, peddler
رقص باله		noun	ballet
باله		noun	ballet
خانه‌دار		noun	househusband or housewife, homemaker (US)
ورتاج		noun	mallow
خوید		noun	seedling
شکستگی		noun	fracture
جنگنده		noun	fighter jet, fighter plane
اف		noun	Transliteration of the name of the letter f in English and other European languages.
نمک‌سود		adj	salted, salt-cured
شمر		noun	pond
اسیدپاشی		noun	acid attack
خجالتی		adj	shy
خجالت		noun	embarrassment; shame; bashfulness; shyness
جواهرفروش	جَواهِرفُروش	noun	jeweller
جواهرفروشی		noun	jeweller's, jewellery shop
جواهر		noun	jewel, jewellery
جواهری		noun	jeweller's, jewellery shop
بین التعطیلین		noun	a day that falls between two holidays and becomes an unofficial holiday
دسته چک	دَسْتِهٔ چِک	noun	chequebook
سمفونی		noun	symphony
آکورد		noun	chord
کوک کردن		verb	to tune
خرک		noun	A small donkey.
یبوست		noun	constipation
عزادار		adj	mournful, in mourning
عزا		noun	mourning
زنجیرزنی		noun	Ritual self-flagellation with chains, especially during the mourning period of Muharram.
نواربهداشتی		noun	sanitary pad, sanitary towel
بهداشتی		adj	hygienic
بهداشت		noun	hygiene, health science
تامپون		noun	tampon
خونریزی		noun	bleeding, a bleed, haemorrhage
لایک		noun	like (the act of showing support for, or approval of, something posted on the Internet by marking it with a vote)
گرگ‌ومیش		noun	twilight
میده		noun	fine wheat flour; sifted flour
مظنون		adj	suspected
مظنونین		noun	broken plural of مظنون (maznūn /maznun)
پایگاه	پایْگاه	noun	base
شنگویر		noun	ginger
بشردوستی		noun	humanitarianism
بشردوست		noun	humanitarian
نیروگاه هسته‌ای	نیروگاه هَسته ای	noun	nuclear power station
هسته‌ای		adj	nuclear
پرتو		noun	ray, ray of light
پرتوزا		adj	radioactive
مندل		noun	the charmed circle of a conjuror
توصیه		noun	recommendation
سیاه‌چال		noun	dungeon
لرزانک		noun	jelly
ماشین لباس‌شویی	ماشینِ لِباسشویی	noun	washing machine
فری		adj	dear, beloved
انتحار		noun	suicide
بمب‌گذار انتحاری		noun	suicide bomber
بمب‌گذار		noun	bomber
انتحاری		adj	suicidal, relating to suicide
جداگانه		adj	solitary
تخمک		noun	ovum, egg cell
تخمک‌گذاری		noun	ovulation
مثانه		noun	bladder, urinary bladder
دیابت		noun	diabetes
وزوز گوش		noun	tinnitus
عفونت		noun	infection
پروستات		noun	prostate
بیماری قند		noun	diabetes
بیماری‌زا		adj	pathogenic
چیالک		noun	strawberry
ملاطفت		noun	kindness, affection
بواسیر		noun	haemorrhoids
آوردگاه		noun	battlefield
ساق		noun	foreleg, shank, shin
مدور		adj	round, circular
گوگولی مگولی		adj	sweet, cute
ادغام		noun	amalgamation, coalescence, merge
مشاجره		noun	dispute, quarrel, argument, brannigan
جواری		noun	sorghum
اندی		adv	otherwise
وب‌سایت		noun	website
سایت		noun	site (a website)
میزبانی وب		noun	web hosting
بردگی		noun	slavery
وین		noun	black grape
ضرب‌الاجل		noun	deadline
انفجار		noun	explosion
انفجاری		adj	explosive
راننده		noun	driver
نمکدان		noun	salt cellar, salt shaker
بانکدار		noun	banker
آنتی‌ژن		noun	antigen
سلول		noun	cell (the basic unit of a living organism)
حمله انتحاری		noun	suicide attack
سس		noun	sauce, condiment
ممه		noun	boob, tit
ایدر		adv	here
ایرا		conj	herefore, for this reason, because
ماهی‌تابه		noun	frying pan
سهل ممتنع		adj	Difficult or complicated (of thing, concept, or task) while looking easy to comprehend, do, or imitate at first sight.
نت		noun	note
کافی‌نت		noun	Internet café
فا		noun	F, Fa (the fourth note of the fixed-Do solfège scale)
سلفژ		noun	solfège
خانات		noun	khanate
دهش		noun	generosity, largesse, liberality
شهود		noun	intuition
صدور		noun	issuance
صور		noun	horn, large trumpet
عجز		noun	weakness, debility, inability, incapacity
فرود		adv	down
فعال		adj	active
قواد		noun	pimp, procurer
نمور		adj	dank, damp
وجوه		noun	fund (money for something)
کر آنگله		noun	cor anglais
تنبان		noun	breeches
تبلت		noun	tablet, tablet computer
عصا		noun	stick, rod, staff
فیروزه‌ای		adj	turquoise, turquoise-colored
بازسازی		noun	reconstruction, reconstitution
پیکارجو		noun	militant
لپه	لپّه	noun	yellow split pea
دی‌ان‌ای		noun	DNA
هپاتیت		noun	hepatitis
پناهجو		noun	asylum seeker
پذیرش		noun	acceptance
دیالیز		noun	dialysis
کوکی		noun	cookie (an HTTP cookie)
کتاب‌فروش		noun	bookseller
ماهی‌فروش		noun	fishmonger
عمده‌فروش		noun	wholesaler
میوه‌فروش		noun	fruit seller, fruit-seller, fruitmonger
دادمه		noun	elder
شیرینی‌فروش		noun	confectioner, sweet seller, pâtisserie-seller
زرمان		noun	decrepit old man
فرچه		noun	shaving brush
پچین		noun	copy (result of copying; an identical duplication)
گلخانه		noun	greenhouse
سیستم عامل		noun	operating system
ابولا		noun	Ebola (shortening for Ebola virus and Ebola fever)
گاز گلخانه‌ای		noun	greenhouse gas
اثر گلخانه‌ای		noun	greenhouse effect
بارداری		noun	pregnancy
حاملگی		noun	pregnancy
اسپرم‌کش		noun	spermicide
اسپرم		noun	fragrant herb; medicinal herb
سوزاک		noun	gonorrhoea
اچ‌آی‌وی		noun	HIV
کلامیدیا		noun	chlamydia
سیفلیس		noun	syphilis
بیماری آمیزشی		noun	sexually-transmitted disease
گنوره		noun	gonorrhoea
دستمال کاغذی		noun	paper handkerchief, tissue
تلیسه		noun	heifer
هپاتیت ب		noun	hepatitis B
هپاتیت سی		noun	hepatitis C
هپاتیت ویروسی		noun	viral hepatitis
مالاریا		noun	malaria
پشه‌بند		noun	mosquito net
ورزشگاه		noun	stadium
انرژی اتمی		noun	atomic energy
انرژی مکانیکی		noun	mechanical energy
انرژی جنبشی		noun	kinetic energy
ساپورت		noun	stockings, tights, hold-ups
لباس زیر		noun	underwear, undergarments
کشتارگاه		noun	abattoir
انیمیشن		noun	animation
یخ‌زده		adj	frozen
پرفروش		adj	best-selling
ناآرامی		noun	unrest
مین‌روب		noun	minesweeper (object)
تخار		noun	Tocharian (any member of the Tochari, a people who inhabited Bactria)
بوزه		noun	beer
پلم		noun	elder, elderberry
گیله		noun	berry
پلوپز		noun	rice cooker
وسط		noun	middle
ناپاز		adj	impure
فرناد		noun	ford
توسن		adj	disobedient
لوده		noun	pannier
قفا		noun	back of the neck; nape
پازش		noun	purification, cleaning, cleansing
برازیدن		verb	to beautify
نرخ بهره		noun	interest rate, rate of interest
نرخ ارز		noun	exchange rate
آلومینیوم		noun	aluminium
باستان‌شناسی		noun	archaeology
باستان‌شناس		noun	archaeologist
شیمی هسته‌ای		noun	nuclear chemistry
فیزیک هسته‌ای		noun	nuclear physics
رآکتور هسته‌ای		noun	nuclear reactor
سلاح هسته‌ای		noun	nuclear weapon, nuclear arm
جنگ‌افزار هسته‌ای		noun	nuclear weapon
گداخت هسته‌ای		noun	nuclear fusion
کنشگر		noun	activist
کنشگری		noun	activism
مامایی		noun	midwifery
ام‌آرآی		noun	MRI
جلوگیری		noun	prevention
پنیرک		noun	mallow, malva
تست بارداری		noun	pregnancy test
آلفتن		verb	to enamor
تست		noun	test
خروج		noun	exit
خروج اضطراری		noun	emergency exit
فوتبال آمریکایی		noun	American football
قارچی		adj	fungal, of or pertaining to fungi or mushrooms
تولید ناخالص داخلی		noun	gross domestic product, GDP
تولید ناخالص ملی		noun	gross national product, GNP
بساک		noun	wreath, garland
یوز		noun	cheetah
ایستگاه قطار	ایسْتْگاهِ قَطار	noun	railway station
بطری		noun	bottle
ممنوعیت		noun	prohibition, ban
ایالات		noun	broken plural of ایالت (iyālat /iyâlat)
زیستگاه		noun	habitat
خیانت		noun	betrayal, including
خیانت‌کار		noun	traitor
زایمان		noun	childbirth, labour
کاریکاتوریست		noun	caricaturist
آرپی‌جی		noun	RPG, rocket-propelled grenade
سردبیر		noun	editor-in-chief
همبستگی		noun	solidarity
بمب آتش‌زا		noun	incendiary bomb
آتش‌زا		adj	incendiary
نقاب‌دار		adj	masked
کلاشینکف		noun	Kalashnikov (model of Russian assault rifle)
شلیک		noun	volley
شلیک کردن		verb	to shoot, to fire
ظاهرا	ظاهراً	adv	apparently
پشک		noun	cat
آزبست		noun	asbestos
سهام‌دار		noun	shareholder
اقتصاددان		noun	economist
سود سهام		noun	dividend (a pro rata payment of money by a company to its shareholders)
کلر		noun	chlorine
لارژ		adj	large (of size)
سوخاری		noun	rusk
بخیدن		verb	to card (wool or cotton) (?)
واخیدن		verb	to card (wool or cotton)
استخدام		noun	employment
شخودن		verb	to scathe, injure, hurt
ژی		noun	pond, lake, mere
نکانک		noun	sausage
زویج		noun	sausage
هیور		noun	brother-in-law (one's husband's brother)
اتخاذ		noun	adoption, selection, choosing for oneself
استعمار		noun	colonization
استقرار		noun	establishment, installment
اشتغال		noun	employment, occupation
التماس		noun	supplication
انفعال		noun	reaction
انقضاء		noun	termination, expiration, expiry
بدو		noun	the very beginning
بروز		noun	emergence, appearance (act of appearing)
حرمان		noun	thwarted plan, frustrated hope, disappointment
خطاب		noun	address; speech addressing someone
دوام	دَوام	noun	durability; durableness
سماع		noun	hearing
طراح		noun	designer
عبوس		adj	morose; grim; austere
علو		noun	height
فقدان		noun	privation, absence, lack
قبال		noun	opposite side, facing side
قمار		noun	gambling
لحاظ		noun	perspective, vantage point
مرور		noun	passing, passing by
وصول		noun	arrival, reaching, attaining
وقوف		noun	awareness; being aware or informed
جسم گلژی		noun	Golgi apparatus
دستگاه گلژی		noun	Golgi apparatus
ورزه		noun	acquiring, accomplishing
بند «پ»		noun	Paragraph (p) (a fictional clause used as a reference to cronyism).
شفاف		adj	transparent, see-through
نقص		noun	deficiency, imperfection
کوس		noun	Kus, a large ancient Persian drum akin to a timpani.
ربع		noun	quarter, one-fourth
خمس		noun	fifth (one of five equal parts of a whole)
مد	مُد	noun	fashion
عمق		noun	depth
لؤلؤ		noun	pearl
سپند		noun	wild rue (Peganum harmala)
محب		adj	loving
عقب		noun	heel
صنع		noun	production, productive power, capacity or process of creation
حاء		noun	the name of the Arabic script letter ح
خبری		noun	predicative
بدل		noun	fake, replica
تبادل		noun	exchange
نفع		noun	gain, profit, benefit
حشر	حَشَر	noun	strong, accumulated sexual urge
نزع		noun	death throes
قاف		noun	the letter ق
صاد		noun	the letter ص
سحاب		noun	clouds
مستمر		adj	permanent, enduring
شبه		noun	similar to, -like, quasi-, -oid, pseudo-
مدخل		noun	lemma, dictionary form of a word
ذال		noun	the letter ذ
طاء		noun	the name of the Arabic script letter ط
ظاء		noun	the name of the Arabic script letter ظ
کمبیزه		noun	Armenian cucumber
میلاو		noun	pupil, apprentice
معرض		noun	place of exposure; being exposed
مسئول		adj	responsible; liable
طمع		noun	covetousness, desire
درج		noun	jewel case, jewel box, casket
مضارع		noun	present/non-past tense
منصوب		adj	appointed, installed, nominated
فاتح		adj	victorious, triumphant
التماس کردن		verb	to beseech, implore, beg
نافع		noun	useful, profitable, beneficial, advantageous
جد		noun	ancestor
بلمه		noun	long or thick beard
سگرنه		noun	porcupine
کاکل		noun	lock, forelock
داعشی		noun	an ISIL militant
الموتی		adj	of or pertaining to Alamut (castle or region)
تسو		noun	hour
منج		noun	bee
حفر		noun	dig, excavation
مقر		noun	headquarters
خشین		adj	ashen, gray
مطلوب		adj	desired; wished-for
درونه		noun	bow related senses
سرهنگ		noun	captain, chief, commander
مجتمع		adj	assembled, convened
موظف		adj	charged, bound; having the responsibility to
لاتو		noun	rope ladder
بلسک		noun	spit
گوپال		noun	club, cudgel, mace
نشلیدن		verb	to set; put; place
منجر شدن		verb	to result
مؤلف		noun	writer, author
صفا		noun	purity, clearness
ماش		noun	mung bean (Vigna radiata, ماشسبز (mâš-sabz)) and mungo bean (Vigna mungo, ماشسیاه (mâš-siyâh))
سمت		noun	side; way; hand; direction
کدین		noun	mallet
پتک		noun	sledgehammer
پلوک		noun	sledgehammer
لاخ		noun	lock (of hair)
لوس		adj	spoiled, pampered (e.g. of a child)
شایورد		noun	halo
باطل		adj	null, void, cancelled
غرغر		noun	murmur, muttering
خرطوم		noun	trunk (of an elephant)
اسکدار		noun	postrider
پخسیدن		verb	to wither
فرخسیدن		verb	to dance
پاگون		noun	epaulette
راک		noun	ram (animal)
دخش		adj	dark, dusky
تعامل		noun	interaction
تحمل		noun	tolerance; endurance
شکاله		noun	splinter, fragment, shard
تناسب		noun	proportion
تردد		noun	regular traffic; movement back and forth
لچر		adj	slovenly, sluttish, sloppy
لخت		adj	naked, nude
دژمان		adj	upset, sorry
سلندر		adj	vagrant, vagabond
خز		noun	fur (used for clothing)
بشقاب		noun	plate, dish
قاطر		noun	mule
متاع		noun	good, possession, merchandise
غلیواج		noun	kite
خات		noun	kite (bird)
سپزگ		noun	talebearer, telltale
نقد		noun	cash (money in hand)
صراف		noun	money changer
حساس		adj	sensitive, easily affected
حبس		noun	imprisonment, incarceration
حصار		noun	fence, barrier
تقاطع		noun	intersection
گریچه		noun	room, chamber
بیدستر		noun	beaver
جوال		noun	large sack
گردهمایی		noun	meetup
بقال		noun	grocer
پالیدن		verb	to seek
کید		noun	witchcraft
طرد		noun	expulsion, rejection, driving away
گودر		noun	fawn
سنکوپ		noun	syncope (loss of consciousness)
ناموس		noun	namus: notion of honor, moral reputation, and female chastity
حاج		noun	a title given to people who have performed the pilgrimage to Mecca (hajj).
منگوله		noun	tassel
منگال		noun	sickle
زیغ		noun	hatred
زجاج		noun	glass
سنبالو		noun	monkey
سمور		noun	sable
لانجین		noun	a large earthen bowl
ساتگینی		noun	chalice
گرازیدن		verb	to strut
زلیفن		noun	threat
تبار		noun	lineage, descent, origin, roots
آبنوس		noun	ebony
ته‌چین		noun	an Iranian dish, a rice cake composed of rice, yogurt, saffron and other spices, egg, and chicken or other meat or filli
بستو		noun	a ceramic jar
خلج		noun	Khalaj (person)
رمال		noun	geomancer
سموت		noun	part of a horse harness, probably a collar or hame
طلبات		noun	broken plural of طلب (talab)
لجن		noun	mud, slime
مقررات		noun	provisions, requirements, stipulations
نقب		noun	tunnel
وفور		noun	abundance, plenty
سمر		noun	story, tale, legend
مرتب	مُرَتَّب	adj	arranged, consolidated
احول		adj	squint-eyed
زغار		noun	dampness
ژغار		noun	roar, yell, bellow
فاخر		adj	outstanding, excellent, prime, superb, magnificent
خالص		adj	pure, unmixed
متعهد		adj	obliged; committed; with the responsibility to
مسن		adj	old, aged
وفق		noun	accordance; conformity; accommodation
فرع		noun	subsidiary point, secondary matter
بگماز		noun	drinking party; banquet
اردوگاه		noun	camp, campsite
مرگبار		adj	lethal, mortal, deadly
مراسم		noun	ceremony
گلدار		adj	flowering
باطن		noun	interior, inside
ماسک		noun	mask
روبنده		noun	face veil, niqab (a veil which covers the face, worn by some Muslim women as a part of sartorial hijab)
جک		noun	jack
تروریسم	تِروریسْم	noun	terrorism
دلیل		noun	reason, cause
دستگیری	دَسْتْگیری	noun	arrest
حتما	حتماً	adv	certainly, necessarily, surely
خشکسالی		noun	drought
قحطی		noun	famine, dearth
فرخنده		adj	lucky, fortunate, blessed
زده		adj	having holes, worn out, injured
کانگورو		noun	kangaroo
سلفی		noun	selfie (a photographic self-portrait)
متداول		adj	common; in widespread use; fashionable
منصف		adj	just, equitable, fair (of a person)
تواضع		noun	humility
متواضع		adj	humble
استناد		noun	relying on, drawing upon (e.g. a source)
التفات		noun	enallage; apostrophe
امتداد		noun	extension, prolongation
انبساط		noun	expansion
انعقاد		noun	coagulation, clotting
حسود	حَسود	adj	envious, jealous
خسران		noun	loss
رواح		noun	evening
صعود		noun	climbing, mounting
عبور		noun	crossing, passing
محو		noun	erasure, effacement, wiping away
نجاح		noun	success, victory
جراحی		noun	surgery
تومور		noun	tumour
کیست		noun	cyst
تخمدان		noun	ovary (female reproductive organ)
اعتصاب		noun	strike (work stoppage)
خوش‌خیم		adj	benign
بدخیم		adj	malignant
يحتمل		adv	most likely, most probably
ایستگاه فضایی	ایسْتْگاهِ فَضایی	noun	space station
ایستگاه مترو		noun	underground station, tube station, metro station
یاد دادن		verb	to teach
محصولات		noun	broken plural of محصول (mahsūl /mahsul)
عنف		noun	violence, force
تحقق		noun	achievement, accomplishment, realization
تسنن		noun	Sunnism, Sunni Islam
کرب		noun	field maple (Acer campestre)
تلف		noun	destruction, perishing, waste, death
تهم		adj	valiant, mighty, heroic
تتق		noun	curtain
تبحر		noun	erudition, specialist knowledge
تخلف		noun	infraction, violation
تذرو		noun	pheasant
ترن		noun	train; synonym of قطار (qatâr)
ترب		noun	radish
ترحم		noun	compassion, commiseration, pity
رخت		noun	apparatus, goods and chattels of a household
ترم	تِرم	noun	academic term, semester
سرقت		noun	theft; robbery; stealing
تسلط		noun	rule, dominion
سمنت		noun	cement (powdered substance)
شربت		noun	sharbat, sherbet
تصرف		noun	occupation
طاعت		noun	worship, act of obedience to God
ظلمت		noun	obscurity, darkness
عاقبت		noun	consequence, repercussion
تعرض		noun	assault; aggression
عزلت		noun	seclusion, sequestered life
تعهد		noun	commitment, obligation
غربت		noun	exile (as a state); being away from one's native land
فرت		noun	loom (weaving frame)
قامت		noun	stature, figure
قدمت		noun	ancientness, antiquity
قربت		noun	proximity, nearness, closeness
تقلب	تَقَلُّب	noun	trickery; fraud; falsification
لعبت		noun	toy, plaything
نسبت		noun	relation; connection
تنفر		noun	hate
تنقل		noun	snacks
تهاجم		noun	invasion, offensive
وحدت		noun	unity
خف		noun	amadou
خلوت		adj	uncrowded, with few people
ربوت		noun	hoopoe
ازن		noun	ozone
ساو		noun	tribute
اغلب	اَغلَب	adv	often
اقدس		adj	holy, holiest
لق		adj	loose, rickety, rocky, wobbly
رع		noun	Ra, ancient Egyptian deity of the Sun
تبرزين		noun	battleaxe, axe
فی		noun	tribute
پارچ		noun	jug, pitcher (US)
مصور		adj	illustrated, pictorial
یوزپلنگ		noun	cheetah
نصب		noun	installation, setting up
نمد		noun	felt
نهم		adj	ninth
برنا		adj	adolescent, young
نخل		noun	date palm, palm
درنا		noun	crane, Gruidae
نزار		adj	feeble, haggard, thin
نقال		noun	storyteller; narrator
نقض		noun	violation (of a treaty, an agreement)
ننو		noun	hammock
نورد		noun	cylindrical tool used in rolling things:
روا		adj	allowable, permissible, admissible, lawful
سرو		noun	cypress
هشتگ		noun	hashtag (metadata tag, signalled by a preceding hash sign (#), used to label content)
غرو		noun	reed
غلو	غُلُوّ	noun	exaggeration; hyperbole
فرو		adv	down
قوا		noun	military, forces
دعوا		noun	quarrel, dispute, argument, disagreement
خط‌کش		noun	ruler
بتن		noun	concrete
اربون		noun	earnest money
لدن		adv	near, close
برزن		noun	quarter (of a town, city)
لپان		adj	glittering
لیان		adj	gleaming, brilliant
زبان گنجشک		noun	ash tree
وتو		noun	veto
سالگرد		noun	anniversary
روزمره		adj	everyday, quotidian
داس و چکش		noun	hammer and sickle
وام		noun	loan
وام‌دهنده		noun	creditor
اختاپوس		noun	octopus (any of several marine molluscs of the family Octopodidae)
هشت‌پا		noun	octopus (any of several marine molluscs of the family Octopodidae)
ستاره دریایی		noun	starfish (any of various asteroids or other echinoderms)
پلانکتون		noun	plankton
پناهندگی		noun	asylum
پناهندگی سیاسی		noun	political asylum
یادگیری		noun	learning
داکتر		noun	doctor
بسمل		adj	slaughtered, butchered
الهیات		noun	theology
گرافیتی		noun	graffiti
مدرن		adj	modern
تونل		noun	tunnel
زیردریایی		noun	submarine
تدفین		noun	burial, inhumation
بشردوستانه		adj	humanitarian
فعل مرکب		noun	compound verb
اورانیوم		noun	uranium
قدرت هسته‌ای		noun	nuclear power (a nation that possesses nuclear weapons)
قاچاقچی		noun	smuggler, trafficker
آب‌های بین‌المللی		noun	international waters
سانتریفیوژ		noun	centrifuge
قرارداد		noun	contract
بیچاره		adj	helpless, poor
مهمانخانه		noun	guesthouse
جهاندیده		adj	experienced
چهارپا		noun	tetrapod, quadruped
دوپا		noun	biped
دولتمند		adj	wealthy
نابود		adj	nonexistent
مننژیت		noun	meningitis
کزاز		noun	tetanus
آلرژی		noun	allergy
سیاه‌سرفه		noun	whooping cough, pertussis
گام ماژور		noun	major scale
گام مینور		noun	minor scale
زهد		noun	asceticism
آرپژ		noun	arpeggio
ریتم		noun	rhythm, time
اکتاو		noun	octave
فشار		noun	pressure (physical, figurative)
دجال		noun	Antichrist, false Messiah, dajjal
موشک بالیستیک		noun	ballistic missile
خبرگزاری		noun	news agency
دوجانبه		adj	bilateral
پوند		noun	pound (unit of weight)
لیره		noun	lira, a denomination of currency used in Turkey
اخگر		noun	embers, hot charcoal
طحال		noun	spleen, milt
اسپرز		noun	spleen, milt
بمل		noun	flat
نت گرد		noun	semibreve or whole note (US)
نت سفید		noun	minim or half note (US)
نت سیاه		noun	crotchet or quarter note (US)
نت چنگ		noun	quaver or eighth note (US)
نت دولا چنگ		noun	semiquaver or sixteenth note (US)
خط میزان		noun	bar line, barline
کسر میزان		noun	time signature
استعمارگری		noun	colonialism
برنده		noun	winner
منتقد		noun	critic, reviewer
خواننده اپرا		noun	opera singer
کنسرتو		noun	concerto
کاتالوگ		noun	catalogue
خوشبخت		adj	happy with life, fortunate, fulfilled in life
پنجم درست		noun	perfect fifth
چهارم درست		noun	perfect fourth
نیم پرده		noun	semitone or half step
افلاطونی		adj	Platonic (related to Plato)
انگار		conj	as if
بوز		noun	wasp
تراش		noun	shaving, scraping, erasing, paring
خیز		noun	leap
سریش		noun	lime, glue
سپار		noun	a plough, ploughshare, mattock
شمار		noun	number, quantity
شکیب		noun	patience
ویرا		adj	aware, learned
پرس		noun	mechanical press (machine)
اموی		adj	Umayyad
پروتستان		noun	Protestant
پروتستانی		adj	Protestant
ارتدکس		adj	orthodox
دوازده‌امامی		adj	Twelver
کش		noun	rubber band
گذار		noun	transition
گذر		noun	passage, transit, passing (something)
گریز		noun	flight, escape
گوی		noun	ball
عمدا		adv	on purpose, deliberately, intentionally
سوشی		noun	sushi
بکسل		noun	tow
استپ		noun	steppe
بلشویک		noun	Bolshevik
پیراشکی		noun	pirozhki
زاپاس		noun	spare (held in reserve)
چدن		noun	cast iron
ساسات		noun	choke valve
کالباس		noun	cold meat from which slices are cut, especially bologna and similar sausages
کالسکه		noun	baby carriage, stroller
لنت		noun	electrical tape
واکس		noun	shoe polish
شلنگ		noun	hose
سال نوری		noun	light year, lightyear
داده		noun	piece of data, datum
صهیونی		adj	Zionist, Zionistic
صهیونیست		noun	Zionist
مریخی		adj	Martian
کلاهک		noun	cap
زغال اخته		noun	Cornus mas, cornel
هشتم		adj	eighth
هفتم		adj	seventh
ششم		adj	sixth
دهم		adj	tenth
پنجم		adj	fifth
یازدهم		adj	eleventh
دوازدهم		adj	twelfth
سیزدهم		adj	thirteenth
چهاردهم		adj	fourteenth
پانزدهم		adj	fifteenth
شانزدهم		adj	sixteenth
هفدهم		adj	seventeenth
هجدهم		adj	eighteenth
نوزدهم		adj	nineteenth
چهلم		adj	fortieth
پنجاهم		adj	fiftieth
شصتم		adj	sixtieth
هفتادم		adj	seventieth
هشتادم		adj	eightieth
نودم		adj	ninetieth
صدم		adj	hundredth
هزارم		adj	thousandth
میلیونم		adj	millionth
لعل		noun	red gemstone; ruby, spinel, garnet
خراسانی		adj	Khorasani (of or pertaining to Khorasan or Greater Khorasan)
مصحف		noun	book
لجباز		adj	headstrong
عار		adj	shame, ignominy
شیده		noun	synonym of شید (šid)
پالاد		noun	led horse, spare horse.
جنیبت		noun	led horse, spare horse
نیله		noun	synonym of نیل
نوند		noun	horse, especially a swift one
برذون		noun	a kind of horse
بیدخ		noun	a swift horse
استیک		noun	steak
لاله واژگون		noun	fritillary (plant)
واژگون		adj	upside down (inverted)
مشکات		noun	A niche for a lamp
ابری‌ساز		noun	marbler
ابری‌سازی		noun	marbling, ebru painting
سپهبد		noun	commander of army, especially in the Sassanian army
پرهیز		noun	abstinence, abstaining, avoidance
تلویحی		adj	figurative
کاربردی		adj	applied
عوامانه		adj	vulgar
فرسایش		noun	erosion
استصواب		noun	approval, approbation
مجری		noun	host, MC (of a TV show)
حامل		adj	carrying, bearing
خیک		noun	wineskin
یشم سبز		noun	jade
فاطمی		adj	Fatimid
سورپریز		noun	surprise
فارغ‌التحصیل شدن		verb	to graduate
اداره پست	اِدارِهٔ پُسْت	noun	post office
اداره کردن		verb	to manage, lead, head, run, be in charge of
مدیریت		noun	managing, administering; management, administration
مارپیچ		noun	spiral
پیچه		noun	helix (shape)
تاگ‌سازی		noun	cloning
رمزنگاری		noun	cryptography
رمزگشایی		noun	decryption
رمزگذاری		noun	encryption
متقارن		adj	symmetrical, symmetric
نامتقارن		adj	asymmetric, asymmetrical
دیجیتال		adj	digital
مخفی		adj	secret, hidden
کد		noun	code
محتویات		noun	contents
زیرساخت		noun	infrastructure
افشا شدن		verb	to be exposed
جوگیر شدن		verb	to get carried away
منطقی		adj	logical
بی‌میل	بیمَیل	adj	unwilling, unpassionate
روحیه		noun	morale, spirit
تقویت		noun	strengthening, bolstering, reinforcement
تقویت کردن		verb	to reinforce, strengthen, bolster
بی قید و شرط		adj	unconditional
گرمسیری		adj	tropical
مبهم		adj	mysterious, unknown
حرکت کردن		verb	to move, shift, change places or position
نورشناسی		noun	optics
شورش		noun	rebellion, insurrection
ترفند		noun	trick (dexterous or cunning method)
ریوند		noun	rhubarb (roots)
انگنار		noun	artichoke; cardoon
فاخته		noun	dove, especially of genus Streptopelia
اسپرزه		noun	psyllium
دبه		noun	barrel, drum, vat
لیف		noun	loof, fiber, bark of palm tree or loofah
زنیر		adj	wise
بالکانه		noun	lattice window
پاپاخ		noun	papakha
سر کیسه را شل کردن		verb	to spend more money, to spend money more readily (literally, "to loosen the drawstring of the bag")
استخاره کردن		verb	to perform istikhara
قارون		noun	Croesus (a rich person)
پرداختن	پَرداختَن	verb	to spend
انگیزه		noun	motivation
دستمزد		noun	wage, pay; stipend
منتشر کردن		verb	to publish
آمار		noun	statistics
میتین		noun	mattock
کوکه		noun	a little round cake
جوک		noun	joke
سپرخی		noun	merrymaking, revelry, frolic, spree
جوشیدن		verb	to boil
انبر		noun	tongs
غنودن		verb	to nap, slumber; to sleep
دو تا هندوانه را با یک دست برداشتن		verb	to pick up or lift two watermelons using one hand
هامین		noun	late summer; harvest season of dates
کادر جستجو		noun	search box
سینک		noun	sink
الزاما	الزاماً	adv	necessarily
منزوی		adj	insular, isolated, secluded
تنظیم کردن		verb	to set, adjust (a clock, device)
منظره		noun	view (something to look at, such as scenery)
کنار زدن		verb	to draw, pull open, open (the curtains)
انزوا		noun	isolation
گمرا		noun	sheepfold
سسک		noun	warbler
برم		noun	memory
فرتور		noun	reflection
الفختن		verb	to collect
اندوختن		verb	to collect, to amass, to gather
جمع کردن		verb	to collect, to amass
تمر هندی		noun	tamarind
افسردن		verb	to cool down; freeze
گساردن		verb	to soothe, allay, quell, quench
زوم کردن		verb	to zoom (something) in
بازیگری		noun	acting
احاطه داشتن		verb	to have command of, mastery in, be proficient in, well versed in
جا افتادن		verb	to integrate, settle in, fit in
تازه‌وارد		noun	newcomer
جمع شدن		verb	to gather together, gather up, assemble, gather as a group
ذخیره کردن		verb	to store, stock, stock up
جلبک دریایی		noun	seaweed
نجات دادن		verb	to save, rescue (from danger)
در واقع		adv	in fact, actually
جمع‌آوری کردن		verb	to collect together, gather
مونتاژ کردن		verb	to assemble (for example, furniture, cars, instruments)
غسل تعمید		noun	baptism (the Christian sacrament with water)
یوختن		verb	to seek; pursue; hunt; chase
شپلیدن		verb	to whistle
کادو		noun	gift
گمست		noun	amethyst
برشتوک		noun	A traditional Iranian pastry made with gram flour.
آویشن		noun	thyme
سوسنبر		noun	Thymus serpyllum, wild thyme
پس‌کوچه		noun	a side alley extending off another alley; a secondary alley
کوچه‌‌پس‌کوچه		noun	series of interconnected alleys
مخدر		noun	narcotic
شتابگر		noun	accelerator
سشوار		noun	hairdryer, blow-dryer
گبر		noun	hauberk
جعبه		noun	box (container)
گاور		noun	opopanax
تعارف تیکه پاره کردن		verb	to practice taarof in an excessive manner
رازی		adj	of or pertaining to Ray
رأی دادن		verb	to vote
چراغ نفتی		noun	kerosene lamp
مالته		noun	orange
سمت‌الرأس		noun	zenith
ساده‌زیستی		noun	simple living
ساده‌زیست		adj	having a simple living
تعمید		noun	baptism
لکه		noun	spot, stain
قمه		noun	machete.
آفتاب‌گردان		noun	sunflower
فرض کردن		verb	to assume, to presume
فریاد زدن	فَریاد زَدَن	verb	to yell, shout, scream, cry
بهانه		noun	excuse (explanation designed to avoid guilt)
ضمنی		adj	implicit (in meaning)
توشه		noun	provisions (food that you take on a trip)
طرفداری کردن		verb	to favour, side with
جانب‌دارانه		adj	biased (of a person, organisation, exhibiting bias)
باربند		noun	luggage rack, roof rack
محافظه‌کاری		noun	conservatism
محافظه‌کار		noun	conservative
جوش آمدن		verb	to come to a boil
صنعتی		adj	industrial (of or relating to industry)
بازاریابی		noun	marketing (the promotion, distribution and selling of a product or service)
لسپردرک		noun	hand towel, handkerchief
رسوا		adj	infamous (having a bad reputation)
بلورین		adj	crystalline
سرگیجه		noun	vertigo
پیکان		noun	arrowhead, spearhead
وصیت‌نامه		noun	will, testament
بنه		noun	home appliances, household apparatus; baggage, impedimenta
پشتی		noun	backrest (of a chair)
تسلیم شدن		verb	to surrender, give in, give up
دنبال کردن		verb	to go after
مشته		noun	fur garment with long sleeves
پوست‌کلفت		adj	resilient (able to withstand disease and difficult conditions)
سفت		adj	hard (resistant to pressure, not soft)
سرا		noun	wine
بارگاه		noun	hall of audience, reception hall; place where guests, envoys, etc., are greeted or sent away
بارگه		noun	palace
واپسگرا		adj	retrogressive
دلواپس		adj	worried, anxious, solicitous
پرانتز		noun	parenthesis
سطل آشغال		noun	garbage can
سطل زباله		noun	garbage can
سطل		noun	bucket; pail; bin
زباله		noun	trash
بالیستیک		noun	ballistic
برجسته	بَرجَستِه	adj	notable, prominent
فرمانروا		noun	ruler
فرماندار		noun	governor
نامدار		adj	famous
توانمند		adj	capable
توانمندی		noun	capability
مایل		adj	desirous, inclined to, wanting
رزمایش		noun	maneuver, military training exercise
مرزبان		noun	border guard
مشاوره		noun	consultation; deliberation; counseling
نگارش		noun	writing
تندرو		adj	extremist
چاقی		noun	obesity
باغبانی		noun	gardening
باغبان		noun	gardener
مسموم		adj	toxic
تالاموس		noun	thalamus
هیپوتالاموس		noun	hypothalamus
کاهش		noun	decrease, reduction
یهویی		adv	suddenly
رمز		noun	cipher, code
ستاک		noun	stalk, stem
اشکیل		noun	hobble
چدار		noun	hobble
حاوی		adj	contained, containing
خونسرد		adj	cold-blooded (having an unregulated body temperature)
کلاچ		noun	clutch (a device to interrupt power transmission, commonly used between engine and gearbox in a car)
چراغ راهنمایی		noun	traffic light, traffic signal
راهنمایی		noun	guidance
معتدل	مُعتَدِل	adj	well proportioned
کاوشگر		noun	probe (a small, usually unmanned, spacecraft used to acquire information or measurements about its surroundings)
کاوش کردن		verb	to explore
اقدام		noun	action; measure
معلول		adj	disabled; crippled (especially physical)
بازنده		noun	loser (a person who loses; one who fails to win)
آنتی‌بیوتیک		noun	antibiotic
ناموفق		adj	unsuccessful (of a person, that does not have much success, for example in life)
میانسال		adj	middle-aged
حریص		adj	greedy; covetous
دوچرخه‌سوار		noun	cyclist (a person who rides a cycle, especially a bicycle)
کپک		noun	bran
چرخش		noun	rotation
هشیاری		noun	consciousness, awareness (the state of being conscious)
گاوصندوق		noun	safe (a box in which valuables can be locked for safekeeping)
یوبه		noun	quest
ورخچ		adj	wretched; mean
نهیب زدن		verb	to yell, shout (to make a loud sound with the voice, often out of anger, to tell someone off or to get attention)
نهیب		noun	dread, fear, fright
کتان		noun	flax (the plant or fibers of Linum usitatissimum)
طاقت آوردن		verb	to stand, put up with, tolerate
نابود کردن		verb	to annihilate, eradicate, completely destroy (to reduce to nothing, put an end to; for example, a city, civilization)
از بین بردن		verb	to annihilate, eradicate, completely destroy (to reduce to nothing, put an end to; for example, a city, civilization)
ختنه کردن		verb	to circumcise
بینوا		adj	destitute, poverty-stricken, very poor
تشریف داشتن	تَشْریف داشْتَن	verb	to be
تشریف آوردن		verb	to come
تشریف بردن		verb	to go
میل کردن		verb	to eat, to consume
مرحمت کردن		verb	to give, to grant
سربالایی		noun	uphill (slope)
سراشیبی		noun	downhill (slope)
سرپایینی		noun	downhill (slope)
آهنی		adj	iron (attributive adjective), ferrous
کشو		noun	drawer (open-topped box in a cabinet used for storing)
کابینت		noun	cabinet, cupboard
کمد		noun	wardrobe, closet
کپک زدن		verb	to get mouldy
زنگ زدن		verb	to call, telephone, ring up
جا دادن		verb	to fit (in a space), make room for
آرایش		noun	makeup (colorants and other substances applied to the skin to improve its appearance)
آرایش کردن		verb	to do one's makeup, apply one's makeup
قطع کردن		verb	to interrupt, break off (to disturb or halt an ongoing process or action temporarily or permanently)
سر کردن		verb	to put up with (someone)
فضولی کردن		verb	to pry, stick one's nose in
تعیین کردن		verb	to set, decide on, determine
صحنه		noun	scene
غافل		adj	unaware (not noticing; paying no heed)
متروک		adj	abandoned, obsolete
فرو ریختن		verb	to crumble
متبرک		adj	blessed
سراپا		adv	from head to toe
زاوش		noun	from the sky, heavenly
واپسین		adj	last
تبعید		noun	exile
شغال باران		noun	sudden downpour, cloudburst
شلاب		noun	a heavy rain
بتنی		adj	of or pertaining to concrete (attributive adjective)
عملی		adj	practical (based on practice rather than theory)
پشتک		noun	somersault, flip
پریز		noun	socket
ولتاژ		noun	voltage
حباب		noun	bubble
بازیافت		noun	recycling
اتحادیه		noun	union (something formed by a combination or coalition of parts or members)
سازنده		adj	productive
تقطیر		noun	distillation
پلاس		noun	sackcloth
شماکچه		noun	breastband
گل‌نزن		adj	frequently missing good opportunities to score a goal
غریو		noun	clamor, outcry, uproar
غرم		noun	fury
اقلا		adv	at least
بلافاصله		adv	immediately
بانمک		noun	cute
ناپذیرفتنی		noun	unacceptable
چغزراوه		noun	duckweed
استفتاء		noun	asking for legal advice
شتالنگ		noun	ankle
حسادت		noun	envy, jealousy
ترکیب		noun	combination
درپی		noun	piece of cloth
کاچی		noun	a kind of porridge
رخام		noun	marble
شمن		noun	an idolater
مورد		noun	case; instance
نستوه		adj	undefeatable
کوزابری		noun	ewer
ارزیز		noun	tin
لخشک		noun	noodle
لاد		noun	layer
کرپه		noun	lambkin
پرخش		noun	rump
قوس		noun	arc, curve
تیرکش		noun	quiver
ترکش		noun	quiver
کندر		noun	Boswellia thurifera tree
چاو		noun	A paper money used in medieval China and briefly introduced by the Mongols to Iran in 1294; the first paper currency in 
بروفه		noun	towel
طوق		noun	torque
ملحق		adj	joined (to something larger)
آب معدنی		noun	mineral water
نسبت دادن		verb	to attribute
مورد علاقه		adj	favorite
تزیین		noun	decoration
شفابخش		adj	remedial, medic
فراوان		adj	abundant, ample, profuse
مقابله		noun	opposition, confrontation
شمعدان		noun	candlestick
قلاب		noun	hook
گبه		noun	Gabbeh
جشه		noun	robe
کراسه		noun	strip of parchment
خشوک		noun	bastard
ماربلاش		noun	newt
کلاش		noun	crook (criminal)
شلاق		noun	whip, lash, scourge
شخلاسه		noun	hail
مرتفع		adj	high, elevated
پهناور		adj	vast; immense
بیکران		adj	boundless, immense
از بین رفتن		verb	to be destroyed, to be annihilated
درست‌کار		adj	honest, righteous
اشخاص		noun	people, plural of شخص (šaxs)
سرزنش		noun	blame
طنین		noun	echo
گریه		noun	cry, sob
سپس		adv	then, afterwards
سرانجام		adv	finally, eventually
صخره		noun	rock, boulder
خرمک		noun	Nazar (amulet)
املوک	امْلوک	noun	persimmon
بازداشتن		verb	to withhold, to restrain, to prevent
کروز		noun	liveliness
کروش		adj	quick, fast
کروغ		noun	spine
لابد		adv	probably, presumably, must; used for an inference or conjecture
رأی‌گیری		noun	voting
همچنان		adv	likewise, in such a manner, thus
مخاطب		noun	contact (person)
متصل		adj	connected, joined, linked
گذراندن		verb	to spend; to pass (especially of time)
بگران		noun	sorrel (color)
آبشخور		noun	trough
مستخدم		noun	employee
سقرلات		noun	scarlet (color)
کومت		noun	comet
ضبط صوت		noun	tape recorder
بنوه		noun	winnowing
بوجاری		noun	winnowing
چغبوت		noun	batting
چگال		adj	dense
کانم		noun	a married woman, wife
چله		noun	a period of time (especially one of forty days)
جلبک		noun	alga
مدرک	مَدرَک	noun	document
آبگرمکن		noun	water heater
دوقلو		noun	twin (two people born from the same uterus)
بقیه		noun	remnant
یارا		noun	strength, power, ability
نارون		noun	a large tree with many branches
کات		noun	breakup (of a romantic relationship)
روشنگری		noun	enlightenment
کفگیر		noun	spatula
سرسخت		adj	obstinate, hard-headed, tenacious, headstrong
هم‌نیا		noun	sibling
معدوم		adj	annihilated
بلوط		noun	oak
فلشک		noun	flask; gugglet
نستوک		noun	roving or sliver (fibre)
فرخشنه		noun	qatayef
یارانه		adj	subsidized
توییت		noun	tweet (message posted on Twitter)
نوباوه		noun	firstfruit
لارو		noun	larva
سرخرگ		noun	artery
سیاهرگ		noun	vein
پلخته		noun	wicker basket
استرس		noun	stress
ثروتمند		adj	wealthy, rich
ورشکستگی		noun	bankruptcy
کشتیرانی		noun	shipping
آیفون		noun	iPhone
پستچی		noun	postman
جیر		noun	suede
میدان هوایی		noun	airport
خمیر دندان		noun	toothpaste
سحرباز		noun	magician
خوکچه هندی		noun	guinea pig
سویا		noun	soya
عصبانیت		noun	anger, rage
کارت اعتباری	کارْتِ اِعْتِباری	noun	credit card
گرین کارت		noun	green card (United States Permanent Resident Card)
کارت سبز		noun	green card (United States Permanent Resident Card)
شبکیه		noun	retina
جنگ داخلی	جَنْگِ داخِلی	noun	civil war
هویت		noun	identity
کلاهبرداری		noun	fraud
بلدرچین		noun	quail
خوردگی		noun	corrosion
ال‌ان‌جی		noun	LNG
عز		noun	glory, grandeur
منگنه		noun	stapler
کهن		adj	old, ancient
پیکسل		noun	pixel
لواشک		noun	Persian fruit rollup, fruit leather; lavashak
شیر سویا		noun	soya milk, soy milk
شیر گاو		noun	cow's milk
پوکی استخوان		noun	osteoporosis
لبنیات		noun	dairy products, dairy
سرنشین		noun	passenger
پوستر		noun	poster
زاج		noun	vitriol (various metal sulphates)
پوشیه		noun	mask, face veil, niqab (a veil which covers the face, worn by some Muslim women as a part of sartorial hijab)
شماره تلفن		noun	telephone number, phone number
ماهی قرمز		noun	goldfish
آب‌پاش		noun	watering can
کرکس		noun	vulture
داوطلب		noun	volunteer
ورزشکار		noun	athlete
شارژر		noun	charger; battery charger
گورخواب		noun	A homeless person who has to sleep in a grave for shelter.
بازیکن فوتبال		noun	footballer, football player
بازیکن		noun	player (of a game)
سالروز		noun	anniversary
برابری		noun	equality
نابرابری		noun	inequality
همدلی		noun	common feeling, empathy
تلفن هوشمند		noun	smartphone
رسوایی		noun	scandal, disgrace, dishonour
اعتراف کردن		verb	to confess
رضایت		noun	consent
اپلیکیشن		noun	app
آلودگی هوا		noun	air pollution
کنسولگری		noun	consulate
قانون اساسی	قانونِ اساسی	noun	constitution
کمپین		noun	campaign
اروپایی	اُروپایی	adj	European
کارفرما		noun	employer, boss
فروشگاه		noun	shop, store
درگیری		noun	skirmish, clash, fracas, conflict
ویدیدن		verb	to seek
جنگیدن		verb	to fight
سقز		noun	mastic
ایست قلبی		noun	cardiac arrest
فیلسوف		noun	philosopher
نقرس		noun	gout
درصد		noun	percent
شکنجه کردن		verb	to torture
زیرزمین	زیرزَمین	noun	cellar, basement
کلفخشنگ		noun	dripstone; stalactite or stalagmite
پرتو ایکس		noun	X-ray
فیزیکدان		noun	physicist
ایزوتوپ		noun	isotope
روده		noun	intestines
روده بزرگ		noun	large intestine
روده باریک		noun	small intestine
روده کوچک		noun	small intestine
گزارشگر		noun	reporter
دستگاه گوارش		noun	digestive system
پریستان		noun	Paristan, a fairyland belonging to the peris
مرزیدن		verb	to have sex, to fuck
میختن		verb	to piss
ریسیدن		verb	to spin; Making yarn by twisting and winding fibers together.
نکوهیدن		verb	to blame
ومیدن		verb	to vomit
آرمیدن		verb	to relax
اشنوسیدن		verb	to sneeze
ژاژیدن		verb	to talk nonsense
پوییدن		verb	to trot (walk rapidly)
ترانه‌سرا		noun	songwriter
فرود آمدن		verb	to go down
شامگاه		noun	evening, dusk, eventide, twilight
ایده		noun	idea
پریود		noun	period (menstruation)
زایمان طبیعی		noun	natural birth, natural childbirth, natural labour
اپیدورال		noun	epidural (anaesthetic)
سزارین		noun	Caesarean section, Caesarean, C-section
بند ناف		noun	umbilical cord (connecting a foetus with the placenta)
سرویکس		noun	cervix
دهانه رحم		noun	cervix
سرطان دهانه رحم		noun	cervical cancer
بخیه		noun	stitch, suture
زایمان زودرس		noun	premature birth, premature labour
زودرس		adj	early, premature
آی‌وی‌اف		noun	IVF
افسردگی پس از زایمان		noun	postnatal depression, postpartum depression
مرخشه		adj	ominous
خجسته		adj	fortunate, auspicious
لینک		noun	link
روستا		noun	village
شلوارک		noun	shorts
روستایی		adj	rural, country, pastoral, rustic
راک اند رول		noun	rock and roll
آشامیدنی		adj	potable
راهپیمایی		noun	rally, march
خانه‌تکانی		noun	Traditional thorough spring cleaning in preparation for Nowruz (Iranian New Year).
گیفتن		verb	to mislead, seduce; deviate
گشنیدن		verb	to impregnate, fecundate
گسستن		verb	to split; to take apart; to disconnect
شتافتن		verb	to hasten
شتابیدن		verb	to hasten
وژولیدن		verb	to stimulate
گزاردن		verb	to express, to announce, to explain
زاویه		noun	angle, corner
قلوه		noun	kidney
فراموشیدن		verb	to forget
زاییدن		verb	to give birth
زادن		verb	to give birth
لوخن		noun	moon, moonlight
ترنج		noun	citron (fruit)
دروغ گفتن		verb	to lie, to tell lies
از چه روی		adv	why
برای چه		adv	why
ابیشه		adj	furtive
کالفته		adj	confused, bewildered
کالیو		adj	stupid, dumb
وشتن		verb	to dance
پینگ‌پونگ		noun	ping pong
پیشرفته		adj	advanced; sophisticated
بانکداری		noun	banking
مجوس		noun	Magus, Magian
هاون		noun	mortar (tool used with pestle)
به عنوان		prep	as; in the capacity of
مشرقی		adj	eastern
راغ		noun	meadow
دارابزین		noun	balustrade
حوضک		noun	little basin, little pool, little tank
اشپل		noun	spawn
نوبهار		noun	spring
صبوح		noun	morning draught
بارسات		noun	monsoon, rainy season in India
تطابق کردن		verb	to conform, to be conform
کشمیری		adj	Kashmiri (of or pertaining to Kashmir)
نبات		noun	rock candy, rock sugar
پوپو		noun	hoopoe
کلبتان		noun	tongs
کلبتین		noun	tongs
زیانکار	زِیانکار	adj	harmful
بلای عشق		noun	affliction of love
اهل درد		noun	"one tormented with love or grief"
اهالی		noun	broken plural of اهل (ahl)
گذرواژه		noun	password
مخرب		noun	wrecker, destroyer, saboteur
روند		noun	process
پروگرام		noun	program
پلان		noun	plan
حذر		noun	caution, the act of being careful
شات		noun	A single unbroken sequence of frames.
بر حذر بودن		verb	to be cautious
نمودار		noun	diagram
نمایان		adj	visible, evident, apparent, observable
پدیدار	پَدیدار	adj	visible, evident, apparent, observable
بخل		noun	avarice, stinginess
سوارکار		noun	horseman, jockey
سبزه‌زار		noun	pasture, meadow
وسع		noun	ability, capacity; (now usually) financial capacity
بر پای خاستن		verb	to stand up
گل گاوزبان		noun	Echium amoenum
مسخره		noun	clown, buffoon; ridiculous person
سیاه سوخته		noun	nigger
دوباره مجذوب شدن		verb	re-engage
قبضه کردن		verb	to occupy
خخخ		intj	haha, lol (used to indicate laughter)
پیش ایوان		noun	front porch, courtyard
بی‌عرضه		adj	incompetent
عرضه		noun	offering, presentation
باعرضه		adj	competent
بجنب		intj	hurry up
سنبادیه		noun	a cult, followers of Sindbad (Sunpadh) the Magus
شخشیدن		verb	to slip, trip
پوره		noun	puree
سنبوسه		noun	sambuseh (Iranian pastry with a triangular shape, similar to Indian samosa)
کمبود		noun	shortage, lack
کم‌خونی		noun	anaemia
آپدیت		noun	update
سازگار		adj	compatible
پاراگراف		noun	paragraph
گرمایش زمین		noun	global warming
روغن نارگیل		noun	coconut oil
دژآگاه		adj	bellicose, bloodthirsty.
حسن نیت		noun	good intentions
سوء نیت		noun	bad intentions
کشیده		adj	long
قالب		noun	mould
رهنامه		noun	periplus
ماشین آب‌پاش		noun	water cannon
وگان		adj	vegan
ارزن		noun	millet
بیماری سلیاک		noun	coeliac disease
کلینیک	کِلینیک	noun	clinic
گلوتن		noun	gluten
سلیاک		noun	coeliac disease
بانک مرکزی		noun	central bank
پیشگیری		noun	prevention
مینی‌ژوپ		noun	mini skirt, miniskirt
استارتاپ		noun	start-up, startup (a new company or organisation or business venture designed for rapid growth)
فلفل سیاه		noun	black pepper
اسپینر		noun	fidget spinner
پاک‌کن		noun	rubber (AUS, NZ, UK), eraser (US)
گوشت خوک		noun	pork
خنده‌دار		adj	funny
گوش‌پاک‌کن		noun	cotton wool bud, cotton bud, Q-tip (US)
گوشت گاو		noun	beef
تپل		adj	chubby
تکنیک		noun	technique
تایم‌لاین		noun	timeline
زوجه		noun	wife
درقه		noun	targe, target
ترخینه		noun	tarhana
پینو		noun	buttermilk
پرگاله		noun	particle
بی‌سواد		adj	illiterate
باسوادی		noun	literateness
هلتاک		noun	dried balls made from sour milk.
به یاد داشتن	بِه یاد دَاشْتَن	verb	to remember
معجون		noun	mixture
ضربه		noun	stroke, blow, strike
داوری		noun	arbitration
توانگری		noun	riches, wealth
نخله		noun	palm tree
سرچ		noun	search
بانکه		noun	jar
بخور		noun	incense
بنفشه‌ای		adj	violet
غصن		noun	branch
اهل مجلس		noun	"the audience, the invited people"
کاونجک		noun	muskmelon
جوانه		noun	sprout
مقصر		adj	guilty, culpable, responsible, at fault
اهل انصاف		noun	people of just treatment
اهل جهان		noun	the people of the world
اهل دل		noun	"man or men of mind; great man or men"
اهل دیوان		noun	people of the divan (officials)
اهل دنیا		noun	"a cosmopolitan"
اهل علم		noun	people of knowledge (knowledgeable people)
اهل عشق		noun	people of love
اهل فساد		noun	"seditious [person(s)]; a rioter"
اهل حال		noun	"pleasure-seeking (man or men)"
اهل هنر		noun	"skilled person(s)"
اهل حسد		noun	people of envy (envious people)
سرسبز		adj	covered with grass and/or other vegetation; green
شرابه		noun	tassel
محاصره		noun	siege, blockade
برپا کردن		verb	to set up
غریبی		noun	strangeness, peculiarity
صرصر		noun	cold, whistling wind
غریبی کردن		verb	to act or feel shy, reserved, or scared, especially of small children, due to presence of strangers or unrelated people
درآمدن		verb	to enter, come inside
مهتر		noun	a chief
حاخشوک		noun	sickle
مرزه		noun	savory, summer savory
تشدید		noun	gemination (phenomenon of a consonant being articulated for a longer duration of time)
چرخچی		noun	carter (one who transports something by cart)
شلم شوربا		adj	messy, lacking order
شکرشکن		adj	sugar-breaking
بی چشم و رو		adj	ungrateful
زاستر		adv	away; beyond
تعادل		noun	balance, equilibrium
استفراغ		noun	vomiting, belching
سیکی		noun	bottle gourd, calabash
چوغور		noun	sparrow
میزد		noun	banquet, celebration
پاشنه		noun	heel (of a foot)
لیچ		adj	wet, soaked, soggy
راب		noun	slug
شوک		noun	jolt, prickle
نسپار		noun	winepress
هواسیدن		verb	to parch; shrivel; wither
سترگ		adj	stark, thick, tough, rugged
مشاق		noun	servant, domestic
رنجبر		noun	toiler, drudge
هراسان		adj	fearful
مفسد فی الارض		noun	someone who has spread corruption on Earth, a broadly defined capital crime in Iran
بوری		adj	blond
منقرض		adj	extinct
شادروان		noun	a foundation
توازن		noun	balance, equilibrium
رسا		adj	far-reaching, audible, loud (voice)
حبسیه		noun	prison poem, habsiyyat
بیگاه		adj	untimely
دستباف		noun	handmade knitting
التزام		noun	obligation, undertaking, pledge
لواش		noun	lavash (a soft, thin flatbread made with flour, water, yeast, and salt, baked in a tandoor, and sometimes sprinkled with
دست‌کم گرفتن		verb	to underestimate
خب		conj	so (with the result that)
برکت دادن		verb	to bless
لحن		noun	tune, melody
پفلنگ		noun	balloon
چراغ قوه		noun	torch/flashlight
تپانچه		noun	handgun, pistol
چانه‌زنی		noun	haggling, bargaining
نوروفیبروماتوز		noun	neurofibromatosis
کاناپه		noun	sofa, couch
ستون فقرات		noun	spinal column
چندزنی		noun	polygyny
چندهمسری		noun	polygamy
انسولین		noun	insulin
استروژن		noun	oestrogen (UK), estrogen (US)
تکامل		noun	evolution
فرگشت		noun	the evolution (theory)
مادرزادی		adj	congenital
سلول بنیادی		noun	stem cell
بانک خون		noun	blood bank
تیخ		noun	blade, razor
کیزه		noun	earthen bottle with a long narrow neck for water
انتخاو		noun	election
تهل		adj	bitter
مخلص		noun	safe place; refuge
کوگ		noun	partridge (bird)
مزلنگ		noun	eyelash
کوت		noun	heap, stack
لیزر		noun	laser
ارسی		noun	sash window
چاپگر سه‌بعدی		noun	3D printer
گرجه		noun	plum
راه حل		noun	solution
جزا		noun	punishment
قشر		noun	hull, rind, cortex
دوشیدن		verb	to milk
عشیره		noun	tribe
لرز		noun	shaking
گزینه		noun	choice
فالو کردن		verb	to follow
کلیپ		noun	clip (a section of video taken from a film, broadcast or other longer video)
موج‌سواری		noun	surfing
عرابه		noun	chariot
طول موج		noun	wavelength
موج‌سوار		noun	surfer
بچه‌گربه		noun	kitten
پاگشا		noun	Pagosha, a reception held for a recently-married couple according to traditional Iranian custom.
ویتامین ث		noun	vitamin C
ویتامین دی		noun	vitamin D
کلسیم		noun	calcium
سنتز		noun	synthesis
فشار خون		noun	blood pressure
فشار خون بالا		noun	hypertension, high blood pressure
دیابت بارداری		noun	gestational diabetes
قند خون		noun	blood sugar
کبد چرب		noun	fatty liver
طب سنتی		noun	traditional medicine
ریتوییت کردن		verb	to retweet
داروشناسی		noun	pharmacology
داروشناس		noun	pharmacologist
گروه مرگ		noun	group of death
خدایا		intj	oh God
مخملک		noun	scarlet fever
سردرد		noun	headache
شبکه اجتماعی	شَبَکِهٔ اِجْتِماعی	noun	social network
رفتگر		noun	dustman, street-sweeper
مرزش		noun	having sex
دامپزشک		noun	vet, veterinary surgeon, veterinarian (Aus, US)
دامپزشکی		noun	veterinary medicine
روابط بین‌الملل		noun	international relations
حقوق بین‌الملل		noun	international law
گلبول قرمز		noun	red blood cell, erythrocyte
هموگلوبین		noun	haemoglobin, hemoglobin (US)
گلبول سفید		noun	white blood cell, leucocyte or leukocyte
مکتوب		noun	letter (a written message)
کمان زنبورکی		noun	a crossbow
سگک		noun	buckle
سرسره		noun	slide
سرسره آبی		noun	water slide
کمک‌های اولیه		noun	first aid
رگل		noun	period, menstruation
فنجان قاعدگی		noun	menstrual cup
کوهنوردی		noun	mountaineering
چارک		noun	quartile
کنجکاوی		noun	curiosity
ناباروری		noun	infertility
قرص اورژانسی		noun	morning-after pill, emergency contraceptive pill
آی‌یودی		noun	IUD
ناخواسته		adj	unwanted
وامیدن		verb	to vomit
مقابل		adj	vis-à-vis, face to face, opposite
کاکا		noun	paternal uncle
سفیده		noun	egg white
پسین		adj	latest
لیست		noun	list
پفک		noun	cheese puff
حالی		adj	present; current; as of now
خشک‌شویی		noun	dry-cleaning
چرخ خیاطی		noun	sewing machine
فریزر		noun	freezer
ویلچر		noun	wheelchair
رختخواب	رَخْتِخواب	noun	bedroll
مراقب	مُراقِب	adj	watchful, vigilant, observant, careful
بغامه		noun	A demon inhabiting the deserts.
شطرنج‌باز	شَطرَنجباز	noun	chess-player, chess player
سازدهنی		noun	harmonica
یقه		noun	collar
گریبان		noun	collar
یقه اسکی		noun	polo-neck (UK), turtleneck (US)
آنژین		noun	angina
آنژین صدری		noun	angina pectoris
پانسمان		noun	dressing
نخ دندان		noun	dental floss
سرشماری		noun	census, headcount
نخ		noun	thread, string
تیماج		noun	goatskin leather
شهاب‌سنگ		noun	meteorite
سنگ آسمانی		noun	meteorite
تنیس‌باز		noun	tennis player
تنیسور		noun	tennis player
آرنج تنیس‌بازان		noun	tennis elbow
انگشتر		noun	ring (jewellery)
حلقه ازدواج		noun	wedding ring, wedding band (US)
نامزدی		noun	engagement, betrothal
حلقه نامزدی		noun	engagement ring
بی‌خانمانی		noun	homelessness
بی‌خانمان		adj	homeless
گورخوابی		noun	The act of sheltering in a grave to sleep due to homelessness.
کارتن‌خوابی		noun	The act of sleeping in cardboard boxes or on broken down cardboard boxes due to homelessness.
کارتن‌خواب		noun	A homeless person who has to sleep in a cardboard box for shelter, or who sleeps on broken down cardboard boxes.
تعویق		noun	postponement, deferral, deferment
تصادفی		adj	random, chance
کلزا		noun	rapeseed, canola, rape
نوشابه انرژی‌زا		noun	energy drink
ضخامت		noun	thickness
خلاصه		noun	summary
آتش زدن		verb	to set fire to, to burn
گاز اشک‌آور		noun	tear gas
اسپری فلفل		noun	pepper spray
کوکتل مولوتف		noun	Molotov cocktail
کانتینر		noun	container (very large, typically metal, box used for transporting goods)
بارگنج		noun	container (very large, typically metal, box used for transporting goods)
خروجی		noun	exit, way-out
خودپسندی		noun	arrogance, conceitedness, selfishness
خودپسند		adj	arrogant, conceited, selfish
عفونت کردن		verb	to be infected, get infected
کشیک دادن		verb	to guard
پاسبانی کردن		verb	to guard (someone / something)
خفه		adj	strangled, choked, suffocated
خفگی		noun	suffocation; asphyxiation
پرتوقع		adj	over-expectant; demanding
کبودی		noun	bruise, contusion
پادگان		noun	garrison
پوشش دادن		verb	to cover (place something over or upon, as to conceal or protect)
بازجویی		noun	interrogation
اشکال	اِشکال	noun	difficulty
بازجویی کردن		verb	to interrogate
دوده		noun	soot, lampblack
رادیکال		adj	radical
موفقیت		noun	success
شاورما		noun	shawarma
متشکر		adj	thankful
متشکر بودن		verb	to be thankful, to be grateful
سپاسگزار بودن		verb	to be thankful, to be grateful
ممنون بودن		verb	to be thankful, to be grateful
لثه		noun	gum (of the teeth)
دندان مصنوعی		noun	false teeth
مسواک برقی		noun	electric toothbrush
ممنونم		intj	thank you
مینای دندان		noun	tooth enamel
سفید کردن		verb	to whiten
الگوریتم		noun	algorithm
آنباکسینگ		noun	unboxing (the unpacking of products, especially high tech consumer products, where the process is captured on video and 
تلگراف‌خانه		noun	telegraph office (institution providing telegraphic services)
ساعت هوشمند		noun	smartwatch
تلگراف		noun	telegraph
ماهواره		noun	artificial satellite
اینترنت ماهواره‌ای		noun	satellite internet
ماهواره‌ای		adj	of, or relating to, satellites
نفتکش		noun	oil tanker
سنگواره		noun	fossil
فسیل		noun	fossil
هرج و مرج		noun	anarchy, turmoil, chaos
گهواره		noun	cot (UK), cradle
فاشیسم		noun	fascism
دیکتاتوری		noun	dictatorship
خوشبختانه		adv	fortunately
شرم‌آور		adj	shameful, disgraceful
نعلبندی		noun	farriery
انتفاضه		noun	intifada
فشفشه		noun	sparkler
پدافند		noun	defence
تراجنسی		noun	transsexual
بیضی		noun	oval
خاخام		noun	rabbi, Rabbi
درواخ		adj	healthy, sound
شمرده		adj	counted
ناقوس مرگ		noun	death knell
ایرباس		noun	Airbus
رودنگ		noun	madder
شمه		noun	inkling, slight notion; very small quantity
بی‌سابقه		adj	unprecedented
قیماق		noun	kaymak (a creamy dairy product, similar to clotted cream, made in the Balkans, Turkey, the Middle East, Central Asia, Ir
بابابزرگ		noun	grandpa, grandfather
نباتات		noun	broken plural of نبات (nabāt /nabât)
سکوبا		noun	bishop
هلونگ		noun	curd, yoghurt
دولت عمیق		noun	deep state, shadow government, state within a state
موزیم	مُوزِیَم	noun	museum
سبشت		adj	vulgar, obscene
درشته		adj	crushed, ground
پنگوئن		noun	penguin
پرینتر		noun	printer (computing)
قحط		noun	famine, dearth
سندره		noun	bastard
تاراج		noun	plunder
فرب		noun	large river
توپچى		noun	artilleryman, gunner
محقق		adj	ascertained
بلنجمشک		noun	lemon balm
بلنجاسپ		noun	mugwort
پونه		noun	pennyroyal
گرزن		noun	wreath, crown
آغیل		noun	a leer; ogle; glare
ورکاک		noun	shrike
تکز		noun	grapeseed
اختلال		noun	disruption, disturbance
روسپی‌زاده		noun	son of a whore, bastard
لچ		adj	naked
پشیز		noun	fish scale
هشپلک		noun	whistle
بیات		adj	stale
گیاده		adj	dishonorable; disrespectful
غرواس		noun	a kind of grass used to make brushes; brush
جرامین		noun	pasture
افزایش پیدا کردن		verb	increase
افزایش یافتن		verb	increase
روچه		noun	precocious or early ripe fruit
راوک		noun	light wine; pure wine
سکج		noun	raisin
سنجیدن		verb	to weigh
سخش		adj	tattered
ارده		noun	ardeh, tahini, sesame paste
رهانیدن		verb	to liberate, to free, to rescue
اتوبان		noun	motorway/freeway
آزادراه		noun	motorway/freeway
تستوسترون		noun	testosterone
خمیرمایه		noun	leaven, yeast
سالوس		noun	deceiver; hypocrite
سیصد		num	three hundred
ای بابا		intj	oh man (expresses mild frustration)
فلس		noun	flake, lamination, scale
لشن		adj	soft
رسیده		adj	aged, mature
مهرازی		noun	architecture
مهراز		noun	architect
خارق‌العاده		adj	phenomenal; supernatural; extraordinary
پیداوار		adj	visible, open
اوگاریتی		adj	Ugaritian, Ugaritic
بژم		noun	dew
ابزیم		noun	clasp, buckle
پریش		noun	root of the verb پریشیدن (parêšidan, “to distract”)
بهتان زدن		verb	to accuse
قبیح		adj	ugly
هماورد		noun	competitor, rival, opponent
ماهچه		noun	little moon
صدمه دیدن		verb	to get injured
صدمه زدن		verb	to injure
پیشخدمت		noun	waiter
برهوت		adj	a wasteland, a desolated desert.
ریباری		noun	a fast horse; steed
رعشه		noun	A shake, quiver, tremor, or tremble.
مغشوش		adj	disorderly, rumpled, marked by disorder.
فضانورد		noun	astronaut
بساخ		noun	comfort; leisure
نزوق		noun	a male horse
مشوش		adj	anxious, uneasy.
ملول		adj	uninterested, jaded.
بیشترین		adv	the most
هرول		noun	a kind of legume
هرواج		noun	joy
تفیلا		noun	tefilla, prayer
لیو		noun	sun, sunlight
زنجره		noun	cicada
معوج		adj	distorted, contorted
کیف کردن		verb	to enjoy
لرد		noun	field, arena
دراغ		noun	sediments of dairy products; curd
دانگ		noun	sixth of something, particularly
ابشتن		noun	shelter, refuge, sanctuary
یپک		noun	raw silk
پرده‌سرای		noun	pavilion
اماج		noun	A small round piece of dough; a soup made of this
خدشه		noun	scratch, abrasion
پرواس		noun	enclosure; barrier; hedge
فرهست		noun	sorcery
انفست		noun	spiderweb
چغندر		noun	beet
پنالتی		noun	penalty
کارت قرمز		noun	red card
آفساید		noun	offside
داربی		noun	derby (a sports match between local rival teams)
مسی		adj	copper; copper-coloured; of or relating to copper
خانواده سلطنتی		noun	royal family
شوفاژ		noun	central heating
چاه نفت		noun	oil well
صرافی		noun	bureau de change
بردک		noun	riddle (verbal puzzle)
خاورمیانه‌ای		adj	Middle Eastern
سیم‌گیر		noun	tailpiece, or something which secures a string or wire
شیطانک		noun	nut
ژل		noun	gel
ویولن		noun	violin
آزمایش خون		noun	blood test
مزوزا		noun	mezuzah
سمد		noun	fine wheat flour
فوتسال		noun	futsal (a form of football played indoors)
ویولا		noun	viola
آلتو		noun	viola
کاشی‌کاری		noun	tilework, ornate tilework
استیم		noun	pus
آبسنگ		noun	reef
آبسنگ مرجانی		noun	coral reef
جوجه‌تیغی		noun	hedgehog
گیاهخواری		noun	vegetarianism
رآکتور شیمیایی		noun	chemical reactor
رآکتور		noun	reactor
شیمیایی		adj	chemical
مهندسی هسته‌ای		noun	nuclear engineering
همسریابی		noun	Looking for a husband or wife, a partner.
هناییدن		verb	to affect
دوست‌یابی		noun	Looking for friends, implying friends with the potential for forming a romantic attachment
خواستگاری		noun	proposal (of marriage), especially khastegari, proposing marriage to a woman following Iranian khastegari customs
بالاخره	بِالْاَخَره	adv	finally, in the end
دایرکت		noun	DM (a direct message, usually on a social website)
دیباگ کردن		verb	to debug
روتر		noun	router (a device that connects local area networks to form a larger internet)
پورت		noun	port
ساختار		noun	structure
تأسف		noun	regret, sorriness, sad feelings
معدنچی		noun	miner
جدول تناوبی		noun	periodic table
آذین		noun	ornament, decoration
مهندسی برق		noun	electrical engineering
مهندسی کامپیوتر		noun	computer engineering
مهندسی نرم‌افزار		noun	software engineering
مهندسی مکانیک		noun	mechanical engineering
مهندسی هوافضا		noun	aerospace engineering
مهندسی شیمی		noun	chemical engineering
مرورگر		noun	browser (a web browser)
مادربرد		noun	motherboard
وب‌کم		noun	webcam
مهندس نرم‌افزار		noun	software engineer
مهندس برق		noun	electrical engineer
مهندس مکانیک		noun	mechanical engineer
یولاف		noun	oat
شناگر		noun	swimmer
خودتراش		noun	razor
زبان اشاره		noun	sign language
کم‌شنوا		adj	hard of hearing, hearing-impaired
شنوا		adj	hearing, capable of hearing, listening
جلب		noun	drawing, attracting
بختک		noun	An evil spirit in Iranian folklore equivalent to Germanic mare; nightmare.
ترانسلیتراسیون		noun	transliteration
نویسه‌گردانی		noun	transliteration
ارزشمند	اَرزِشمَند	adj	valuable
مام		noun	roll-on deodorant
ایوار		noun	evening
شبگیر		adj	nocturnal; by night; at night
سلب		noun	taking away, deprivation, forfeiture
زورق		noun	skiff, lake-boat, boat
زمام		noun	power, control, leads, initiative, reins
بک		noun	frog
فشارسنج		noun	barometer
درع		noun	armor; body armor; coat of mail
سین		noun	Name of the 25th letter of the Persian alphabet (س), representing the sound /s/.
عجين		adj	mixed, mingled
تعلل		noun	procrastination
کلاف		noun	skein, hank, a ball of thread
کاف		noun	Name of (ک), the Persian form of the letter kaf, representing the sound /k/.
تبریزی		adj	of or belonging to Tabriz
عرعر	عَرْعَرْ	noun	the braying / heehaw of a donkey
ولع		noun	intense yearning, ardor, (physical) passion
جعد	جَعد	noun	crisp, curly hair; ringlet; tress
متکا		noun	bolster
نگران		adj	worried; anxious
تشنج		noun	convulsion
نارسایی قلب		noun	heart failure
سکته قلبی		noun	heart attack
مزمن		adj	chronic
مترسک		noun	scarecrow
پزشکی		noun	medicine (as a subject of study)
وج		noun	sweet flag, Acorus calamus
فاشرا	فَاشِرَا	noun	Bryonia gen. et spp.
سندروس		noun	the tree Tetraclinis articulata
كتيبة		noun	inscription
نقش		noun	role; part
رواج		noun	prevalence, popularity
شعاع		noun	ray, beam (of light)
کوله		noun	backpack
کاو		adj	concave, hollow.
کوژ		adj	convex
گوژ		adj	convex.
گوژپشت		noun	humpback, hunchback
دلال		noun	somebody who procures business agreements: auctioneer, broker, pimp, etc.
تورقوزآباد		noun	nowhere
هیچ‌جا		noun	nowhere
مداح		noun	panegyrist, eulogist
وشق		noun	lynx
کارواش		noun	car wash
مردم‌شناس		noun	anthropologist
مرموز		adj	cryptic, mysterious
سرخس		noun	fern
رواق		noun	portico
تفنن		noun	hobby
کشک		noun	Kashk, a range of dairy products made from dried drained yogurt or dried sour milk.
هم‌پالکی		noun	People who travel together in a wagon, travelling companions.
مازنی		noun	Mazanderani person
مغاره		noun	cave, cavern
سنخ		noun	type, class
پارتی بازی		noun	cronyism; influence or opportunities gained by making connections rather than by merit
طمطراق		noun	fanfare, splendour.
شب چله		noun	The night of the forty[-day period].
چله تابستان		noun	midsummer
چله زمستان		noun	midwinter
شب چله زمستان		noun	The night of midwinter.
زنار		noun	belt or thread worn by non-Muslims:
شاه‌بلوط		noun	chestnut
وفنوک		noun	club (?), mace (?)
هیون		noun	a beast, any large land animal
ادرم		noun	saddlecloth
محاربه	مُحارِبِه	noun	battle, fight, action, combat
رخم	رَخَم	noun	gentleness, lovingkindness, affection
خرجین		noun	saddlebag
شکلاتی		noun	The colour/color chocolate.
دونات		noun	doughnut/donut
شکلات داغ		noun	hot chocolate
هات چاکلت		noun	hot chocolate
رسوب		noun	sediment
رسوخ		noun	being firmly anchored, being entrenched
ادب فارسی		noun	Persian literature
ویلان		adj	vagrant
گوالیدن		verb	to grow
پروردن		verb	to foster, to nurture
کرپا		noun	harvest, crop
انیسون		noun	anise
بادیان رومی		noun	anise
رازیانه		noun	fennel
پدواز		noun	perch
گرچ		noun	lime; plaster; mortar
گیج		adj	dizzy
تارمی		noun	hall; Panjdari
کازود		noun	scissors
ساج		noun	teak tree and wood (Tectona gen. et spp.)
شبرم		noun	spurge
شتا		noun	winter
خیری		noun	wallflower
نسترن		noun	dog rose
کلیز		noun	bee
تشویش		noun	disquiet, uneasiness
کولخاس		noun	holly
مطب		noun	doctor's office, clinic
چموش		adj	restive
فرم		noun	shape, form
انکاس		noun	squid
انک کردن		verb	to abase, abash
کنفت		adj	embarrassed
خاتوله		noun	evilness, treachery
خنور		noun	vessel, container, crock, jar
غرنبه		noun	grumble, rumble
باسترک		noun	common rock thrush
هیوند		noun	abstinent
ودیعه		noun	deposit, endowment
خوش‌نمک		adj	slightly salty, especially when it makes the food tasty
شلتاق		noun	a dispute under false pretenses; quarrel; litigation
پلارک		noun	scimitar
کویستن		verb	to beat, pound
نهره		noun	churn
کلته		adj	stunted, lame
بگنی		noun	beer
پید		adj	scattered, dispersed
سامه		noun	asylum
مجدانی		adj	glorious, noble, Majesty, Lord
قبراق		adj	vigorous
فرچی		noun	cloak
چندش		noun	shudder
یمان		noun	bane, curse
آذوقه		noun	provision
چنته		noun	sack
ریستن		verb	to fall down, collapse
دواج		noun	stuffed bed-quilt, sheet, coverlet; or any nappy underlay or covering
دفنوک		noun	ornamental covering of a saddle; saddlecloth
سالوک		noun	poor, indigent
هات		noun	hot, sexy
انر		adj	horrible
انیر		noun	non-Aryan, non-Iranian
استینه		noun	egg (?) or perhaps a food made with eggs
چجور		adv	how
آفند		noun	fight
یغر		adj	bulky
جخش		noun	goitre
بروشک		noun	bog, marsh
رخنه		noun	crack, crevice
بابلی		adj	Babylonian
یازیدن		verb	to attain, to reach or come to
همیان		noun	money belt
تخلخل		noun	porosity
قنداق		noun	cloths wrapped around an infant, “baby roll”, swaddling-clothes
فلنج		noun	crossbar, bolt
اگیر		noun	sweet flag, Acorus calamus
هوار		noun	shout, yell
پرت		adj	thrown to the ground
راتینه		noun	resin
اگرا		noun	noodle
اریب		adj	oblique
جریب		noun	jerib (unit of surface area)
کاله‌جوش		noun	keledoş
راسن		noun	elecampane (Inula helenium)
الپر		adj	shrewd; naughty
الیف		noun	piece, slice, segment
بادرم		noun	babble, chatter
غرمج		noun	a kind of stew
هپل هپو		noun	plunder
بادبیزن		noun	fan (hand-held device)
ارغه		adj	shrewd, cunning
زودپز		noun	pressure cooker
خوا		noun	taste, flavor
گشفتن		verb	to disperse
ارود کردن		verb	to pluck (remove feathers)
شید کردن		verb	to tease; tousle; scatter
شیهه		noun	neigh
دول دادن		verb	to put off, temporize, delay
باریم		noun	barium
سورپرایز		noun	surprise
خدنگ		noun	mongoose
خیش		noun	plough; ploughshare
جبه		noun	robe, tunica, coat, gown, jubbah
ویم		noun	flagstone; cobblestone
کالوج		noun	messenger pigeon, homing pigeon
جابیز		noun	pimp
کوپل		noun	feverfew (Tanacetum), chrysanthemum, camomile vel sim.
گیدی		noun	screw pine, Pandanus
هوبره		noun	bustard
تاور		noun	happening, occurrence, event, circumstance, incident
چاوش		noun	the head of a caravan who loudly sang poems in medieval Persia
کپر		noun	shed, shack, hovel
قرموت		noun	fodder (for horses)
استحمار		noun	act like a donkey; act stupidly or naively.
مدام		adj	unending, ceaseless, perpetual; (adverbially) ceaselessly, forever
هدر		noun	wasted effort; work without results
نانوشته		adj	unwritten
مکار		adj	sly
حیله‌گر		adj	sly
ترفندباز		noun	trickster
آبزی		adj	marine
شاه‌ماهی		noun	herring
ماهی آزاد		noun	salmon
طومار		noun	scroll
پاس گل		noun	assist
ترانزیستور		noun	transistor
منتظر	مُنتَظِر	adj	waiting (for), expecting
بایگانی		noun	archives
نماهنگ		noun	music video
همایش		noun	conference
همزه		noun	hamza (Arabic sign representing the glottal stop)
فرنچ پرس		noun	cafetière, French press (US)
والیبال ساحلی		noun	beach volleyball
والیبال		noun	volleyball
سنگ کلیه		noun	kidney stone, renal calculus
زفاف		noun	wedding, marriage feast
کاسنی		noun	chicory (any Cichorium plant and especially Cichorium intybus)
سیرک	سیرْک	noun	circus
فیزیک نظری		noun	theoretical physics
برهم‌نهی		noun	superposition
دیود		noun	diode
اسمز		noun	osmosis
هوش مصنوعی		noun	artificial intelligence
جوشکار		noun	welder
جوشکاری		noun	welding
سلول خورشیدی		noun	solar cell
پروسکایت		noun	perovskite
شالیزار		noun	paddy field, rice paddy, paddy
مخلوق		noun	creature, creation (something created)
اپلای کردن		verb	to apply to study abroad
امپدانس		noun	impedance
کشتی آزاد		noun	freestyle wrestling
فینالیست		noun	finalist
سقا		noun	water carrier
توالت فرنگی		noun	Western-style toilet
توالت ایرانی		noun	squat toilet
اربد		noun	serpent
تربد		noun	turpeth
همجنسگراهراس		adj	homophobic
پالودن		verb	to cleanse, purify, filter, refine
سنباده		noun	sandpaper
پنگان		noun	cup; bowl
حرز		noun	amulet, talisman
بیگاری		noun	forced labor
غبغب		noun	double chin
ابیز		noun	spark
کفاش		noun	shoemaker; cobbler
بیسراک		noun	a camel's colt two years old
کفچه		noun	skimmer (sieve-like, slotted spoon)
جلاد		noun	executioner, headsman
بربری		adj	Berber
پوکی		noun	the state of being hollow, hollowness
بدنه		noun	main body; largest and most important part
بدست		noun	span (measure)
کابین		noun	cabinet, cubicle; portable enclosed room
سورنجان		noun	meadow-saffron, hermodactyl (Colchicum spp.)
مسلما		adv	certainly; definitely
کنگره		noun	merlon, battlement
بدحجاب		adj	badly veiled; wearing a form of Islamic dress which is considered (by the speaker or some authority) not to be modest en
تکثر		noun	numerosity
کلمات		noun	broken plural of کلمه (kalima /kaleme)
مکر		noun	trick, ruse
تیمار		noun	care; nurture; provision
خود نوشتن		verb	to write about oneself
سرکرده		noun	leader, chief, head
ستایش		noun	praise
آذرگون		noun	marigold (Calendula officinalis)
زرنباد		noun	zerumbet (Zingiber zerumbet)
جدوار		noun	zedoary (Curcuma zedoaria)
ژدوار		noun	zedoary (Curcuma zedoaria)
سیلو		noun	silo (vertical building for storing grain)
جلاب		noun	julep, jallab
البا		noun	layer
چپت		noun	a traditional leather shoe made in Khorasan
ذوب		noun	melting
حاشا		particle	God forbid, heaven forbid, far be it...
وروجک		adj	unruly
تخس		adj	mischievous
نیستی		noun	non-existence
خونیرث		noun	Xwanirah, the central and largest of the continents in Zoroastrianism and Old Iranian Mythology, believed to be the regi
منجنیق		noun	catapult
سالار		noun	leader
خویش		pron	oneself
پارسال		noun	last year
سال پیش		noun	last year
سال گذشته		noun	last year
یاسمن		noun	jasmine flower
سکوره		noun	earthen dish, saucer
دپارتمان		noun	department
استوانه		noun	cylinder
ملکه همسر		noun	queen consort (wife of a reigning king)
ملکه حاکم		noun	queen regnant (a female monarch who reigns in her own right)
مرگ بر		intj	down with, death to
مشروب		noun	alcoholic beverage
مغاک		noun	hole
دنبال آمدن		verb	to come after, come for, come get
دینار		noun	dinar
پاداش		noun	reward
مارمولک	مارْمولَک	noun	lizard
درنگ		noun	delay
متغیر		adj	variable (able to vary)
کمدی		noun	comedy
دماسنج	دَماسَنْج	noun	thermometer
دما		noun	temperature
حرارتی		adj	thermal
گرمایی		adj	thermal
مازو		noun	gall nut, oak apple, oak gall, gall apple, Aleppo gall
معرفت‌شناسی		noun	epistemology
شوکران	شَوْكَرَان	noun	hemlock (Conium gen. et spp., particularly Conium maculatum)
اوستاد		noun	earlier form of استاد (ustād /ostâd)
عرضحال		noun	petition
بی گدار به آب زدن		verb	to be rash, to not look before you leap
زقوم		noun	Zaqqum (tree growing in Hell)
متخلف		noun	offender, violator, delinquent
دق		noun	extreme grief
مسرور		adj	glad, cheerful, happy
همیاری		noun	aid, bailout
درمورد		prep	about, concerning, regarding
عوض		noun	substitute
به هم خوردن		verb	to be cancelled, to be called off
تصادف کردن		verb	to have an accident
رل		noun	steering wheel
زیر گرفتن		verb	to run over
سر خوردن		verb	to get into an accident
غش کردن		verb	to faint, swoon
کبود شدن		verb	to get bruised
گلگیر		noun	fender, mudguard
له شدن		verb	to get smashed, to get squashed
لیز		adj	slippery
لیز خوردن		verb	to slide, slip
پیش آمدن		verb	to come forward
خوش گذشتن		verb	to pass pleasantly (said of time)
وارد شدن		verb	to enter; to come in, to go in
پا شدن		verb	to get up
نزدیک شدن		verb	to approach
گول زدن		verb	to deceive, to dupe, to fool, to trick
اذیت کردن		verb	to annoy; to bother
ژکیدن		verb	to grumble
پدید شدن		verb	to appear, come into view
ناپدید	ناپَدید	adj	invisible, hidden
ناپدید شدن		verb	to disappear, vanish
تعمیر کردن		verb	to repair, to fix
سحرخیز		noun	early riser
بلندگو		noun	loudspeaker, megaphone
امضا کننده		noun	signatory
خوانا		adj	legible, readable
دارا		adj	possessing; having; possessed of; with the quality of
بینا		adj	sighted, capable of seeing
بچگانه		adj	childish
ادامه دادن	اِدامه دادَن	verb	to continue, keep on doing
در طول		prep	during, across, throughout (time)
نیمکت		noun	bench
کتک زدن	کُتَک زَدَن	verb	to beat up, to thrash
تفنگچه		noun	handgun
حوری		noun	nymph, houri
غاسول		noun	soapwort (Saponaria) gen. et spp.)
شعبه		noun	branch, section, division
قلاووز		noun	protector of an army
بوش		noun	being, dasein, existence
زنبورک		noun	little wasp
مازریون		noun	mezereon, spurge-olive (Daphne mezereum)
مردار سنگ		noun	litharge, lead monoxide
دفاع کردن	دِفاع کَردَن	verb	to defend
زراوند		noun	birthwort (Aristolochia gen. et spp.)
دارفلفل		noun	long pepper
خویشتنداری		noun	abstinence, continence, restraint
ابراز		noun	declaration, expression
مضحک		adj	provoking laughter, funny
جرثقیل		noun	crane (mechanical lifting machine)
کله		noun	head
زورا	زوراً	adv	forcefully, forcibly, by force
ناچار		adj	without other choice, constrained
نبش		noun	street corner
ایلخان		noun	ilkhan
روان‌شناس		noun	psychologist
مشارکت		noun	participation, partnership
واقعا		adv	really; actually
طالع	طالِع	noun	horoscope; omen; star of fortune (in astrology)
بغض		noun	lump in one's throat
الا		conj	except, save
کمک‌های		noun	aid
خودکشی از ترس مرگ		noun	a hazardous and foredoomed course of action taken by someone who finds themselves in a slowly but continuously deteriora
فراکسیون		noun	parliamentary group
شهله		noun	fatty meat
مسدود		adj	closed, blocked, obstructed
اصفهانی		adj	Isfahani
دهلیز		noun	vestibule, portico
دیبا		noun	brocade
چاره		noun	remedy, help
رعب		noun	terror, horror
جودت		noun	excellence
مکوک		noun	weaver's shuttle
فراصوت		noun	ultrasound
شجاعت		noun	bravery, courage
قوری		noun	teapot
پدرسالاری		noun	patriarchy
ایدون		adv	thus, so
جاروبرقی	جاروبَرْقِی	noun	vacuum cleaner
دنگل		adj	disproportionate, of inconcinnous shape
قپان		noun	stilyard
دریدن		verb	to split, tear, rip
نایژه		noun	bronchus
آنارشیسم		noun	anarchism
اوزون برون		noun	sevruga, starry sturgeon (Acipenser stellatus)
استراق		noun	stealing
دهنه		noun	a precious stone of a thick greenish colour
شلتوک		noun	rice-hull, rice-husk
شالی		noun	rice-hull, rice-husk
توک		noun	eye
نیفه		noun	the top middle area of a pair of trousers or drawers where a cord goes through to support the two legs, waistband or a c
دوختن		verb	to sew
کما		noun	coma, a prolonged state of unconsciousness
مغلوب		adj	defeated
انزروت		noun	sarcocolla (resin of A. sarcocolla and a few similar shrubs)
از دست دادن		verb	to lose, especially something of emotional value, e.g. a loved one
حزین		adj	sorrowful; doleful
خزینه‌دار		noun	treasurer
دغد		noun	bride
بیو		noun	bride
مصلحت	مَصلَحَت	noun	interest, benefit, advantage
عطار		noun	traditional herbalist or apothecary
ستل		noun	synonym of سطل (satl, “pail”)
شومین		noun	spinach
اسپندان		noun	white mustard (Sinapis alba)
زافه		noun	a pungent desert plant
جوره		noun	friend
آتش‌پرست		noun	fire-worshipper
بی‌ادب		adj	impolite
آهیختن		verb	to pull out
فرهیختن		verb	to educate, to teach
کبر		noun	caper
دوپیکر		noun	Gemini
گاس		noun	maybe, perhaps
پیشوا		noun	one who is a model, someone whom others follow or imitate, guide, exemplar, initiator, instructor
چنبر		noun	circle, hoop
چنگی		noun	harper, lutanist
چارطاق		noun	a kind of vault resting on four pillars
شب‌بوی		noun	stock (Matthiola gen. et spp.)
حلتیت		noun	hing, devil's dung (Ferula assa-foetida)
سورسات		noun	marching rations, requisitions, contributions raised by the army and various officials for war, the reigner when he trav
تیله		noun	marble
نگون		adj	turned, inverted, hanging down
مورا		prep	mora
پسان		adv	later
جنگره		adj	aggressive, rude
بدرام		adj	wild
دست‌نماز		noun	wudu (ritual washing before prayer)
کشیش		noun	priest (including Christian priests)
دهمشت		noun	laurel
برون‌سپاری		noun	outsourcing
جمع‌سپاری		noun	crowdsourcing
زنبوردار		noun	beekeeper, apiculturist
زنبورداری		noun	beekeeping, apiculture
حشره‌کش		noun	insecticide
مستعمره		noun	colony (territory ruled or settled by foreigners)
استعمار کردن		verb	to colonize / colonise
استعمارگر		noun	colonialist
مستعمره‌سازی		noun	colonization / colonisation
نوردرمانی		noun	phototherapy, light therapy
شیمی‌درمانی		noun	chemotherapy
ایمنی‌درمانی		noun	immunotherapy
فاصله‌گذاری		noun	spacing
سوی		noun	side
پرتودرمانی		noun	radiotherapy, radiation therapy
رادیوتراپی		noun	radiotherapy, radiation therapy
رادیویی		adj	of or pertaining to radios; radio
پرتونگاری		noun	radiography
برش‌نگاری		noun	tomography
در این فاصله		adv	in the meantime, meanwhile
بلورنگاری		noun	crystallography
قانون‌گذاری		noun	legislation (the act of legislating)
قانون‌گذاری کردن		verb	to legislate
ترجمه ماشینی		noun	machine translation
ماشینی		adj	of or pertaining to cars, automobiles
ژن‌درمانی		noun	gene therapy
کاتتر		noun	catheter
رگ‌نگاری		noun	angiography
آنژیوگرافی		noun	angiography
پژواک‌نگاری		noun	echography
پروستات‌برداری		noun	prostatectomy
جهش		noun	leap, bounce
جهش‌یافته		noun	mutant
پیری		noun	old age
یاخته بنیادی		noun	stem cell
نشانگر		noun	identifier, marker
سرمایه‌گذار		noun	investor
سرمایه‌گذاری		noun	investment
سرمایه‌گذاری کردن		verb	to invest
سرمایه‌گذاری جمعی		noun	crowdfunding
هم‌اتاقی		noun	roommate
تکاندن		verb	to shake (something)
تکان		noun	jerk, a sudden, quick movement
پرتو آفتاب		noun	sunbeam, sunray
پرتو زدن		verb	to irradiate (expose to radiation)
قرقره		noun	spool, pulley
برق‌رسانی		noun	electrification
پله‌برقی		noun	escalator
برق‌کار		noun	electrician
طعمه		noun	prey
سه‌راهی		noun	T-junction
سیم‌سیار		noun	extension block, power strip
پیچاپیچ		adj	convoluted, complicated, spiral, mazelike
پیچیده		adj	complicated, complex, convoluted, tricky, labyrinthine
لخته		noun	clot, thrombus
لخته شدن		verb	to clot
نوار	نَوار	noun	strip, band (a long, thin piece of land or of any material)
نوار قلب		noun	electrocardiogram
نوار مثانه		noun	uroflowmetry, urinary flow rate
پستان‌نگاری		noun	mammography
ماموگرافی		noun	mammography
مهندسی ژنتیک		noun	genetic engineering
مولکولی		adj	molecular
مهندسی مولکولی		noun	molecular engineering
سحابی		noun	nebula
زیست‌پزشکی		noun	biomedicine
پرتوان		adj	pluripotent
فرازمینی	فَرازَمینی	adj	extraterrestrial
بستگان		noun	relatives, relations
سراغ گرفتن		verb	to ask after
پرتوانی		noun	pluripotency
سراغ		noun	sign, scent, footprint
نهادی	نَهادی	adj	natural
سگالیدن		verb	to think, consider, discuss
دایزه		noun	maternal aunt (mother’s sister)
آغل		noun	pinfold, caverns for cattle
جولا		noun	spider
زکاب		noun	ink
تماما	تماماً	adv	completely
دیگدان		noun	stove
باشه		intj	Used to indicate acknowledgement or acceptance. OK
دنیوی		adj	mundane
تعرفه		noun	tariff, impost
سکولاریسم		noun	secularism
لوغیدن		verb	to milk
اخراج کردن		verb	to fire
اخراج شدن		verb	to be fired
لفت دادن		verb	to delay
افت کردن		verb	to decrease, descent, to have a drop, a decrease in quality
آویزان کردن		verb	to hang in the air, suspend
قرقاول		noun	pheasant (bird)
جزیه		noun	jizya (a per capita tax levied on a section of an Islamic state's non-Muslim citizens, who meet certain criteria)
تیهو		noun	grey partridge (a game bird in the pheasant family, Perdix perdix)
مجار		noun	Hungarian
گواشتن		verb	to digest
کپیدن		verb	to snatch, steal, seize
اوکراینی		adj	Ukrainian
داغون		adj	wrecked, destroyed, broken
آنغوزه		noun	Ferula (genus)
کماشیر		noun	an opopanax-like gum from a certain umbelliferous plant
جوز هندی		noun	nutmeg
پوست جوز هندی		noun	mace, the envelope of nutmeg
قاچاق		noun	contraband, illicit substances
راه بردن		verb	to walk
عروسک پشت پرده		noun	Any plant of the genus Physalis.
کاکنج		noun	Alkekengi officinarum (syn. Physalis alkekengi)
مطبوع		adj	pleasant, agreeable
آلاوه		noun	tipcat game
پنتی		adj	slovenly
کدخدا		noun	village headman, mayor
خیرات		noun	alms, charity
یک‌رنگ		adj	unicolored
هول		noun	man who tries to seduce girls
حقوق‌شناسی		noun	jurisprudence
آروغ		noun	burp
آروغ زدن		verb	to burp
کلان‌شهر		noun	metropolis
پارگین		noun	sink, sewer
پرندوش		adv	last night
اجازه دادن		verb	to give permission; to let, to allow
ورم		noun	swelling
دنب		noun	tail
رمبیدن		verb	to collapse
ششت		adj	vile, detestable, deformed, shameful, bad
کلان شدن		verb	to grow up, grow
جمع‌‌الجمع		noun	a pluralized form of a (frozen) plural, double plural
پاشیدن		verb	to sprinkle
وند		noun	affix
دلیجان		noun	stage-coach
نیمروز		noun	noon, midday
کران		noun	border, edge, bound, boundary
پیشمرگه		noun	peshmerga (Kurdish fighter)
کندوری		noun	a leathern cover for a table
قندیل		noun	lamp
ادبخانه		noun	water closet
کده		noun	house
مقتدر		adj	powerful
آلوی بخارا		noun	alubukhara
سرپوش		noun	cover
سرپیچ		noun	socket
سیج		noun	danger
سیجناک		adj	dangerous
تأکید		noun	emphasis (special weight or forcefulness given to something considered important.)
سیلابی		adj	of or pertaining to floods or flooding
دشت سیلابی		noun	floodplain
سفربر		adj	who undertakes a journey, ready to travel
زربفت		noun	brocade
بافت		noun	texture (e.g. of a fabric)
پراندن		verb	to cause to fly
موریانه		noun	termite
میگو		noun	shrimp, prawn
شکافتن		verb	to cleave, cut, incise
قلقلک		noun	tickle
قلقلک دادن		verb	to tickle
دلیر		adj	brave, courageous
افشاندن	اَفشاندَن	verb	to scatter, disperse
قشلاق		noun	wintering place, qishlaq
لقمه		noun	morsel or small sandwich
جنایتکار		noun	a person who is guilty of a major crime, notably breaking the law
بزهکار		noun	a person who is guilty of petty crimes; delinquent
پیگرد قانونی داشتن		verb	to be prosecutable
سینگل		adj	single (Not married or (in modern times) not involved in a romantic relationship without being married or not dating any
دل کسی را زدن		verb	to become uninteresting, boring, unpleasant, or repulsive as a result of excessiveness or passage of time
گزینش		noun	choice, selection
واداشتن		verb	to compel, to force
وادار		adj	compelled; led to (do something)
رطوبت		noun	humidity, moisture
چمیدن		verb	to strut, walk proudly
غمناک		noun	sorrowful, sad
زنگار		noun	verdigris, rust
بادیه		noun	large bowl
خروشیدن		verb	to cry aloud, shout
جزدان		noun	portfolio
خیار چنبر		noun	golden shower tree, Cassia fistula
خوارزمشاه		noun	Khwarazmshah
خوارزمی		adj	Chorasmian (of, from, or pertaining to Chorasmia)
قلمتراش		noun	penknife
بیداد		noun	oppression, injustice, tyranny
میشین		adj	belonging to sheep
مجاور		adj	adjacent; neighboring
واج		noun	phoneme
خزر		noun	Khazar
کوتوال		noun	castellan
قلقل		noun	gurgle
بی‌صراط	بیصِراط	adj	lawless, impious
بخشنده		adj	merciful
اشترخار		noun	camelthorn
سداب		noun	harmal (Peganum harmala)
سیلان	سَیَلان	noun	flow; flux
سبزی‌فروش		noun	greengrocer, seller of greens
شکیبنده		adj	patient
مصراع		noun	hemistich; half of a بیت (beyt, “line of verse”)
متخصص		noun	specialist; expert
شار		noun	flux
دارایی		noun	property, assets
دولچه		noun	leathern bucket
پیشتخته		noun	desk, counter in a shop
پاچه		noun	feet (of sheep, calves, or other animals, especially when boiled), trotters
پینکی		noun	slumber
کمخا		noun	damask silk
مجسم		adj	embodied, corporeal, incarnated, given bodily form
لاری		noun	a Persian silver coin
خوشبختی		noun	happiness
برقرار		adj	established
قنات		noun	qanat (underground irrigation system)
قناد		noun	confectioner
دباغ خانه		noun	tannery
اوباریدن		verb	to swallow without chewing, to devour.
زفر		noun	jaw
لک		noun	stain or spot
خلاصی		noun	liberation, deliverance
خلاشی		noun	sailor
حاذق		adj	skillful, proficient, adept, shrewd
خلاشه		noun	rubbish of sticks or thorns
خلاسی		noun	mulatto
خلاس		noun	thief
خلیدن		verb	to hurt by introducing a sharp point, to sting
عبث		noun	absurdity, nonsense
گوجه سبز		noun	greengage
تگلتو		noun	saddle blanket
غافث		noun	agrimony (Agrimonia gen. et spp.), especially the common agrimony (Agrimonia eupatoria)
گازر		noun	walker, fuller
اخم		noun	frown
اخمو		adj	frowny
بی‌دین		adj	irreligious
شیردال		noun	griffin
موستان		noun	vineyard
ماجراجو		noun	adventurer
مشتاق		adj	yearning (for), longing (for), desirous
شاهوار		adj	royal, kingly
ساییدن		verb	to rub, grind
فرسودن		verb	to erode, wear out, deplete
حکومت کردن		verb	to rule, dominate
سلطانی		adj	royal
داروینیسم		noun	Darwinism
یونجه		noun	alfalfa
شبدر		noun	clover
ماشک		noun	vetch (Vicia gen. et spp.)
اسپرس		noun	sainfoin
تالان		noun	plunder, sack
ناتمام		adj	incomplete, unfinished, imperfect
چلنگر	چِلِنْگَر	noun	a locksmith
راهرو		noun	hallway, corridor
برخی		pron	some
هرکس		pron	anyone, anybody
همه‌گیری		noun	epidemic
دنیاگیری		noun	pandemic
جودر		noun	rye
پس‌ماند		noun	waste
ماند		noun	inertia
کیفر		noun	punishment
سرشناس		noun	famous
ناراحت		adj	upset
نهصد		num	nine hundred
سپری		noun	complete, finished
هفتصد		num	seven hundred
هشتصد		num	eight hundred
معراج		noun	ascension to heaven
وحی		noun	inspiration
غلامی		noun	slavery, bondage, servitude
لغز		noun	riddle, enigma
شنگار		noun	bugloss (Anchusa, Alkanna spp.)
دولبند		noun	turban, sash of a turban
بن‌واژه		noun	lemma, the basic or dictionary form of a word
تخش		noun	arrow
تعطیلات		noun	holidays
معادل		adj	equivalent
خیم		noun	essence, nature
استویهاد		noun	the demon of death in the Avesta
سقر		noun	Hell
مهمیز		noun	spur
معمم		adj	turbanned: wearing a turban
شوفر		noun	chauffeur (private driver)
کلنجار		noun	a crab
کلنجار رفتن		verb	to fumble with your hands, just like how a crab tries to hold things with its claws
قرشمال		noun	a gypsy, usually female
امیرتومان		noun	a major general, a commander of a division.
سرلشکر		noun	a major general, a commander of a division.
هنگ		noun	a regiment
آموت		noun	the nest of large birds of pray, e.g. eagles or vultures, which is usually built at high elevations.
موحش		adj	dreadful
رژیمان		noun	a regiment
تن‌فروش		noun	a prostitute
چنبره		noun	a ring or hoop
لکاته		noun	a prostitute
کون‌مرزی		noun	anal sex, sodomy
حشری		adj	horny
شهوت‌انگیز		adj	sexy, steamy, saucy, sexually hot, provocative or tempting
شهوت‌برانگیز		adj	sexy, steamy, saucy, sexually hot, provocative or tempting
بهر		noun	share, portion
بچه‌کونی		noun	faggot
جق زدن		verb	to masturbate, to jerk off
جق		noun	masturbation
مسطح		adj	flat; even; level
مدافع		noun	defender
شؤم		adj	ill-omened, inauspicious
قفل‌ساز		noun	locksmith
کلیدساز		noun	a keymaker or a locksmith
بیجاده		noun	garnet or ruby
نارسنگ		noun	garnet
پالهنگ		noun	rein
اژدهافش		adj	dragon-like, draconic
زادروز		noun	birthday
کنداوری		noun	valour, courage
چکه		noun	drop
سکندری		noun	stumble
دیهیم‌ها		noun	diadems
نیم‌تاج		noun	a tiara
کلاه‌خود		noun	a Devil mask
نحیف		adj	puny
شیرفش		adj	lionlike, leonine
کلاگیس		noun	a wig
ارغند		adj	ferocious, raging, formidable
شرزه		adj	ferocious, raging
کف کردن	کَف کردن	verb	to foam or froth
شرزه‌شیر		noun	a ferocious, raging lion
شرزه‌پلنگ		noun	a ferocious, raging leopard
امیرلشکر		noun	a major general, a commander of a division.
کرگ		noun	a rhinoceros
آلایش		noun	adulteration
التهاب		noun	inflammation
تصویب		noun	approval; acceptance; ratification
نشاندن		verb	to set, to place
خباره		noun	an adept, adroit, artful, deft, skilled, skillful, or versed person
پیش رفتن		verb	to progress, to advance, to go forward
اشکوب	اُشْکوب	noun	level or storey of a structure
خشنسار		noun	coot
چنگر		noun	coot
پرلا		noun	coot
سؤال کردن		verb	to ask, to question
ستهیدن	سِتِهیدن	verb	to withstand, defy, persevere, not give in
ستوه		adj	defeated, beaten
یاقوت کبود		noun	sapphire (blue corundum)
شکست‌خورده		adj	defeated, beaten
گشناب		noun	semen
باز آمدن		verb	to come back
قت		noun	trefoil, clover
بسد		noun	coral
به ستوه آمدن		verb	to become overwhelmed, fed up, plagued, or sick of lingering irritation
به ستوه آوردن		verb	to swamp, plague, or fatigue
با این همه		adv	despite all this, nevertheless
مجروح شدن		verb	to get wounded or seriously injured
افگار		adj	wounded or hurt
چیلان		noun	ironware
خیودان		noun	spittoon
کبودچشم		adj	blue-eyed
شبانه‌روز		noun	a full day (twenty-four hours)
خیو		noun	spit, saliva
شتر دوکوهان		noun	a Bactrian camel
کوهان		noun	the hump of a camel, zebu, etc.
گشتاور		noun	torque, moment of force
تنجار		noun	compressor
ممان		noun	toque, moment of force
کرپی		noun	dam, jetty, mole
بومهن		noun	earthquake
اینرسی		noun	inertia
مکانیک سیالات		noun	fluid mechanics
سیال		noun	fluid
تعریف کردن	تَعْریف کَرْدَن	verb	to define
مکانیک کلاسیک		noun	classical mechanics
جمعا	جمعاً	adv	in full, in total
مکانیک جامدات		noun	solid mechanics
جامد		adj	solid, in the solid state
لزبین		noun	a lesbian, a homosexual woman
مکانیکی		noun	an automobile repair shop
تیراژه		noun	rainbow
جبین		noun	forehead
مصادره کردن		verb	to confiscate
مصادره		noun	confiscation
برخال		noun	fractal
برخ		noun	fraction, portion
زنباره		noun	womanizer, rake
نشان دادن		verb	to show, to portray, to display
مستند		noun	basis (for a claim)
حدس زدن		verb	to guess
حدس		noun	guess, assumption, estimate
پر کردن		verb	to fill
سرکنسولگری		noun	consulate general
کنسول		noun	a consul
سرکنسول		noun	consul general
نبوغ		noun	genius (extraordinary mental capacity)
پابرهنه		adj	barefoot
کوزه‌گر		noun	potter
پشمام		intj	an interjection of sheer surprise or shock, equivalent to "holy shit!".
کوزه‌گری		noun	pottery, the potter's craft or art: making vessels from clay
قورت		noun	swallowing, gulp
حاجی		noun	a hajji, one who has participated in a hajj.
ماجرا		noun	event, affair (such as a crime affair)
کدبانو		noun	the lady of the house, mistress
دشنه‌آجین		adj	stabbed frequently with daggers on numerous spots, dagger-perforated
برساخت		noun	construct
چیله		noun	stick, twig, kindling
مرشد		noun	spiritual guide, religious master; (Sufism) Sufi shaykh
جزوه		noun	pamphlet
کبودپشت		noun	the sky
باجه		noun	ticket booth
مه‌مانگ	مِهمانگ	noun	supermoon
پنهان		adj	hidden, unseen, secret
مامانی		adj	cute, adorable
انجیدن		verb	to chop
علوم سیاسی		noun	political science
مساوی		adj	equal
چنانکه		adv	as, like
همانطور که		adv	just as, exactly like
درآوردن	دَرْآوَرْدَن	verb	to take out, to extract
تختخواب	تَخْتِخواب	noun	bed (furniture for sleeping)
عابر		noun	passerby
واری		prep	like, as (similar to)
انبیق		noun	alembic (an early chemical apparatus, consisting of two retorts connected by a tube, used to purify substances by distil
انسجام		noun	coherence
متوقف کردن		verb	to halt, to stop
پرجمعیت		adj	heavily populated (having a large population)
شخار		noun	potash; alkali
توتیا		noun	tutty
جقی		noun	a fapper, a habitual masturbator
ایلغار		noun	invasion
سرند		noun	a screen, a riddle, a sieve
به دست آوردن		verb	to obtain
طالبی		noun	honeydew melon, musk melon
قدومه		noun	madwort (Alyssum gen. et spp.; even Acanthophyllum bracteatum alias Alyssum bracteatum, and Lobularia maritima alias Aly
تودری		noun	madwort (Alyssum gen. et spp.)
چاودار		noun	rye
کاکوتی		noun	Ziziphora of various species
طوی		noun	wedding
مرمی		noun	bullet
شلف		noun	a prostitute, a whore
غزنوی		adj	of or from Ghazni
خناق		noun	suffocation; asphyxiation
محدود		adj	limited
تا وقتی که		adv	until
متضاد		noun	antonym
دنباله		noun	sequence
صدپا		noun	centipede
دمپایی		noun	slippers
عذر		noun	excuse, apology
تبختر		noun	swagger, prideful gait
سروب		noun	word
کنترل		noun	control
وافور		noun	smoking pipe
غیور		adj	gallant, mettlesome, militant
نذل		adj	despicable, lowlife
دسته‌هاون		noun	a pestle
پست کردن		verb	to post; to send by post
سفارشی		adj	recommended
پیشتاز		noun	vanguard
قبل از		prep	before, prior to
پیش از		prep	before
طول کشیدن	طول کشیدَن	verb	to take a long time
دوشک		noun	mattress, bed
معدود		adj	limited in number, a few
گردن فراز		adj	arrogant, haughty
متکبر		adj	arrogant
رخ عقاب گرفتن	رُخِ عقاب گرفتن	verb	to get a smug look, to turn up one's nose
کد پستی		noun	postcode
باستان		adj	ancient
فکسنی		adj	in poor condition, feeble, rickety
پابرجا		adj	enduring, lasting, existing, prevailing
جندر		noun	clothes
گاه‌شماری		noun	calendar, calendrical system
ویرانه		noun	ruins, ruined place
منفور	مَنفور	adj	hated, detested
مفرط	مُفْرِط	adj	excessive
مصنوعی		adj	artificial, artificially manufactured
مالیات		noun	taxes, taxation
جریان		noun	course, flow, current (of liquid, electricity, etc.)
پررونق		adj	splendid, prosperous, flourishing
غنی	غَنی	adj	wealthy, rich
امكان‌پذير		adj	possible
پرورش دادن	پَروَرِش دادَن	verb	to raise, to cultivate
تدریس	تَدریس	noun	teaching, educating, giving lessons
بازنشستگی	بازنِشَستِگی	noun	retirement
نگهداری	نِگَهْداری	noun	taking care of
با این که		conj	although, even though
آشپزی کردن	آشپَزی کَردَن	verb	to cook, to make food
به هم رسیدن	بِه هَم رِسیدَن	verb	to meet, to get together
محیط	مُحیط	noun	surroundings, environment, atmosphere
آنلاین		adj	online
پدیدار شدن		verb	to appear, to emerge
تسخیر		noun	conquest, subjugation
دلکو		noun	distributor; a device that distributes electric current, especially to the spark plugs in an internal combustion engine.
فرومایه		adj	abject, base
پرسون		adj	precise
سنبه		noun	punch, wimble, auger
عام‌المنفعه		adj	pro bono, for the public good.
بعید	بَعید	adj	unlikely, improbable
آپاستروف		noun	apostrophe
سعی	سَعی	noun	try, attempt
حداکثر	حَدِّاَکثَر	adj	at most
قرعه‌کشی		noun	drawing lots, selecting randomly
جیغه		noun	an ornament or jewel worn in the turban
جفتک‌چارکش		noun	leapfrog
سفینه		noun	spacecraft
پرشور		adj	passionate, ardent
باعث شدن		verb	to cause
چندان	چَندان	adv	so, so much; that (to such a degree)
کرامت	کَرامَت	noun	dignity
برهمن	بَرَهمَن	noun	brahmin (member of Hindu priestly caste)
سیماب		noun	quicksilver, mercury (type of metal)
بازنشسته		adj	retired (no longer working)
یار غار	یارِ غار	noun	intimate friend, loyal friend
مویز		noun	raisin, currant
ماله		noun	anything with which ground is smoothed; trowel; harrow
تسخیر کردن	تَسخیر کَردَن	verb	to conquer, to capture, to subjugate
متحد کردن	مُتَّحِد کَردَن	verb	to unite; to make united
هرچه	هَرچه	adv	whatever
کتک خوردن	کُتَک خوَردَن	verb	to get beaten up
توسط		noun	intermediation, intercession
گپ زدن	گَپ زَدَن	verb	to chat
شبیه		adj	similar, resembling
معالجه		noun	treatment, cure
سر و صدا	سَر و صِدا	noun	noise, tumult
خودنویس		noun	fountain pen
فرزندخوانده	فَرزَندخوانده	noun	adopted child
معاون	مُعاوِن	noun	deputy, assistant, vice-
توضیح		noun	explanation
کاهش دادن	کاهِش دادَن	verb	to lower, to reduce
ترک کردن	تَرک کَردَن	verb	to leave, to exit
بازدید		noun	survey, inspection
برنز	بُرُنز	noun	bronze (metal)
دوره		noun	period, term
مجبور کردن	مَجبور کَردَن	verb	to force, to compel
صادر کردن		verb	to export
وارد کردن	وارِد کَردَن	verb	to enter, to cause to be entered
علامت تعجب	عَلامَتِ تَعَجُّب	noun	exclamation mark
قدرتمند	قُدرَتمَند	adj	powerful, mighty
ناتوان	ناتَوان	adj	feeble, powerless
به علاوه		prep	besides, in addition to
علاوه	عِلاوه	noun	addition
خنداندن	خَنداندَن	verb	to cause to laugh; to make someone laugh
عوضی		adj	changeling
تخم جن		adj	changeling, exchanged by fairies or evil spirits
چلوکباب	چِلُوکَباب	noun	chelow kabab, a popular Iranian kebab dish
مختلط		adj	mixed
صورت‌غذا		noun	menu
پیش‌غذا		noun	appetizer (start of a meal)
تافتان		noun	taftan bread
نوشیدنی		noun	drink, beverage
معدنی	مَعدَنی	adj	mineral; relating to minerals
حماسه‌سرا	حَماسهسَرا	noun	epic poet
میلادی		adj	Gregorian, relating to the Gregorian calendar
درآمد		noun	income
تدریج	تَدریج	noun	being gradual
دچار		adj	having encountered, encountering (a problem)
سالگی	سالِگی	noun	year of age
قرار گرفتن		verb	to be put, to be placed
زیبیدن	زیبیدَن	verb	to adorn, embellish, beautify
آبکند		noun	ravine
غرغاو		noun	buffalo
وکالت	وِکالَت	noun	power of attorney; agency
درز		noun	seam, suture
دهیار	دِهیار	noun	village head, president of the village council
مدرنیزه	مُدِرنیزِه	adj	modernized
بخصوص		adv	especially, particularly
سمی		adj	poisonous; toxic, venomous
افتخار کردن		verb	to be proud of
ملاقات کردن	مُلاقات کَردَن	verb	to meet
دریافت	دَریافت	noun	receiving
زوبین		noun	javelin
کم‌مایه	کَممایِه	adj	lacking in money; with little capital
آب و جارو		noun	washing and cleaning, sweeping clean (a building, a house, etc.)
لاعلاج		adj	irremediable, unpreventable
صمیمی	صَمیمی	adj	intimate, sincere
دستکند	دَستکَند	adj	dug by hand, hand-dug
پالان		noun	packsaddle
زرین		adj	golden
آهنین		adj	iron, of iron
در حال	دَر حالِ	adv	in the middle of, in the process of, while
تعظیم		noun	bow
باز شدن	باز شُدَن	verb	to open
تیروئید		noun	thyroid (gland)
سپردیس		noun	thyroid
دست دادن	دَست دادَن	verb	to shake hands
پس گرفتن		verb	to take back, to retrieve
آختن		verb	to draw out, to pull up, to extract
شهربندان		noun	lockdown (confinement of people as a security measure)
شخصیت		noun	personality, character (of a person)
متفاوت	مُتَفاوِت	adj	different, unlike
باریجه		noun	ferula, galbanum
لوترا	لوتَرا	noun	secret language, code language, argot, language known only to its speakers
چلبی		noun	gentleman
درمنه		noun	wormwood (Artemisia gen. et spp.)
فاخره		noun	Sichuan pepper (any of the spice plants under the Zanthoxylum genus and their produce)
مسا		noun	evening
شیب		noun	slope, declivity, tilt, descend
اندیشکده		noun	a think tank
خواربار		noun	food; provisions
وای		intj	woe!, alas!, oh dear!
ترشک		noun	sorrel, dock
تخصص		noun	specialty, specialization
دریچه		noun	small door, shutter; (small) window; a small hole for the admission of light; panel, pane; lid, cover for an opening; wi
قطعه		noun	piece, fragment
مدنیت		noun	civilization
دادار		noun	Distributor of justice
گندلاش		noun	velvet maple, Persian maple (Acer velutinum)
نهال		noun	sapling, shoot
شنفتن	شِنُفتَن	verb	to hear
لای		noun	dreg, sediment, dreck, mud
خیزان		adj	rising, leaping, saltatory
حامله		adj	pregnant
لحد		noun	grave
نئون		noun	neon
زیلو		noun	a type of blanket or carpet
تکواژ		noun	morpheme
انکار کردن	اِنکار کَردَن	verb	to deny
خیالی		adj	imaginary
ختو		noun	horn of narwhal, walrus and certain such animals
مصوت		noun	vowel
ارتباط		noun	connection, relation
تعیین		noun	appointment (to a post, a responsibility)
آهنربا		noun	magnet
مواجهه		noun	face-to-face meeting
فریور		adj	righteous
جنسیت		adj	gender
محصور		adj	surrounded, confined
تبلیغ		noun	propagation; promotion; advertisement; advocacy
حكمران		noun	governor, ruler
قاتی		adj	mixed
رندیدن	رَندیدَن	verb	to grate (in cooking: to shred by rubbing)
شگرد	شِگِرد	noun	method, technique, way
زوش		adj	violent, angry
انتفاع		noun	profit, benefit (gained from use)
گردونه		noun	horse-drawn cart
ارابه		noun	carriage
گردون		noun	wheel (Any circular device which rotates on its axis.)
سوسنگرد		adj	Susangerd (a city in Iran)
نهور		noun	eye
تکلم شدن	تَکَلُّم شُدَن	verb	to be spoken
محاذ		noun	battlefront, warfront
هیئت		noun	shape, form, (outer) structure
سرپرستی	سَرپَرَستی	noun	supervision, guardianship
تشکیل دادن	تَشکیل دادَن	verb	to form; to organize; to establish
عداوت		noun	enmity, animosity, hostility
پوست‌شناسی		noun	dermatology
اقلیم‌شناسی		noun	climatology
پیری‌شناسی		noun	gerontology
دیوشناسی		noun	demonology
موسیقی‌شناسی		noun	musicology
پولیس		noun	police
گرخیدن		verb	to get scared
مستجاب		adj	answered, accepted
نغم		noun	making a hole, digging out, making hollow; excavation; a mine, a trench
دور انداختن		verb	to throw away
تمرگیدن		verb	to sit down
سفتن	سُفتن	verb	to bore, to pierce
هاسیدن		verb	to fear
رنده کردن		verb	to grate
وانمود کردن		verb	to pretend
نادیده گرفتن		verb	to ignore
چشم‌پوشی کردن		verb	to ignore, to neglect
کوشیدن		verb	to try; to strive; to endeavor
از یاد بردن		verb	to forget
خرد کردن		verb	to break into pieces, to chop
تهدید کردن		verb	to threaten
مشاهده کردن		verb	to observe
تقلید کردن		verb	to imitate
استخراج کردن		verb	to extract
رشد کردن		verb	to grow
تایید کردن		verb	to confirm
ایجاد کردن		verb	to create
توصیه کردن		verb	to recommend
تشویق کردن	تَشویق کَردَن	verb	to encourage, to incite
تقسیم کردن		verb	to divide
نفرت داشتن		verb	to hate
تمایل داشتن		verb	to tend, to incline
هلاک کردن		verb	to kill, to eliminate
هلاک شدن		verb	to get killed, to get eliminated
ول کردن		verb	to let go; to release
برون‌سپاری کردن		verb	to outsource
حبس کردن		verb	to imprison
حمایت کردن	حِمایَت کَردَن	verb	to support
بازنگری کردن		verb	to revise, to amend
بازگشتن		verb	to return
بازتاب کردن		verb	to reflect
تهمت زدن		verb	to accuse
عبادت کردن		verb	to worship
ستایش کردن		verb	to praise
غریدن		verb	to roar
پرهیز کردن		verb	to avoid, to abstain
پرهیزیدن		verb	to avoid, to abstain
دربرگرفتن		verb	to surround, to engulf
دعوت کردن		verb	to invite
عفو کردن		verb	to forgive, to absolve, to pardon
تبرئه کردن		verb	to acquit, to exonerate
دیدار کردن		verb	to meet, to visit
چخیدن		verb	to struggle
عبور کردن		verb	to pass, to cross over
گذر کردن		verb	to pass, to cross over
شناساندن		verb	to familiarize, to introduce
طلبیدن		verb	to demand, to ask for
جبران کردن		verb	to compensate
تب کردن		verb	to have a fever
دواندن		verb	to make someone run, to cause to run
شباهت داشتن		verb	to resemble
خفه کردن		verb	to suffocate, to choke
خفه شدن		intj	shut up! (stop talking)
خراب شدن		verb	to get destroyed
مخلوط کردن		verb	to mix, to blend
تبخیر شدن		verb	to evaporate
خشکیدن		verb	to dry up, to wither
جشن گرفتن		verb	to celebrate
ترکاندن		verb	to cause to explode, to cause to blow up
بازگو کردن		verb	to retell
آشنا کردن		verb	to familiarize, to acquaint
پسندیدن		verb	to approve; to endorse; to like
خنیدن		verb	to resonate
پشنجیدن		verb	to sprinkle
تخشیدن		verb	to try, to make an effort
رزیدن		verb	to dye, to color
لافیدن		verb	to brag, to boast
رنجیدن		verb	to get upset; to get annoyed; to be offended
رنجاندن		verb	to annoy
چراندن		verb	to pasture
مرحله		noun	stage, phase
هل دادن		verb	to push
بستاوه شدن		verb	to deny
منظومه		noun	poem
مطرح		adj	under discussion; raised (as a subject of discussion)
آئورت		noun	aorta (great artery)
آگاهیدن		verb	to get aware, to get informed
آگاهاندن		verb	to inform, to let know
پیش‌بینی کردن		verb	to predict, to forsee
سقوط کردن		verb	to fall, to collapse, to descend
برآورد		noun	estimation
ازاله		noun	removal
مشرف		adj	imminent; impending; on the verge of
فراهم کردن		verb	to supply, to procure
دقت کردن		verb	to pay attention, to be careful
دین‌داری		noun	religiosity
برکنار	بَرکِنار	adj	dismissed, fired (from an office)
علنی		adj	public, open
کنونی	کُنونی	adj	present, current, present-day
ایستاندن		verb	to cause to stand
جنباندن		verb	to move
گله کردن		verb	to complain
فوران کردن		verb	to erupt
آماده کردن		verb	to prepare
برآورد کردن		verb	to estimate
ارزیابی کردن		verb	to evaluate
بیمه کردن		verb	to insure
عایق کردن		verb	to insulate
قضاوت کردن		verb	to judge
پرتاب کردن		verb	to throw
قفل کردن		verb	to lock
از بر کردن		verb	to memorize
قتل کردن		verb	to commit a murder
آشتی کردن		verb	to make up, to be reconciled after a quarrel
قهر کردن		verb	to break off a friendship or relation.
ایستادگی کردن		verb	to resist
تیز کردن		verb	to sharpen
تردید کردن		verb	to hesitate
مسخره کردن		verb	to make fun of, to ridicule
رها کردن		verb	to release
توهین کردن		verb	to insult
لمس کردن		verb	to touch
قصد کردن		verb	to intend
رصد کردن		verb	to observe
حظ کردن		verb	to enjoy
سرقت کردن		verb	to steal
پرت کردن		verb	to throw
تمثیل		noun	allegory
سامع		noun	listener, hearer (person listening to something)
محتاج		adj	needy, in want, poor
ضامن		noun	surety, guarantee
تکان دادن		verb	to shake
تشخیص دادن		verb	to recognize
قورت دادن		verb	to swallow
عادت دادن		verb	to accustom, to habituate
قرار دادن		verb	to put, to place
تعمیر		noun	repair, mending
گسیل کردن		verb	to emit
تراگسیل کردن		verb	to transmit
راهی کردن		verb	to send, to dispatch
روانه کردن		verb	to send, to dispatch
رهسپار کردن		verb	to send, to dispatch
مسافت	مَسافَت	noun	distance
کفن		noun	shroud; wrapping of the dead
تعلیمی		adj	didactic
جام زهر	جامِ زَهر	noun	"poisoned chalice"; difficult decision which goes against one's beliefs or ideology, but must be made nonetheless
سبک خراسانی	سَبکِ خُراسانی	noun	the "Khorasani style" of Persian poetry: the earliest style of New Persian verse, associated with poets from Khorasan an
سبک عراقی	سَبکِ عِراقی	noun	the "Iraqi style" of Persian poetry: the second style of New Persian verse from the twelfth to the fifteenth centuries, 
سبک هندی	سَبکِ هِندی	noun	the "Indian style" of Persian poetry: the third style of New Persian verse from the fifteenth to the nineteenth centurie
بهائم		noun	broken plural of بهیمه (bahīma /bahime)
دیدن کردن	دیدَن کَردَن	verb	to visit, to pay a visit
رکورد	رِکُورد	noun	record (extreme value)
بلند شدن	بُلَند شُدَن	verb	to rise, in particular:
فاصل		adj	separating, dividing
مزاحم		adj	annoying, pesky, obtrusive, in one's way
مود		noun	mood
غارت		noun	plunder, raid, pillage
بعثی		adj	Baathist
دلق		noun	a kind of frock worn by Sufi dervishes
هم گیمی		noun	those who play computer games together
همشهری		noun	person from the same town
هر چیز		pron	everything (all the things)
گروهبان		noun	sergeant
اسم فامیل	اِسمِ فامیل	noun	surname, family name
بلو		noun	a sharpening stone, whetstone, honestone
اعمی	اعمیٰ	adj	blind
نیشتر		noun	lancet
ولسوال		noun	district governor in Afghanistan
تاکنون		adv	hitherto; up to now; so far
چریک		noun	guerrilla; irregular soldier
موازنه		noun	balance, equilibrium
مبادرت		noun	setting about (to do something); taking upon (a task)
تشرین	تِشرین	noun	only used in تِشرینِ اوّل (tešrin-e avval, “October”) or in ellipses thereof
تجاری		adj	commercial; relating to trade
همبازی		noun	playmate
خیریه		adj	charitable
زیرک		adj	clever, nimble, keen, astute
اژگهان		adj	indolent, idle, negligent, lazy, slothful
اندازه		noun	size, dimension
تأکید کردن		verb	to emphasize
عاطل		adj	idle
تهیه		noun	preparation
آسایش		noun	rest, repose, comfort
تحویل		noun	delivery
آجیل		noun	nuts and dried seeds (e.g. pistachios, walnuts, pumpkin seeds)
برپا		adj	underway; afoot
بوالعجب		adj	marvelous, strange, peculiar
دشنام		noun	insult; verbal abuse
بدنهور		adj	evil-eyed, having an evil eye
ملیح		adj	beautiful, fair, pretty, graceful, lovely, elegant, handsome
آمیتیست		noun	amethyst
یاقوت ارغوانی		noun	amethyst
شوریدن		verb	to revolt, to rebel
بادبزن		noun	fan, hand fan
مچ دست		noun	wrist
مزایده		noun	auction
یوسه		noun	saw, especially for cutting wood or cutting down trees.
زیرسیگاری		noun	ashtray
آرایشگاه		noun	hairdresser's, hair salon, beauty salon
نظامیه		noun	Nizamiyya (any one of educational institutions founded in the 11th century by Nizam al-Mulk, vizier of the Saljuq Empire
فجیع		adj	horrible, awful, calamitous
مرقد		noun	mausoleum, tomb
دفیله		noun	march
خالی بستن		verb	to lie, to deceive
سوتی دادن		verb	To give away (To unintentionally reveal a secret, divulge undisclosed information, or expose someone.)
لاف زدن		verb	To brag, boast
سر زدن	سَر زَدَن	verb	to visit (to go and meet, as an act of friendliness or sociability)
خودباوری		noun	self-confidence
اعتماد به نفس		noun	self-confidence
آموزه		noun	lesson
سروده		noun	poem
ناسزا		noun	insult
رختکن		noun	dressing room
سکولار		adj	secular
پرسمان		noun	inquiry
گیاخن	گَیاخَن	adj	eloquent and articulate, grandiloquent
نشدنی		adj	impossible
گماشتن		verb	to appoint, to consign to (someone to a post or role)
ایران‌شناسی		noun	Iranology; Iranistics; Iranian studies
سرکوبگر		adj	repressive
سرشار		adj	brimful, overwhelmed
لبریز		adj	brimming, brimful
دادرسی		noun	trial
رونمایی		noun	debut, unveiling, launch (e.g. of an art piece)
پشتیبانی		noun	support
پشتیبان		adj	supportive
آغوز		noun	colostrum
شاریدن		verb	to pour, trickle
باقالی		noun	broad bean, fava bean (Vicia faba)
پشتیبانی کردن		verb	to support, back up
سازه		noun	structure, construct
کپل		adj	chubby
سوزناک		adj	woeful
هولناک		adj	scary
مهیب		adj	frightening
آتشین		adj	fiery
ولایات		noun	broken plural of ولایت (wilāyat /velâyat)
فروزنده		adj	shining, luminous, lustrous
گسسته		adj	separated
تابناک		adj	radiant
سزاوار		adj	worthy, deserving
پیوسته		adj	connected
محافظه		noun	conservativeness
صحابت		noun	companionship
تباهی		noun	devastation
تخته سیاه		noun	blackboard
اينست		contraction	is this
معما		noun	riddle; enigma; puzzle
الیوم		adv	today
نامور		adj	celebrated
جویبار		noun	stream, brook
ساطور		noun	cleaver
پیامک		noun	SMS; short text message
اندونزیایی		adj	Indonesian
دستی		adj	portable, handheld (device and equipment that are small and light enough to be carried by hand)
نگین		noun	gemstone, gem (specially one that is used to make rings and other ornamental jewelry)
تحصن		noun	sit-in, sit-down (type of protest)
تعمیم		noun	generalization
متقاعد		adj	convinced, persuaded
حیثیت		noun	prestige, reputation, standing
فوطه		noun	apron, towel, waistwrap (especially worn in baths)
پرسنل		noun	staff (all those who work somewhere)
موجب		noun	cause; reason; motive
استیضاح		noun	impeachment
نعلبکی		noun	saucer (small dish)
مانع		noun	obstacle, hindrance (both physical and figurative)
کجاوه		noun	a kajawah, howdah
شوشتری		noun	a native of Shushtar
مندرج		adj	contained, inserted, written (in a text)
جینگیلی		adj	curly
رمیدن		verb	to run away
غان		noun	birch (Betula gen. et spp.)
توس		noun	birchbark
توش		noun	strength, force
متقابل		noun	reciprocal, reciprocating
لالا		noun	sleep
سمبل		noun	symbol
منشأ		noun	origin, source
هواپیمای جت		noun	jet plane
عمودی	عَمودی	adj	vertical
تمدید		noun	prolongation, extension
دوشیرمه		noun	devshirme
شفيع		noun	intercessor, mediator
رزانه		noun	dye
فیوت کردن		verb	to pick up flirtatiously, to tease
گارسون		noun	waiter
آرایشگر		noun	barber, hairdresser, hairstylist
فراخ		adj	wide, broad
محاربات		noun	broken plural of محاربه (muhāraba /mohârabe)
کنج		noun	corner
نقشه جهان		noun	world map
نافه		noun	caudal gland of the musk deer (which produces musk)
طره		noun	lock of hair; ringlet; tress
مشکین		adj	musky; musk-scented
جانان		noun	one’s beloved; darling; sweetheart
سالک		noun	wayfarer; voyager
صید		noun	hunt; hunting
آشنایی		noun	acquaintance, friendship
فیریدن		verb	rejoice
روبرو		prep	face-to-face
آکواریوم		noun	aquarium
طارم		noun	wooden building of a circular form with an arched roof, gazebo
توغ		noun	horsetail
توپخانه		noun	artillery
کبست		noun	colocynth
خرگاه		noun	tent, pavilion, tabernacle
افسار		noun	curb chain; (loosely) bridle, harness, headstall, curb, rein
سماروغ		noun	mushroom
واضع		noun	founder, enactor
گوز دادن		verb	to fart
پاچیله		noun	shoe, sandal
هزاره		noun	millennium
دربند		noun	bar of a door, bolt
ماشه		noun	pliers
غرش		noun	roar (of an animal)
جندره		noun	the bar of a door
هین		intj	behold, beware, io
یدکی		adj	accessory, auxillary
بدیعی		adj	pertaining to the figures of speech
آسمانگون		adj	sky blue
آسمانرنگ		adj	sky blue
اهل خبره		noun	"expert; connoisseur"
اهل صنعت		noun	"an artisan, an artificer, a craftsman"
اهل قبور		noun	"the dead"
اهل معرفت		noun	"(the) learned or wise"
اهل قلم		noun	"writers"
آشکار کردن		verb	to reveal, to expose, to discover
علیه	عَلَیْه	prep_phrase	on him, upon him
تی		noun	squeegee
راوی		noun	narrator (of a novel, etc.)
مسلح کردن	مُسَلَّح کَرْدَن	verb	to arm (to supply with armour or weapons)
دوک		noun	spindle
نهی	نَهْی	noun	prohibition
قندول		adj	cute
دامگاه		noun	place full of snares and nets; (poetic, figurative) the world; the treacherous world
برزیلی		noun	Brazilian
منتو		noun	manti (Central Asian dumpling)
اسارت		noun	captivity
خودبین		noun	self-conceited
استغفرالله		intj	astaghfirullah
غیب		noun	the unseen; the mysterious and invisible, known only to God and the prophets and imams
خداداد		noun	gift from God
محیی		noun	a reviver
میسر		adj	possible; feasible; procurable, available
ذهبی		adj	synonym of طلائی
درون		noun	interior, inside, inner, inward, bowels, core, heart
صراحی		noun	wine-flask; carafe
عربده		noun	quarrel; brawl (especially of drunks)
برین		adj	highest; sublime
حلقه به گوش		noun	slave; bondsman
داج		noun	darkness, obscurity; dark night
خواجگی		noun	a wealthy merchant
زردوز		noun	a gold embroiderer
کثافت		noun	filth
آریا		noun	Aryan
خرقه		noun	mantle; cloak; habit (usually of a dervish or saint, especially one ragged from asceticism)
صفوی		adj	Safavid
آب‌انبار		noun	An underground chamber to reserve rain water, cistern
ماوس		noun	mouse (input device to operate a computer)
ماسوره		noun	bobbin, reel
شرجی	شَرجی	noun	humid, hot southeasterly wind blowing on the Persian Gulf coast
بوبو		noun	mother
پس دادن		verb	to give back; to return
کرت	کَرت	noun	Kartid (member of a dynasty that ruled Khurasan in the 1200s and 1300s, related to the Ghurids)
بنام		adj	named
خدارا	خُدارا	intj	by God! for God’s sake!
کشتی شکسته		adj	shipwrecked
فدا		noun	sacrifice; offering
جرعه		noun	draught, sip, gulp (of a drink)
قفقازشناس		noun	Caucasologist
قفقازشناسی		noun	Caucasology
عنقا		noun	synonym of سیمرغ (simorġ, a mythical bird)
ننگ	نَنگ	noun	infamy, dishonor, ignominy, shame
فرجام	فَرجام	noun	end; conclusion
دردادن	دَردادَن	verb	synonym of دادن (dâdan)
مضطرب		adj	agitated; disturbed; confounded; distraught
تخمین		noun	estimating, estimation, appraisal, evaluation
گشن		noun	male, man
افزار		noun	wear
جنگ‌افزار		noun	weapon
قبطی		noun	Copt
سیاه کاسه		noun	miser, niggard
تقاضا		noun	demand; request
چومپ		noun	chomp
همزمان		adj	simultaneous, synchronic
آوخ		intj	ah! alas!
گوشت‌خوار		noun	carnivore
رودبار		noun	river bank
رزمگاه		noun	battlefield
مکاشفه		noun	revelation, disclosure
تأله	تَأَلُّه	noun	theosis; deiformity (becoming Godlike, the ultimate stage of human perfection in certain schools of Islamic philosophy)
موافقت		noun	agreement; consent
فیلم سوپر		noun	A film with pornographic content
سوپر		noun	supermarket
خفته		adj	asleep, sleeping
قوچ		noun	ram, buck
قیافه		noun	exterior appearance of a person (often denoting character as well); physiognomy
تدبیر		noun	plan; strategy; policy
ملس	مَلَس	adj	sweet-and-sour; tart
سدیل		noun	cedilla
میکروپنیس		noun	micropenis
پنیس		noun	penis
ماکروپنیس		noun	macropenis
تستیکول		noun	testicle
سکسوال		adj	sexual
خارپشت		noun	porcupine; hedgehog
بهیمه		noun	beast; quadruped
بنجل		noun	junk, odds and ends
آت و آشغال		noun	junk, trash, dreck
پول‌شویی		noun	money laundering
طفولیت		noun	childhood
ترکمن		noun	Turkmen (member of one of various Turkic ethnic groups in Central and West Asia)
میرآب		noun	irrigation supervisor
خسروی		adj	“akin to the Sasanian kings”; (figurative) regal, kingly
ورجاوند		adj	magnificent, impressive
سرابستان		noun	garden attached to a building
سوپاپ		noun	valve
یاغی		noun	rebel, outlaw
سرنگون		adj	head downward, upside down, inverted
فسقلی		adj	small, tiny
شومینه		noun	fireplace
تفرقه		noun	separation, division, dispersal (in the passive sense)
نفیس		adj	precious, costly
ترجمه حال		noun	biography
باز هم		adv	again
شستشوی مغزی		noun	brain-washing
شست‌و شو کردن		verb	to wash
شستشو		noun	washing
خسیل		noun	hay
نبیگ		noun	Book( not limited to a collection of sheets of paper bound together like the given definition, can also indicate a colle
حصیر		noun	mat woven of rushes, palm-leaves, etc.
باطوم		noun	Batumi (the capital city of Adjara, Georgia)
صدا کردن		verb	to make noise
برخوردن		verb	to encounter; to come across; to meet by chance
طویله		noun	barn
جو دوسر		noun	oat
پیس		noun	vitiligo
بهره‌وری		noun	productivity, efficiency
لامسه		noun	touch
اقتباس		noun	adaptation (of a literary work, a work of fiction)
منسوب		adj	related
از طرف		prep	from the side of
ناکامل		adj	imperfect, incomplete
غیرمنقول		adj	immovable
سابقه		noun	personal history; a record (of)
حکومتی		adj	governmental
غیرحکومتی		adj	non-governmental
غیرقانونی		adj	illegal
غیرانسانی		adj	inhuman
غیراختیاری		adj	involuntary
غیرطبیعی		adj	unnatural
دیدنی		noun	visit
پرسان		adj	asking
سوزان		adj	burning; aflame; ablaze
گرفتار		adj	seized; captured; arrested
فاقد		adj	devoid; lacking
ایرمان		noun	friend, companion
سیاه‌پوش		adj	dressed in black; black-robed
خونخوار		adj	blood-sucking
بی‌نتیجه		adj	fruitless
بی‌موقع		adj	untimely; inopportune
گریان		adj	weeping; in tears
خریدار		noun	buyer; purchaser; customer
خفتان		noun	tunic worn under armour; caftan
فنا		noun	annihilation, evanescence, extinction, perishment
گیس بافته	گیسِ بافته	noun	plait; hair braid
خواهری		noun	sisterhood
بانووار	بانُووار	adj	ladylike; womanly
افسونگر		noun	charmer, enchanter; captivator
مداد لب	مِدادِ لَب	noun	lipstick; lipstick pencil
اسقف		noun	bishop, an official governing a diocese
دریافتن		verb	to understand; to realize; to find out
دردسر	دَردِسَر	noun	headache; hassle; bother; nuisance
مغزپسته‌ای		adj	having the color of pistachio kernels, shelled pistachios; pistachio green
مغز پسته		noun	pistachio kernel, shelled pistachio
تسلیحات		noun	armaments
یل		noun	hero, great warrior
پسته‌ای		adj	synonym of مغزپستهای (maġz-e-peste-'i)
انتقام‌گرایی		noun	revanchism
اسپیرک		adj	spark
بازاری		adj	relating to the bazaar
انحطاط		noun	decline; degeneration
تاوان		noun	punishment, penalty, compensation.
تلطیف		noun	awarding, rewarding; decorating (with a prize, medal, etc.)
گرمسیر		noun	tropical region; tropics
رؤیت		noun	sight
زنهار		intj	beware
باشی		noun	Used in the titles of certain high-ranking officials in Safavid and Qajar times, with the meaning of "head of" or "royal
باولی		noun	stepwell
قرق		noun	place reserved for exclusive use
زراه		noun	ocean
عرصه		noun	court, square, area, open space
حق نمک		noun	"right of salt"; mutual rights and obligations between a host and a guest, or between a patron and a client; loyalty, fi
مسکین		adj	extremely poor; indigent
فسنجان		noun	a Persian dish consisting of pomegranate and chicken. Also found in Iraqi and Jewish cooking.
سیل کردن		verb	to look, to watch, to gaze
آتشدان		noun	brazier, firepot
هوتل		noun	hotel
تیلفون		noun	telephone
شیریخ		noun	ice cream
جهت		noun	side; direction
دوآب		noun	doab; tract of land between two rivers
اعمال		noun	use, application, imposition, exertion
تو را		pron	تو (to) with the direct-object particle را (râ)
رستورانت		noun	restaurant
شاور گرفتن		verb	to take a shower or bath.
راه دروازه		noun	gateway
دالی		intj	peekaboo
دکتور		noun	doctor
خشو		noun	mother-in-law
ایور		noun	brother in-law
تافتون		noun	colloquial-un form of تافتان
الیجو		noun	dear, sweetheart
ایورم		noun	first-person singular possessive of ایوَر (êvar)
یازنه		noun	brother in-law
برادر شوهر		noun	brother-in-law
اپوش		noun	Apaosha; the personification of drought and the principle enemy of the yazata of rain, Tishtrya
هزارگی		noun	Hazaragi (a Persian dialect spoken in and around the Hazarajat region of Afghanistan; The Persian characteristic of the 
خفیف		adj	light, not heavy
کوریایی		adj	Korean
کلپچه		noun	pair of handcuffs
منتشر		adj	issued, published
شید		adj	splendid, brilliant, bright, luminous
بودنه		noun	quail
گرودمان		noun	the highest realm of Heaven; the realm of infinite light
پالیز		noun	orchard; a garden where fruits are grown
متولد شدن		verb	to be born
گڈی		noun	Hazaragi retroflex form of گدی
کروم		noun	chromium
توشک		noun	mattress, pad
تاجک		noun	Tajik
مومیاکاری		noun	mummification
پوئن		noun	point
پادوسپان		noun	padhuspan, a Sasanian office below spahbed
کنترات		noun	contract
آبه		noun	mother
کنترپوئن		noun	counterpoint
کنترباس		noun	contrabass
گریگوری		adj	Gregorian
آه کشیدن		verb	to sigh
ناکامی		noun	failure (to attain a goal)
نسبی		adj	relative
خوشوقتم		intj	pleased to meet you
توت زمینی		noun	strawberry
پکه دستی		noun	hand fan
پکه		noun	fan
خوشوقت	خوشوَقت	adj	happy, pleased
قسما		adv	partly
مهموز		adj	hamzated
یاری		noun	aid, support, assistance
شتوی		adj	wintry, hibernal
سندویچ		noun	sandwich
زلزله‌ای		adj	seismic
زلزله‌شناس		noun	seismologist
هیز		noun	lewd man, sleazy man, voyeur
مستشار		noun	advisor, councillor
تینس		noun	tennis
مدار		noun	orbit
مسند		noun	something to sit or recline on, e.g. seat, bench, cushion, pillow, throne
استالین‌گرا		noun	Stalinist
استالین‌گرایی		noun	Stalinism
ناصرگرا		noun	Nasserist
ناصرگرایی		noun	Nasserism
بعث‌گرایی		noun	Baathism
بعث‌گرا		noun	Baathist
قطب‌گرا		noun	Qutbist
قطب‌گرایی		noun	Qutbism
مائوگرا		noun	Maoist
مائوگرایی		noun	Maoism
مأمن		noun	shelter, safe place
آسایشگاه		noun	sanatorium, sanitarium, nursing home, hospice
استراحتگاه		noun	resort (a relaxing environment for people on vacation)
راه زدن		verb	to plunder on the road; to waylay and loot (e.g. a caravan); (poetic) also used in poetic metaphor.
مؤید		adj	assisted, victorious
یارب		intj	o Lord; a supplication to God for aid.
یاعلی		intj	O Ali; a request for intercession from Ali ibn Abi Talib, the first divinely appointed imam in Shi'ism, the sect followe
آکوستیک		adj	acoustic
تعلیق		noun	suspension, abeyance, stopping
قلاده		noun	animal collar, leash
باجناق		noun	co-brother-in-law, the husband of one’s wife’s sister
مارکسیست		noun	Marxist
معتزله		noun	the Mu'tazila
برآشفته		adj	angry
سبوکش		noun	drinker of wine
ایران‌شناس		noun	Iranologist
ضدقهرمان		noun	antihero
ضدماهواره		adj	anti-satellite, antisatellite
ضدتانک		adj	anti-tank, antitank
ضدآب		adj	waterproof
ضدیخ		noun	anti-freeze, antifreeze
مردستیزی		noun	misandry
مردم‌ستیزی		noun	misanthropy
رقاص		noun	erotic dancer, dance girl, item girl
زیرگروه		noun	subgroup (a group within a larger group)
در نتیجه		adv	as a result
قبله زرتشت	قِبلهٔ زَرتُشت	noun	fire, the “qibla of Zoroaster”
مستبد		adj	despotic; autocratic (of a person)
نقشبندی		adj	Naqshbandi
نقشبند		noun	painter
اثناعشری		adj	Twelver
به هم برآمدن		verb	to be moved (by emotion)
بدروزگار		adj	wicked; evil
فرشگرد		noun	Frashokereti, the final renovation of the world, wherein evil is destroyed, and the world is purified
خدابنده		noun	part of two royal names
تخنیک		noun	technique
چپلک		noun	sandal, a kind of slipper
کمپل		noun	blanket
منفعت		noun	profit; gain
هرآینه		adv	indeed; verily
هور		noun	sun; sunlight
به هیچ وجه		adv	by no means, not at all
تلفنی		adj	phone (as in phone conversation, phone call), telephonic
سرحال		adj	happy, amused, in a good mood
شنل		noun	cape
مواجه شدن		verb	to come across
درراه		adv	in the road
گویی		conj	as if, as though
گوشی تلفن		noun	landline telephone, home phone
گوشی		noun	mobile phone, smartphone
غفلتا	غفلتاً	adv	carelessly
برخورد		noun	encounter
زلال		adj	pure, limpid (of liquid)
ارزه		noun	Arzah, the eastern division of the seven realms
به سوی		prep	expresses movement to a place: to; towards; into
تردید داشتن		verb	to have doubts, to hesitate, to be in two minds.
به طور کلی		prep_phrase	on the whole
بندرت		adv	rarely
ناچارا		adv	inevitably, necessarily
اباضیه		noun	Ibadism, the doctrines associated with Ibadis, such as the acceptance of fewer hadiths, and the addition of Jami Sahih a
مایع		noun	liquid
برگزار شدن		verb	to be held
جغرافیادان		noun	geographer
جغتایی		adj	of or relating to Chagatai (Mongol ruler)
آلتایی		adj	of or relating to the Altay (mountain range); Altaic
سرتاسر		prep	all over
لاک		noun	trough, wooden vessel
خودپرداز		noun	ATM, cash machine
واگن		noun	carriage
نخبه		noun	elite
قطب‌نما	قُطْبنَما	noun	compass
بریتانیایی		adj	British
دوبلاژ		noun	dubbing (revoicing)
آب ژاول		noun	bleach
فرآورده		noun	product
گناهکار		noun	sinner
پاورچین		adv	on tiptoe
تی‌شرت		noun	T-shirt
رصد		noun	observation, monitoring
علامت سؤال	عَلامَتِ سُؤال	noun	question mark
یکسان		adj	same; alike
جوشن		noun	cuirass; breastplate
صادرات		noun	export, exports, exportation
واردات		noun	import, imports, importation
بوتیمار		noun	bittern
ربات		noun	robot
گراندوک		noun	grand duke
آرشیدوک		noun	archduke
مارکی		noun	marquis, marquess
ویکنت		noun	viscount
کنت		noun	count
پرنس	پرَنس	noun	prince
گراتن	گراتَن	noun	gratin
گراتن دوفینوآ	گراتَن دوفینوآ	noun	gratin dauphinois
دوفن	دوفَن	noun	dauphin
خبردار		adj	informed, aware
رمزارز		noun	cryptocurrency
کمون		noun	latency
وسیله		noun	means, medium
همکلاس		noun	classmate
استغنا	اِستِغنا	noun	disregard for the help of others; independence, ability to be independent
اتاق خواب	اُتاقِ خواب	noun	bedroom
استودیو		noun	studio
پرخاش		noun	quarrel, dispute, argument
شرکت کردن		verb	to participate
سررشته		noun	skill, competence
بالانیت		noun	balanitis
میوکاردیت		noun	myocarditis
پوستیت		noun	posthitis
بالانوپوستیت		noun	balanoposthitis
پروستاتیت		noun	prostatitis
پلیس	پُلیس	noun	police
برونشیت		noun	bronchitis
شهربانی		noun	shahrbani, (city) police
اپیدیدیمیت		noun	epididymitis
آپاندیسیت		noun	appendicitis
رینیت		noun	rhinitis
پریتونیت		noun	peritonitis
اوتیت		noun	otitis
سینوزیت		noun	sinusitis
انفارکتوس	اَنفارکتوس	noun	infarct
آندوکاردیت		noun	endocarditis
پریکاردیت		noun	pericarditis
آندوکارد		noun	endocardium
پریکارد		noun	pericardium
آندوسکوپی		noun	endoscopy
آندوسکوپ		noun	endoscope
دار السلطنت		noun	royal capital
چهر		noun	origin; lineage
عنفوان		noun	prime, splendor (of youth)
گاماس گاماس		adv	slowly, unhurriedly
سگدید		noun	presentation of a recently deceased body to a dog, whose sight is considered purifying
بن‌بست		noun	dead-end (street)
ضدحمله	ضِدِّحَمْله	noun	counter-offensive
استره		noun	razor (shaving knife)
پاپیل		noun	papilla
پاپول		noun	papule
نیلی‌گاو		noun	nilgai (type of Indian antelope)
سیروز		noun	cirrhosis
دندانساز		noun	denturist
وسوسه		noun	temptation
چنگیزی		adj	of or relating to Genghis Khan
درماتولوژی		noun	dermatology
کاردیولوژی		noun	cardiology
اورولوژی		noun	urology
نورولوژی		noun	neurology
پنومولوژی		noun	pneumology, pulmonology
پنوموتوراکس		noun	pneumothorax
ریشخند		noun	ridicule; mockery
پنومونی		noun	pneumonia
پنوموکوک		noun	pneumococcus
استافیلوکوک		noun	staphylococcus
کوک		noun	the act of tuning a musical instrument
استرپتوکوک		noun	streptococcus
واریاسیون		noun	variation
وزیکول		noun	vesicle
اروزیون		noun	erosion
اولسر		noun	ulcer
فیسور		noun	fissure
ماسراسیون		noun	maceration
آتروفی		noun	atrophy
ایمونولوژی		noun	immunology
آنتی‌ژنیک		noun	antigenic
ویرولوژی		noun	virology
باکتریولوژی		noun	bacteriology
ارگانیسم		noun	organism
میکروارگانیسم		noun	microorganism
میکروب		noun	microbe
میکروبیولوژی		noun	microbiology
آجه		noun	grandmother, grandma
تغایی		noun	maternal uncle
پاپیلر		adj	papillary
رولوسیونر		adj	revolutionary
رولوسیون		noun	revolution
آموزشگاه		noun	school, college, educational institution
ایدئولوژی	ایدِئولوژی	noun	ideology
بوروکراسی		noun	bureaucracy
لانسه		noun	launch
آناتومی		noun	anatomy
کالبدشناس		noun	anatomist
اندوکتانس	اَندوکتانس	noun	inductance
یادبود		noun	memorial, commemoration
یادمان		noun	monument
اواسط		noun	middle part, middle period
جاروب		noun	broom
هیرسوتیسم		noun	hirsutism
نازیسم		noun	Nazism
کادوسه		noun	caduceus
میتولوژی		noun	mythology
فیلولوژی		noun	philology
رادیولوژی		noun	radiology
اکولوژی		noun	ecology
کلیماتولوژی		noun	climatology
کینزیولوژی		noun	kinesiology
هماتولوژی		noun	hematology
استوماتیت		noun	stomatitis
ژنژیویت		noun	gingivitis
رتینیت		noun	retinitis
متابولیسم		noun	metabolism
رینوفارنژیت		noun	rhinopharyngitis
فارنژیت		noun	pharyngitis
تراکئیت		noun	tracheitis
هپولی کردن		verb	to plunder
رینوپلاستی		noun	rhinoplasty
اروند		noun	grandeur; pomp; magnificence
مقاوله		noun	agreement
جسارت		noun	boldness; daring
کته		noun	kateh; plain boiled rice
راحت‌الحلقوم		noun	lokum, Turkish delight
پلاتین		noun	platinum
قیام		noun	uprising, insurrection
اکوکاردیوگرافی		noun	echocardiography
از بر		adv	by heart
خالصانه		adj	sincere, pure; (adverbially) sincerely
داچی		intj	peekaboo
زولبیا		noun	jalebi
قطعیت		noun	certainty; definitiveness
بلم		noun	raft
دوبه		noun	dhow
دم زدن		verb	to breathe
جمول		noun	twin
خلجی		adj	Khalaj
دفتر مرکزی		noun	headquarters
فدائی		noun	one who willingly risks or sacrifices his or her life for another person
فدراسیون	فِدِراسْیون	noun	federation
فنیقی		noun	Phoenician (person)
مو شکافتن		verb	to split hairs
عریانی		noun	nakedness; nudity
خیره		adj	dazzled
مضرت		noun	injury, hurt
مسئولیت		noun	responsibility
اصالت		noun	genuineness; authenticity
ازا		noun	exchange; used in به ازای (be ezâ-ye, “in exchange for”) and در ازای (dar ezâ-ye, “in exchange for”).
پفیوز		adj	lazy, weak
فناوری		noun	technology
کاتولیسیسم		noun	Catholicism
مدنی	مَدَنی	adj	civil; civic; social (as opposed to governmental)
پروتستانتیسم		noun	Protestantism
پخش		adj	scattered
دبیرستانی		noun	high schooler
انیمه		noun	anime (Japanese animation)
جهانخوار		adj	"world-consuming"; a derogatory epithet for Western imperialism and the Western powers.
حدقه		noun	eye socket, orbital cavity
مناجات		noun	intimate individual prayer, often in the form of hymns and poetry
تیغه		noun	blade
بوراکس		noun	borax
گدی		noun	doll
چتل		adj	dirty, unclean
مارکیت		noun	market
دست نخورده		adj	virgin, untouched
قالپاق		noun	hubcap
استم	اِستَم	noun	oppression, injustice
کاکاؤ		noun	chocolate
چاکلیت		noun	chocolate
همش		adv	always; all the time
تبعیض		noun	discrimination; bias; prejudice
چقر		adj	deep
عشق مجازی		noun	human love; physical love (as opposed to love towards God)
قاصر		adj	coming short; failing (to do); helpless, weak
خفت و خیز		noun	agitation; anxiety
مادر کیکان		noun	cockroach
سیکتیر		intj	screw you, please, fuck off; used to express annoyance or exasperation.
چپ کردن		verb	synonym of چپ شدن (čup šudan, “to shut up”)
داغ کردن		verb	to heat
واز کردن		verb	to open
واز شدن	واز شُدَن	verb	to open
محتوا		noun	content
دسترس		noun	reach (of someone); disposal
سایر		noun	the rest (of); other
جزئی		adj	unimportant; trifling; slight
مسیر		noun	route, course; itinerary
آرزو کردن		verb	to desire
هوی		noun	passion; desire
مهین		adj	contemptible, abject
قدم زدن		noun	to walk
بستگی		noun	dependence; relationship of dependence
گزند		noun	harm; damage
مراعات		noun	observance; regard; heed (for the law, a rule, etc.)
خصوصیت		noun	close relationship; intimate friendship
بند کردن		verb	to close, to shut
معروف و مجهول		noun	a vowel classification system in which certain semi-vowel characters represent two vowel phonemes. The ma'ruf (معروف) ph
گدیپران		noun	kite
لنگی		noun	turban
خالی کردن		verb	to empty, deplete
معطل کردن		verb	to wait
احترامی		adj	respectful
بی‌احترامی		adj	disrespect
خواب کردن		verb	to sleep
جیغ		noun	yell, shout, holler
جیغ زدن		verb	to yell
گل کردن		verb	to extinguish
کار داشتن		verb	to (have) need (for)
پهلو		noun	side; flank (of the body)
قبیله		noun	tribe
پایدار		adj	permanent; lasting; stable; durable
سیک		noun	penis
برغست		noun	hoary cress, whitetop (Lepidium draba and potentially related species)
بی‌صبر		adj	impatient
لولی		noun	fille de joie
لولیدن		verb	to writhe, to wriggle, to fidget, to toss
خضرا		adj	green
همواره		adv	always; constantly
ارسال		noun	sending; dispatch
ارمغان		noun	gift; present
بی‌خواب		adj	sleepless
قهوه‌یی		noun	Dari standard spelling of قَهْوَهای (qahwa-'ī)
کریمی		noun	cream or beige
فولادی		adj	grey (usually but not exclusively metallic grey)
خرمذهبی		noun	uncritically religious person; religious nutjob
راسو		noun	weasel
وداع		noun	farewell
پوستین		noun	winter fur or leather coat
براده		noun	filing
لوت کردن		verb	to loot
استفساریه		noun	A request to interpret a law brought to the legislative body involved
سترون		adj	Unable to reproduce or procreate; barren
سپسین		adj	subsequent
خوج		noun	wild pear
تشناب	تَشْنَاب	noun	toilet
اعلامیه		noun	declaration, proclamation; manifesto
گلدسته		noun	bouquet
استوا		noun	equality
منثور		adj	written in prose, prosaic.
بی‌روح		adj	prosaic, boring
میده کردن		verb	to break, to smash, to shatter
می‌بخشین		intj	excuse me
بی‌فرهنگ		adj	void of culture or uncultured, uneducated.
پرسیاوشان		noun	maidenhair fern (Adiantum capillus-veneris)
خون سیاوشان		noun	dragon's blood (Dracaena cinnabari)
کاکا سیاه		noun	nigger
پیه		noun	fat, tallow
بیگلربیگی		noun	beylerbey or beglarbegi, a medieval and early modern title:
عالی‌جناب		noun	Excellency
کنترول		noun	control
سمور آبی		noun	otter
آبخوست		noun	island; especially an uninhabitable one
نوبی		adj	Nubian
دست‌بند		noun	bracelet
دولخ		noun	whirlwind
ناورد		noun	a course in field, race
میش بهار		noun	houseleek (Sempervivum), stonecrop (Sedum spp., Hylotelephium spp.), perennial flowering succulents of the Sedoideae sub
الفبای آوانگاری بین‌المللی		noun	International Phonetic Alphabet
کٹه		adj	Hazaragi retroflex form of کته
کټه		adj	Hazaragi retroflex form of کته
گډی		noun	Hazaragi retroflex form of گدی
بوټ		noun	Hazaragi retroflex spelling of بوت
اتاله		noun	an estimation
اټاله		noun	Hazaragi retroflex form of اتاله
اٹاله		noun	Hazaragi retroflex form of اتاله
گډیپران		noun	Hazaragi retroflex form of گدیپران
گڈیپران		noun	Hazaragi retroflex form of گدیپران
ثقت الاسلام		noun	Siqatul Islam
پائین		adv	downward, downwards
شیر چای		noun	milk tea
دمساز		noun	confidante; intimate
گنجیدن		verb	to be contained; to be held
همزبان		noun	speaker of the same language
سرگذشت		noun	adventure
گاز گرفتن		verb	to bite
چتری		noun	bangs
قرابت		noun	kinship tie; being related
منقاد		adj	obedient
مشفق	مُشْفِق	adj	kind; tender; compassionate
تاسه		noun	anxiety; disquietude
چوتی		noun	braid or braids (of hair)
سبزی خوردن		noun	sabzi khordan (a salad commonly served as a side dish in Iranian, Turkish and Armenian cuisine)
سوفار		noun	nock, the notch at the rearmost end of an arrow that fits on the bowstring
خون‌بها		noun	price of a person's life; (specifically) blood money, wergeld (monetary compensation to the family of a murder victim)
چاولی		noun	noodle squeezer, noodle press
شقی		adj	miserable; wretched
روزکی		noun	a short while; often as روزکی چند (ruzaki chand, “a few short days”)
عمی		noun	blindness
فلمنکی		adj	Netherlandish, Dutch
تراموای	تِرامْوای	noun	tram, tramway
عاشقانه		adv	amorously
ترمه		noun	cashmere
شریان		noun	artery
چسپ		noun	glue, adhesive
موتروار		noun	driver
انترنیت	اِنْتَرْنیت	noun	the Internet
آبخور		noun	irrigable land
بوزینه		noun	monkey; ape
بریک		noun	break (of a car)
چسپیدن		verb	to stick, to be stuck, to adhere
کیبل		noun	cable
پیشینه		noun	past, background, past record
امپراطور	اِمْپِراطور	noun	emperor
یاد داشتن		verb	to remember
ستیزه		noun	quarrel; dispute; contention
مابین		noun	interstice (space between two things)
ریسمان		noun	rope
کمپیوتر		noun	computer
هفتگی		adv	weekly
لوزینه		noun	a confection of almonds
حبل‌المتین		noun	the Quran
گمنه		noun	bulgur
نیکتایی		noun	tie necktie (clothing)
نپی		noun	codex, scripture
یکدل		adj	unanimous
یکدلی		noun	unanimity
سروری		noun	lordship, sovereignty, leadership, command
هویدا		adj	visible; apparent; manifest
متهم		adj	accused; charged; suspected
مته		noun	drill, auger, borer
عنبرنسارا		noun	donkey dung (used in traditional medicine)
انگلیون		noun	Christian Gospel, Evangelion
رفاه		noun	welfare, prosperity, well-being
خاک بر سر		adj	wretched; miserable; in extreme grief
گیرودار		noun	brawl; squabble
درخواستن		verb	to request; to ask
روهینگیا		noun	Rohingya (people)
متوضا		noun	place for ritual ablution (in a mosque)
باجگاه		noun	place for collecting tolls
آفریده		noun	creature; (particularly) human creature, human
چراغدان		noun	niche for a lamp
خرتوت		noun	large mulberry tree
داکتر دندان		noun	dentist
ناضل		noun	a warrior, champion, combatant
قلزم		noun	great sea; ocean
بر زدن		verb	to shuffle
سیرن		noun	siren (mythological female being)
راستاد		noun	salary, consideration
آبگیر		noun	pool; pond
ذبل		noun	scallop
فرمانبر		noun	subject (e.g. of a ruler)
موتورسیکلت	موتورْسیکْلِت	noun	motorcycle
غایبانه		adv	in absence, invisibly
خفارت		noun	protection; safeguarding
باشگاه		noun	club, association
وفاداری		noun	loyalty; troth (to a promise or a lover)
نیم بوسه		noun	"half a kiss"; a very short kiss
جاهدار		noun	dignitary; holder of rank
لانتان		noun	lanthanum
کرکت		noun	cricket (game)
صرفا		adv	merely, only
بررسی		noun	check; verification
تحلیل		noun	analysis
هدفمند		adj	purposeful; targeted
قریب‌الوقوع		adj	imminent
لغو کردن		verb	to cancel; to repeal; to abrogate
روابط عمومی		noun	public relations
دالر	دالَر	noun	dollar
کانگرس	کَانْگْرِس	noun	congress; conference
بارانداز		noun	wharf, quay, waterfront
همیدون		adv	likewise; also
راهوار		adj	sauntering, ambling
کلچه		noun	cookie, biscuit
ریچار		noun	preserve, confiture, jam
نامبردار		adj	famed; renowned; celebrated
سرخ رو		adj	ruddy; with a flushed face; blushing
ماشاو		noun	sieve, searce
نزده		num	Dari standard spelling of نوزده (nineteen)
نزدهم		num	Dari standard spelling of نوزدهم (nineteen)
متقارب		adj	convergent
لعین		adj	accursed; execrable
هندجاب		noun	handjob
داف		noun	chick, girl (especially an attractive one), sometimes used to mean bimbo.
افکار عمومی		noun	public opinion
نرمش		noun	stretching; warm-up (before exercise)
متعادل		adj	balanced
پیست		noun	race track
تأسیس		noun	foundation; founding; establishment
دیواناگری		noun	Devanagari
پاکباز		noun	fair dealer, fair player; someone who plays without cheats; (extension) honorable lover
طلاق دادن		verb	to divorce (his wife)
پرورشگاه	پَرْوَرِشْگاه	noun	orphanage
ناتوانی		noun	disability
قیطان		noun	braid, lace (such as ones embroidered on the hems of robes)
محکوم		adj	convicted; condemned
معاذالله		adv	God forbid
ولیعهد		noun	crown prince; heir apparent
انتصاب		noun	appointment (to a post); designation
قطعنامه		noun	resolution
خوناب		noun	blood mixed with water; thin blood
خرده گرفتن		verb	to find fault; to criticize pedantically
حوصله سر رفتن		verb	to become bored
مخلفات		noun	side dish
خودخواه		adj	selfish; egotistic
اشغالی		adj	occupied; under occupation
تردید		noun	hesitation
کاپشن		noun	jacket, coat, winter coat
به شمار آمدن		verb	to be considered; to be counted as; to be included in
مطرح کردن		verb	to bring up (a subject of discussion); to express
ناز و نیاز		noun	amorous conversation between a lover, who is نیاز (niyâz, “in need, forlorn”), and his beloved, who is ناز (nâz, “coquet
فروماندن		verb	to be helpless; to be incapable of; to be unable to
خلاقانه		adj	creative, innovative
زنهارخوار		noun	oath-breaker
مورخ		noun	historian
حاکی		adj	suggesting, indicating, indicative (of)
حفاری		noun	digging
استوایی		adj	equatorial; tropical
متمدن		adj	civilized
رد صلاحیت		noun	disqualification
برگه		noun	sheet of paper
اشتک		noun	baby (small child)
سراسیمه		adj	confused; stunned
ببر بیان		noun	Babr-e Bayan, the leopard-skin armor worn by the hero Rustam
آچار به دست		adj	a person with hands-on mentality or a practical or highly skilled person
بالین		noun	pillow
اپرت		noun	operetta
خلنج	خَلَنْج	noun	a kind of black dove with checkered wings
الک		noun	sieve, searce
شاکی		noun	plaintiff
متهم کردن		verb	to accuse; to charge; to indict
عاطفه		noun	kind feeling; affection
حزب باد		noun	opportunistic group or political party, fickle
حق‌السکوت		noun	hush money
ناشی		adj	resulting, arising
فوق الذکر		adj	aforementioned
مستور		adj	covered, hidden, concealed
چنل		noun	Social media channel
ارادتمند		adj	friendly, sincere
رقابت		noun	competition; rivalry
تلفات		noun	broken plural of تلف (talaf)
سوپرمارکت	سوپِرْمارْکِت	noun	supermarket
محرک		adj	motivating, stimulating, driving
زد و خورد		noun	clash, skirmish
فروپاشی		noun	collapse (of a system)
برانداختن		verb	to overthrow
ترور		noun	assassination
دقیق		adj	exact, precise, punctual
حزیران		noun	June
ایار		noun	May
نیسان		noun	April
ایلول		noun	September
تشرین اول	تِشرینِ اوّل	noun	October
تشرین ثانی	تِشرینِ ثانی	noun	November
کانون اول	کانونِ اوّل	noun	December
کانون ثانی	کانونِ ثانی	noun	January
ثانی		adj	second
هم‌معنی		noun	synonym
ریمن		adj	impure, filthy
سیاه‌چشم		adj	black-eyed
سرخ‌چشم		adj	red-eyed
شهلاچشم		adj	having eyes of شهلا (šahlâ) color
قورمه		noun	preserved meat; korma
قروت		noun	ball-shaped dried yoghurt or curd, kashk
سوسلنگ		noun	wagtail (Motacilla alba)
علی رغم		prep	despite; in spite of
لذا		conj	so, therefore
دمتک		noun	accentor (Prunella)
دمسنجه		noun	a kind of passerine bird
سیچغنه		noun	sparrowhawk
پیرامون		noun	vicinity, environs
گش		adj	fine-looking, fair
جیک		noun	chirp, twitter
محیط زیست	مُحیطِ زیسْت	noun	natural environment; natural world
سندیکا		noun	trade union
تیتر		noun	headline
بیده		noun	bidet
مثال زدن		verb	to give an example
ویو		noun	view (e.g. from a room)
تارک		noun	crown (top of the head)
دوردست		adj	remote, far-off
مغایر		adj	in conflict; contradictory
تقلیل		noun	diminution; reduction
عینی		adj	identical, exact same
مراجعه		noun	reference
بازجو		noun	interrogator
توقیف		noun	arrest
غرامت		noun	compensation; indemnity
بحکم		prep	because of, due to
سوغون		noun	an unexperienced or impetuous horse which has yet to be trained and cooled
سکند		noun	coitus
حل شدن		verb	to be solved; to be resolved
عوض شدن		verb	to change
شایع		adj	widespread, common
حاصلخیز		adj	fertile (of land)
برخلاف		prep	contrary to
برگزار		adj	held
برگزار کردن		verb	to hold
رد شدن		verb	to be rejected
زمزمه		noun	hum
دیر کردن		verb	to be late; to come late; to arrive late
سین کردن		verb	to see; to read (a text message)
تأخیر		noun	delay
وسیله نقلیه		noun	transportation device; vehicle
از قبیل		prep	like, such as
فاضلاب		noun	wastewater, sewage water
صناعت		noun	industry
کارساز		adj	helpful, productive, with results
ازدیاد		noun	increase
احداث		noun	establishment, creation
گندنا		noun	leek
شوخ		adj	shameless, saucy, brazen
کیلین		noun	daughter-in-law
کیمه		noun	ship, vessel
کامه		noun	a kind of sauce or pickle made of vinegar and sour milk
غیبه		noun	chunks of iron
دوال		noun	strap, thong
دیرباز		noun	long ago, ancient times
رکود		noun	depression, slump, bust
مستمع		noun	listener (e.g. to a radio program); audience member (e.g. at a lecture)
کرباس		noun	cotton-cloth, canvas
محترمانه		adj	respectful; (adverbially) respectfully
به چشم خوردن		verb	to appear; to catch someone's eye
والس		noun	waltz
فندق‌شکن		noun	nutcracker
پولونز		noun	polonaise
افشره		noun	juice, pressed out sap
مامیران		noun	celandine
مالیات‌دهنده		noun	taxpayer
نیمکره		noun	hemisphere
غافلگیرکننده		adj	surprising
مرتبط		adj	connected; associated
یکدست		adj	pure, unmixed
تعمیرگاه		noun	repair shop
مقایسه		noun	comparison
دست دوم		adj	secondhand
بافتنی		adj	textile; related to weaving or something woven
فنک		noun	fennec
ترکیب‌بند		noun	A form of classical Persian poetry, composed of multiple stanzas which each have their own rhyme, with a different rhymi
خدمتکار		noun	domestic worker, servant, butler, maid
خلاقیت		noun	creativity
عافیت باشه		intj	bless you; used as a polite response to sneezing
حساسیت		noun	allergy
نام و نشان		noun	given name and title/lineage; (by extension) identity, full name (before the adoption of Western surnames)
خردسال		noun	minor, underage; (originally) youth of tender years
بزرگسال		noun	adult
کهنسال		adj	very old; venerable
تبدیل کردن		verb	to change; to alter
از کجا		adv	how, from what evidence
محرک بی‌حرکت		noun	prime mover; unmoved mover
چلیدن		verb	to go; to walk
حریم		noun	privacy
افراطی		adj	radical, extreme
معترض		noun	protester
حماسه		noun	epic poem
ظنین		adj	suspicious; mistrustful
جوشش		noun	boiling
نخوت		noun	haughtiness, dignity, pride, vanity
تپیدن		verb	to beat; to palpitate; to throb
انبازی		noun	partnership; companionship
پاینده		adj	lasting, permanent, perpetual, firm
دوزیست		adj	amphibious
معشوقه		noun	mistress; female extramarital lover
پرسه		noun	roaming; wandering about; more common in the derived form پرسهزنی (parse-zani).
فیلمنامه		noun	screenplay, scenario
گنجوی	گَنْجَوِی	adj	of, from or relating to Ganja
آغازیدن		verb	to start, to begin
ناخودآگاه		adj	unconscious
نکبت		noun	adversity, calamity
بیانیه		noun	declaration, manifesto, official statement
خودجوش		adj	spontaneous
فاجعه		noun	calamity, disaster
وثیقه		noun	bail
مرتکب		noun	perpetrator (of a crime or misdeed)
تخلیه		noun	emptying, action of making empty:
گاوباز		noun	bullfighter
گاوبازی		noun	bullfighting
ماتادور		noun	matador (person whose aim is to kill the bull in a bullfight)
دادخواه		noun	plaintiff
دادگستر		adj	just, spreading justice
دادگستری		noun	the administration of justice
بیداد کردن		verb	to commit injustice
خیانت کردن		verb	to betray, including:
شهرداری		noun	municipality
سنجش		noun	measurement, assessment
کروان		noun	stone curlew
فلات		noun	plateau
سانتیگراد		adj	Celsius; centigrade
اوورتور		noun	overture
ماژور		adj	major
مینور		adj	minor
بکار		noun	natural
چرکس	چَركَس	noun	Circassian
چرکسی		adj	Circassian
کوتوله		noun	dwarf, midget
مجذور		adj	square, squared (of a number)
مدال		noun	medal
خسارت		noun	loss, damage
صرفه		noun	advantage; profit
حسابرس		noun	auditor
شبه جزیره	شِبْهِ جَزیرِه	noun	peninsula
وخامت		noun	bad state; deplorable state
خاطی		adj	sinning
شاطی		noun	shore
مصرف شدن		verb	to be consumed; to be spent
نوسان		noun	oscillation, upward and downward movement
بدهکار		adj	in debt
بازپرداخت		noun	refund
باربر		noun	sack truck, hand truck
استراق سمع		noun	eavesdropping
گوارش		noun	stomachic; electuary
بی‌برگی		noun	poverty, destitution, barrenness
محکوم له	مَحْکُومٌ لَه	noun	the winning party of a case
محکوم علیه		noun	the losing party of a case
پیچاندن		verb	to twist
جیم زدن		verb	to sneak away; to escape
راستش		adv	actually, in fact
کمابیش		adv	more or less
بازار شام		noun	very crowded place
متمرکز		adj	concentrated
کیفیت		noun	quality
کمیت		noun	quantity
خصوصی‌سازی		noun	privatisation
عرض کردن		verb	to petition, to request
انحصار		noun	monopoly
برهه		noun	moment, while, short interval
استخراج		noun	extraction
علیه الصلات والسلام		noun	blessings and peace be upon him
مسلک		noun	way, path (especially religious)
پهنا		noun	width, breadth, expanse
بوزیدان		noun	sweet pellitory (Pseudohandelia umbellifera, once Pyrethrum umbelliferum, Tanacetum umbelliferum)
شقاقل		noun	parsnip
رنجور		adj	ill, sick
رنج		noun	pain, toil, trouble
کمدی موزیکال		noun	musical
موزیکال		adj	synonym of موسیقایی (musiqâyi, “musical”)
موسیقایی		adj	musical
موزیسین		noun	synonym of موسیقیدان (mūsīqī-dān /musiġi-dân, “musician”)
موسیقی‌شناس		noun	musicologist
حمایل		noun	baldric, shoulder belt, crossbelt; belt, band, or sash worn over one's shoulder
کریاس		noun	threshold; vestibule; doorsill
غلغلستان		noun	place where everybody is crying or shouting
لابه		noun	humble supplication; entreaty
دلریش		adj	sick at heart; sore at heart
زهدان		noun	uterus, womb
گول‌کیپر		noun	goalkeeper
کنگاش		noun	council; assembly; consultation; meeting for advice
بددل		adj	weak-hearted; cowardly
فریاد کردن	فَریاد کَردَن	verb	to shout, yell, cry, clamour, vociferate
یاوه		noun	idle talk, nonsense
جاه		noun	high post; high office
منجی		adj	from or relating to Munji (province or people)
مبادا		conj	lest, so that... not
چهارباغ		noun	chaharbagh (a traditional square-shaped layout of Persian gardens comprising four square gardens separated by waterways,
معاشرت		noun	social intercourse; companionship
دنیا و مافیها		noun	the world and everything in it; all of material existence
مافیها		noun	only used in دنیا و مافیها (donyâ va mâfihâ).
رضائی		noun	a cover for head in winter
جهان مطاع		adj	A laudatory epithet for royal commands or proclamations.
ذروه		noun	apex, acme
قولنجان	قُولَنْجَانْ	noun	ginger
کاردار		noun	chargé d'affaires
فرخار		noun	place with beautiful people; especially used in conjunction with بت (bot, “idol, beauty”)
مستاجری		noun	a leasehold, rent, tenancy
جالی		noun	mesh, net
دیانت		noun	religiousness, piety
کتمان		noun	hiding, concealing
پیامد		noun	consequence, impact
خودداری		noun	self-restraint, self-control
هوری		noun	A kind of small logboat used in the Persian Gulf.
شکرستان		noun	sugarcane plantation
بازتابی		noun	act of reflection; reflecting
حاکمیت		noun	sovereignty
شامه		noun	sense of smell
یخچه		noun	hailstone
اجاق‌گاز		noun	gas stove
ظرفشویی		noun	kitchen sink, basin
گراته		noun	trouble
انقباض		noun	contraction (of muscles)
آخه		conj	because, but, after all, in conclusion
سوگوار		adj	mournful; mourning
سیار		adj	itinerant, wandering
پرماجرا		adj	eventful
پاسپورت	پاسْپورْت	noun	passport
بندرگاه		noun	port, harbour
ماشین تحریر	ماشینِ تَحْریر	noun	typewriter
شنیع		adj	repugnant, terrible, heinous
تصریح		noun	clear explanation; clarification
کورکور		noun	kite (bird)
وخیم		adj	perilous, dangerous, serious (e.g. of health)
آسوده		adj	calm, peaceful
ماشین ظرف‌شویی	ماشینِ ظَرْفشویی	noun	dishwasher
درا		noun	bell
اشم وهو		noun	Ashem Vohu, one of the four great Avestan mantras
جددین		noun	infidel, non-Zoroastrian
یشتن		verb	to worship, to perform Zoroastrian rituals
وارونه		adj	upside down, inverted
سال نو	سَالِ نُوْ	noun	New Year
جنگ جهانی دوم	جَنْگِ جَهانیِ دُوُّم	noun	World War II
اسباب بازی	اَسْباب بازی	noun	toy
دور و بر		noun	environs, nearby, surroundings
نکهت		noun	breath of air
مصاف		noun	battle lines; (metonymic) battle
مره	مَرَه	pron	Kabuli and Hazaragi form of مَرَا
انتقادی		adj	critical
بذله		noun	witticism, bon mot, joke
در سایه		prep	due to, owing to, in the wake of
مداوم		adj	continuous
مستغرب		adj	bizarre, odd, peculiar
ابیا		noun	woodcock
نگهدار	نِگَهْدار	noun	protector
شاهیدن		verb	to reign
شترنگ		noun	chess
ریش‌تراش		noun	a shaver; an electric razor
گلچهر		adj	having a face as beautiful as a rose
ایاغ		noun	drinking-cup
چشم بد دور		intj	touch wood, knock on wood
تا به حال		adv	up to now
کیف پول	کیفِ پول	noun	wallet, purse
آگاهی		noun	knowledge, awareness, information
ترن هوایی		noun	rollercoaster
کابر		noun	yearling ewe
گیسه		noun	young female goat
مرکز خرید	مَرْکَزِ خَرید	noun	shopping centre
ایستگاه پلیس	ایسْتْگاهِ پُلیس	noun	police station
مزمور		noun	psalm
دش‌آگاهی		noun	misinformation
عزت نفس		noun	self-esteem
ناگفته		adj	unsaid
ایول		intj	bravo, good job
میثاق		noun	agreement, treaty, compact
قیمومت		noun	tutorship, guardianship, trusteeship
محفوظ		adj	preserved, protected, guarded
خفقان		noun	suffocation, choking
معتقد		adj	convinced, persuaded, believing
محض		adj	pure, outright, absolute
اخطار		noun	warning
دستورالعمل		noun	written instructions
یادآوری		noun	remembrance, recollection, commemoration
آتئیست		noun	atheist
خوارشماری		noun	disparagement; belittling
مرفه		adj	prosperous, affluent
محاصره شدن		verb	to be surrounded, to be besieged, to be under siege
مسالمت		noun	peacefulness, peaceableness
ینگه		adj	only used in ینگه دنیا (yenge donyâ, “the New World, America”).
دست کشیدن		verb	to stop, to cease (an activity)
فروند		noun	Used to count ships; by extension, also aircraft and spacecraft.
اوارچه		noun	cashbook, a book of receipts and disbursements
دیپلماتیک		adj	diplomatic (relating to foreign diplomacy)
خوبی		noun	goodness, kindness
صیقل		noun	polish, lustre
پذیرا		adj	accepting, receiving, receptive
جنبه		noun	aspect, facet, side
زامبی		noun	zombie
علمی تخیلی		adj	science-fiction
عرش و فرش		noun	Heaven and Earth
نغول		noun	depth
کاستی		noun	diminution, decrease, loss
دبل		adj	double, twofold
اختصاص		noun	earmarking, appropriation, allocation
مختص		adj	special, particular, proper to, specific
بعضا		adv	sometimes, occasionally
نیکو		adj	good, excellent, nice, fair
خویدوده		noun	xwedodah (close-kin marriage)
مرحوم		adj	the deceased, the late
دهل		noun	drum, tambour, kettledrum
گرداندن		verb	to change, to transform
پاراشوت		noun	parachute (device designed to control the fall of an object or person)
غیبت		noun	absence
مردود		adj	rejected
موقوف		adj	delayed, postponed, stopped
صورت پذیرفتن		verb	to take place
کانون		noun	hearth, fireplace
جلیقه نجات		noun	life vest
طراحی		noun	designing, sketching, modelling
تراکم		noun	accumulation
روضه		noun	eulogy of the Battle of Karbala
سته		noun	berry soft fruit, e.g. grapes and strawberries
قسمت کردن		verb	to share
چنانچه		conj	if, in the case that
عمل کردن		verb	to act; to behave
چارچوب		noun	frame, framework
درخواست کردن		verb	to request; to ask for
پیگیری		noun	follow-up
جدا از		prep	besides, apart from, in addition to
اعزام		noun	dispatch, dispatching (to a far place)
یافت شدن		verb	to be found
فراگرفتن		verb	to take
غنی‌سازی		noun	enrichment
متناسب		adj	proportional, proportionate
منفعل		adj	ashamed
توحش		noun	wildness, savagery, barbarism
کردگار		noun	God, the Creator
مردمی		noun	humaneness, courtesy; quality of being a good person
مطرب		noun	minstrel
سر و برگ		noun	equipment, apparatus, means (of doing something)
ماهین		adj	month, moon
پراته		noun	paratha
لوطی		noun	the people of Lot or Sodom
متجاوز		noun	rapist
قیل و قال		noun	brawl, dispute, commotion, tumult
تقلب کردن		noun	to cheat
متخاصم		adj	antagonistic, in conflict, hostile
قبیل		noun	kind, sort, type
دستخوش		adj	subject to (especially something negative); victim (of)
متمادی		adj	prolonged, of long duration
خط فقر		noun	poverty line
تجلیل		noun	praise, glorification, honoring
مبرم		adj	urgent, pressing
قواره		noun	cut piece of cloth
مؤثری		noun	nominalization of مؤثر (mu'assir /mo'asser, “effective”): effectiveness
پاستوریزه		adj	pasteurized
کتیرا		noun	gum tragacanth
باتأنی		adj	deliberate, leisurely, stately
شکفتن		noun	to open, to bloom, to blossom, to flourish
عاطفی		adj	emotional, sentimental
انفرادی		adj	solitary
اعتصاب غذا		noun	hunger strike
کسنی	کَسنی	noun	hing (oleo-gum-resin of Ferula spp.)
توانگر		adj	rich
بینایی		noun	eyesight, vision
مناظره		noun	debate, disputation; discussion
چیره		adj	prevailing, victorious
مقتضیات		noun	exigencies, requirements, circumstances
پشته		noun	mound
هوس کردن		verb	to crave
شیاد		noun	fraud, imposter
مصا		noun	matzah
لباده		noun	cape
مفروض		adj	assumed, supposed
مطابق		adj	in accordance (with), conforming
آسفالت		noun	asphalt, a sticky and highly viscous liquid or semisolid composed almost entirely of bitumen
مبتنی		adj	based (on something)
سلسله مراتب		noun	hierarchy
بسنده کردن		verb	to be satisfied
شیوع		noun	prevalence
افتتاحیه		noun	opening ceremony
شاخص		noun	index, standard
تف کردن		verb	to spit
آنزیم		noun	enzyme
عمدی		adj	intentional, deliberate
آموسنی		noun	cowife
اوتیسم		noun	autism
وادار کردن		verb	to oblige, to persuade, to make (someone do something)
رفو		noun	finedrawing, darning
مگ		noun	Arakanese
فعلی		adj	current
درو		noun	harvest, reaping
نمایشگاه		noun	fair, exhibition, gallery (both the place and event)
مصرفی		adj	consumer, relating to consumption
گاوسار		noun	mace adorned with the head of an ox
رویانیدن		verb	to cause to grow, to bring forth
موزون		adj	rhythmical, cadenced
نباتی		adj	relating to vegetables or plants
پایندگی		noun	firmness, permanence, stability, durability
فاتحه		noun	beginning, exordium, introduction
کاهل		adj	indolent, lazy
امساک		noun	parsimony, stinginess
کاواک		noun	cavity
سکایی	سَکایی	adj	Scythian
سرای سپنج		noun	the fleeting world
جهاندار		noun	"possessor of the world": a laudatory title of kings.
تحکم		noun	domineering, highhandedness
دد		noun	wild animal; wild beast
قدسی		adj	celestial, heavenly
سرافراز		adj	proud, triumphant
در صورتی که		conj	if, in the case that; introduces a hypothetical.
محسوب شدن		verb	to be considered; to be counted as
لاینفک		adj	integral
استحکامات		noun	fortification (especially one that fully encircles the defended position)
منفجر		adj	exploding, detonating, blowing up
مصلا		noun	musalla; place for public prayer, especially a field outside the building of the mosque
طاجین		noun	tajine
بیداری		noun	wakefulness, vigilance, watch
فرنه		noun	malediction, execration
فره		adj	much, many, fele, abundant
فلاته		noun	A sweetmeat manufactured from molasses into which milk and nuts are cooked
دخالت		noun	interference, intervention
نمادین		adj	symbolic
نسبت به		prep	relating to; with regards to
افترا		noun	calumny, aspersion, slander
سرگین		noun	dung, manure
بیطار		noun	veterinarian, vet, a doctor who is specialized in treating and curing animals
خلاص شدن		verb	to be released, to be delivered, to be rescued
فلامینگو		noun	flamingo
پلیکان		noun	pelican
دلتنگی		noun	longing, missing (a person, a place)
مشاطه		noun	lady's maid
علوم خفیه		noun	the occult; the occult sciences
مقبره		noun	graveyard, cemetery
رفتار كردن		verb	to behave (in a certain way)
از طریق		prep	via, through, by means of
زهکشی		noun	water drainage
نمایشگر		noun	computer monitor
ناشناس		adj	unknown, unidentified
مخموری		noun	languor from alcohol; intoxication
کلگی		noun	headstall, headgear
تسلیت		noun	condolence; consolation
اهمال		noun	negligence
تذهیب		noun	gilding; (of manuscripts) illumination
جذب کردن		verb	to attract
همچون		prep	such, as
همچو		prep	such, as
بیگ‌زاده		noun	offspring of a beg
پالوانه		noun	swift, apodid
روایت کردن		verb	to narrate; to tell; to relate
گرافیست		noun	graphic artist
طنز		noun	satire (genre)
تصویرگر		noun	illustrator
خاصیت		noun	property, feature, nature
مسگر		noun	coppersmith
منزلت		noun	degree, rank
عاطر		adj	fragrant, aromatic
حسینیه		noun	husayniyya
بدرقه		noun	escort, company (sending someone off on the road)
تکیه‌خانه		noun	synonym of تکیه (takye)
جاودانه		adv	eternally, forever
حماسی		adj	epic
راحتی		noun	comfort, comfortableness, repose, ease
کم نظیر		adj	unprecedented, incomparable
در نظر گرفتن		verb	to take into account; to bear in mind
عشوه		noun	coquetry, flirting
توییت کردن		verb	To post an update to Twitter, to tweet
برزگری	بَرْزْگَری	noun	agriculture; farming
برزگر		noun	farmer
مشام		noun	sense of smell
گرداننده		noun	circulator
کارکرد		noun	function, role, effectiveness
عملکرد		noun	function, role
همکاری		noun	cooperation, collaboration
متوقف		adj	halted, paused, stopped
کیش‌مات		noun	checkmate
نمایشی		adj	dramatic (relating to drama or theater)
اسکن		noun	scan
ارزیابی		noun	evaluation
سخنران		noun	orator
منتقل		adj	transferred (e.g. to a different place)
اجبار		noun	compulsion, force
با خیال راحت		adv	safely, undisturbed, untroubled
تحسین		noun	admiration, applause, praise
جنایت جنگی		noun	war crime
مواجه		adj	encountering, facing, confronting
خاطرنشان		adj	fixed in the mind or memory
کوچیدن		verb	to migrate, to move
کوچ کردن		verb	to move, to migrate
کیس		noun	crease, wrinkle, fold
شکنجه‌گر		noun	torturer, tormentor
کارآمد		adj	efficient, effective, skilled
تنگنا		noun	tight place; defile, gorge, bottleneck
خانگاه		noun	older form of خانقاه (xānaqāh)
کمین		noun	ambush
به سرای باقی شتافتن		verb	to pass away
گرد کردن		verb	to gather together, to bring together
تهیه‌کننده		noun	film producer
فیلمبردار		noun	cameraperson, cinematographer, videographer
آپارات		noun	movie projector
وانت		noun	pickup truck
خلنگ	خَلَنْگ	adj	bi-coloured, piebald
دمدمه		noun	clamor, noise, disturbance
تلبیس		noun	fraud, imposture
ظرفیت		noun	capacity
مثابه		noun	position, place
کریپتو		noun	crypto; cryptocurrency
اشاره کردن		verb	to point (with a finger)
تراژدی		noun	tragedy
اپوزیسیون		noun	opposition
نحوه		noun	manner, method
اطرافی		adj	outlying, on the outskirts of
ابرقدرت		noun	superpower
گرانبها		adj	valuable, precious
برائت		noun	exemption, freedom (from)
دست و پا کردن		verb	to sort out, to arrange, to get done
دست و پا زدن		verb	to struggle, to make every effort
تخمین زدن		verb	to estimate, to assess, to guess
منقلب		adj	capsized, reversed
حائز		adj	owning, possessing
منفجر کردن		verb	to explode, to cause to explode
نافرمانی		noun	disobedience, insubordination
ضرب و شتم		noun	battery (physical abuse)
عضویت		noun	membership
غلبه		noun	victory, triumph
شیون		noun	lament, lamentation, wail
از سر گرفتن		verb	to resume, to start again
یادآور شدن		verb	to remind (of)
طریق		noun	road, way, passage
خلاص کردن		verb	to finish, to complete
حومه		noun	suburb
محموله		noun	shipment, cargo
خشکی		noun	dryness, aridity
وون		noun	won (Korean currency)
بس کردن		verb	to stop, to desist
قرار شدن		verb	to be agreed
به جا آوردن		verb	to perform, to carry out
سر و کار داشتن		verb	to deal
جنجال		noun	tumult, commotion, brawl
سپری کردن		verb	to finish, to complete
نیمه		adj	half
لایق		adj	worthy, fit, deserving
ناگزیر		adj	helpless
تانتال		noun	tantalum
ترمیم		noun	emendation, correction, repair
تکنوکرات		noun	technocrat
پرسه‌زنی		noun	roaming, wandering about
متحول کردن		verb	to transform
ناراضی		adj	unhappy, disgruntled, dissatisfied
حکمرانی		noun	dominion, rule, sway
بهبود بخشیدن		verb	to improve
منازعه		noun	conflict, dispute
منتفی		adj	ruled out, rejected
مجان		adj	gratuitous
جوانمرد		adj	brave, generous, manly
جوانمردی		noun	generosity
بابزن		noun	spit, skewer (for grilling meat)
بارگی		noun	excellent horse
مستغرق		adj	drowned
سانحه		noun	accident, unexpected event
مغفرت		noun	forgiveness
تشییع		noun	escorting a funeral procession
مرگ و میر		noun	mortality (number of deaths as a rate)
صراحت		noun	clearness, explicitness, definiteness
سرپیچی		noun	disobedience, refractoriness
نبود		verb	Used other than figuratively or idiomatically: see ن, بود: he/she/it was not, there was no
ضدونقیض		adj	contradictory
متحصن		adj	participating in a sit-in protest
دستگیر		adj	arrested, under arrest
دست زدن		verb	to touch
سوق دادن		verb	to lead, to impel, to drive
فرو نشاندن		verb	to quell, to quench, to suppress
پردازش		noun	processing
موهبت		noun	boon, gift, blessing
متوقف شدن		verb	to be stopped; to stop
با این حال		adv	nevertheless, but, however, nonetheless
جویینه		noun	swan
چتنی		noun	chutney (spicy condiment)
ظالمانه		adj	cruel, tyrannical, oppressive; (adverbially) cruelly, tyrannically, oppressively
اغراق		noun	exaggeration
ملموس		adj	tangible
گزنده		adj	biting (of an animal)
تاریخ انقضا		noun	expiration date
تاریخ مصرف		noun	expiration date
نشانه رفتن		verb	to aim at; to take aim at
ردیابی		noun	tracing, detection
تضعیف		noun	weakening
فیلمساز		noun	filmmaker
همتا		noun	peer, match, equal
تسهیل		noun	facilitation
منتقل شدن		verb	to be transferred; to be transported; to be moved
کریدور		noun	corridor
قفلی		noun	mould
تهیه کردن		verb	to prepare, to make ready
سنگر		noun	trench, dugout
نماز دیگر		noun	ʿaṣr prayer (the Islamic afternoon prayer)
به دست آمدن		verb	to be obtained, to be achieved
چای صبح		noun	breakfast (first meal of the day)
لاجرم		adv	necessarily, of necessity
بررسی کردن		verb	to investigate, to check
شکوفا		adj	blossoming, in blossom
پرینت گرفتن		verb	to print, to print out
پرینت		noun	printing
لپ‌تاپ		noun	laptop
ارائه دادن		verb	to present, to show
ناشناخت		adj	unknown, unidentified
اعمال کردن		verb	to use, to exert, to apply
روزه گرفتن		verb	to fast
ارسال کردن		verb	to send, to dispatch
مقایسه کردن		verb	to compare
خواهان		adj	wanting, desirous
خاوران		noun	synonym of خاور (xâvar)
فتان		adj	fascinating, charming, seductive, tempting
ذکر کردن		verb	to mention, to indicate
شرمسار		adj	ashamed
بجای		adj	in lieu
جامدانی		noun	jamdani
مالکانه		adj	possessory
غالیچه		noun	a small carpet
نوحه		noun	mourning, lamentation, wailing
برباد دادن		verb	to dissipate, to squander, to waste away
اعجوبه	اُعْجُوبَة	noun	miracle, wonder
فریادرس		noun	someone who comes to another's relief; redeemer, reliever, savior
عسس		noun	night watch, nocturnal patrol, nocturnal police
خلوتگاه		noun	private place, place of retirement, retired place
شامورتی		noun	cheat, scoundrel, swindler
سوئیت		noun	suite
دری‌زبان		adj	Dari-speaking
غین		noun	the letter غ
گاف		noun	The name of the letter: گ
بقه		noun	breeding bull, sire bull
خبیث		adj	impure, wicked, perverse
مولوی		adj	judicial
فوجدار		noun	an officer or the police in Hindustan, and chief magistrate of a chaklah
پس آمدن		verb	to return, to come back
افسانه‌ای		adj	legendary
دگرگون کردن		verb	to change, to transform, to alter
بندگی کردن		verb	to serve, to worship
حمل کردن		verb	to transport, to carry
تراوش		noun	oozing, leaking, exuding
خانه‌خدا		noun	master of the house, householder; pater familias
ثلاثه		num	three
خیل		noun	horsemen, squadron of cavalry; (by extension) army (in general)
موی‌لب		noun	moustache
عائد به		prep	این همایش یک روز دوام میکند، و در جریان آن، بحث و بررسیها عائد به فضای اطلاعاتی برگزار میشود.
in hamâyeš yek ruz davâm m
بدرنگ		adj	Used other than figuratively or idiomatically: بد (bad, “bad”) + رنگ (rang, “color”).
فرق داشتن		verb	to differ, to be different
عاریت		noun	something borrowed or lent; loan
ساغر		noun	wine cup; wine goblet
قبا کردن		verb	to tear or rip open a shirt (out of love-ecstasy)
پیرانه سر		noun	old age
عده		noun	number (of people)
ریزش		noun	pouring down, overflow, spilling
بودباش		noun	residence, dwelling, habitation
الحاح		noun	importunity, soliciting
محوطه		noun	enclosure, enclosed space
تهیدست		adj	poor, indigent
زهی		intj	bravo! well done!
تماشاخانه		noun	playhouse, theater, stage
کاکو		noun	Shiraz and Kerman form of کاکا (kâkâ)
الغیاث		intj	help!
پیر مغان		noun	innkeeper; in particular, a stock figure in poetry who runs the tavern, possesses eccentric wisdom, and initiates the po
مساعدت		noun	assistance, aid
پیشکار		noun	steward, majordomo
گوارا		adj	easily digested; (loosely) delicious, tasty
ستاد		noun	headquarters
اذعان		noun	acknowledgement, admission
با وجود	بَا وُجُودِ	prep	in spite of
اکمال		noun	completion, perfection
استکمال		noun	perfecting
آتشی		adj	red, dark red
محک		noun	touchstone
ابوالهول		noun	sphinx
اربعه		adj	fourfold, quadruple
صبیه		noun	daughter
صبی		noun	boy, lad, youth
صمیم		noun	pith, interior, core
حسرت کشیدن		verb	to yearn for someone or something
پارسی بان		noun	A Persian speaker (from Afghanistan, i.e. A Dari speaker)
پارسل		noun	package, parcel
پاک دل		noun	sincere
حکیم‌جی		noun	herbalist, medicine man
لمعه		noun	flash of light
عریان		adj	naked, nude
خزعبل		noun	nonsense, absurd
مرسل		adj	dispatched, sent; (Islam) especially of prophets
سیاهی لشکر		noun	extra, background actor
صاحبقران		noun	"Master of the Conjunction": a laudatory royal title, especially associated with the fourteenth-century warlord Timur.
ترکتاز		noun	plundering expedition, chevauchee
آبدار		adj	juicy, succulent
پامادور		noun	tomato
ساداوران		noun	Persian walnut (Juglans regia)
احتضار		noun	being on death's doorstep
نقش و نگار		noun	ornamentation; decorations and adornment; paintings and images
پرند		noun	damask silk
طاقت داشتن		verb	to stand, put up with, tolerate
جریده		noun	newspaper
طناز		adj	coquettish, playful
خرت و پرت		noun	trinkets, baubles, frippery
مبهوت		adj	astonished, confused, confounded
سرگشته		adj	confused, befuddled
دلفگار		adj	sick at heart, melancholy
گلبن		noun	rosebush
برآمدن		verb	to come up, to come from downwards
آته		noun	Hazaragi form of اتا (atā, “father”)
زریون		noun	gold-colored
میدانی		adj	relating to a square or plaza
یاد کردن		verb	to remember, to commemorate
دهقانی		noun	agriculture, tillage
ژئوپلیتیکی		adj	geopolitical
دریغ		noun	refusal to give, withholding, denial
مولایی		noun	lordship
خوی کردن		verb	to sweat
فارغ البال		adj	at ease, tranquil, relaxed
پراپر		adj	filled to the brim
کونین		noun	the two kinds of existence: the material world and the spiritual world
تسکین		noun	soothing, alleviation, appeasing, calming down, comfort
عادت کردن		verb	to get used (to)
پیف		intj	ew, ugh, yuck, pew
میکده		noun	pub, tavern
نام بردن		verb	to name; to mention or say (someone or something's) name
نافذ		adj	penetrating, passing through
مسلط شدن		verb	to rule, to govern
مسلط کردن		verb	to set up (someone) to rule; to cause to dominate
سحر حلال		noun	poetic genius; poetry
نازپرورده		adj	sheltered; brought up delicately; spoiled
جمعیت خاطر		noun	peace of mind, composure
ایثار		noun	generosity, selflessness, altruism
جحیم		noun	Hell
زمینه		noun	background (e.g. of a picture)
ماه پاره		noun	piece of the moon; shard of the moon
آب زدن		verb	to sprinkle with water; to moisten
الی		prep	to, up to
مسخر		adj	conquered, subjugated
نگار کردن		verb	to paint
چاینک		noun	teapot (a vessel for brewing and serving tea, typically with a handle and spout)
چای‌بر		noun	a large multi-litter or gallon sized container for tea.
چای‌جوش		noun	teakettle (kettle mainly used mainly for tea)
کامل العیار		adj	sterling, of a high grade of purity
کجک		noun	elephant goad, ankus
سیه بهار		noun	lush, verdant spring
کیمخت		noun	chamois, shagreen
زانو زدن		verb	to kneel, to kneel down
سبو		noun	pitcher, jar, pot
هیربد		noun	herbad, lowest-ranking Zoroastrian priest
دوستدار		noun	lover, loving friend
جاوی		adj	Jawi (relating to the Arabic script used for Malay and some other Austronesian languages)
گلناری		adj	vivid red, bright red; red like the pomegranate flower
قرین		adj	connected, joined, coupled
سنجاق قفلی		noun	safety pin
اسکلت		noun	skeleton
ابهت		noun	magnificence, grandeur, imposing presence
چپه شدن		verb	to fall, to sink (be moved downwards)
خرج کردن		verb	to spend (e.g. money)
همبستر		noun	sexual partner
اعشاریه		noun	point (decimal point)
خون خوردن		verb	to suffer, to anguish
مسلمانی		noun	Islam
شحنه		noun	military governor of a town
تیپ		noun	style, appearance, outfit
افتاده		noun	humbled person, oppressed person
قانع		adj	convincing, persuasive
مهجور		adj	deserted, abandoned, forsaken
راه دادن		noun	to give way, to allow someone to pass or enter
کمونیزم		noun	communism
مقیاس		noun	scale (i.e. on a map)
تغییر اقلیم		noun	climate change
متمایل		adj	with an incline; inclined
شهره		adj	famed, renowned
خواری		noun	abjectness, contempt, baseness, abasement
خون کردن		verb	to kill; to murder
پوشاندن		verb	to clothe, to dress
برچیدن		verb	to remove, to dismantle, to uproot
اوریگامی		noun	origami
سکس واژینال		noun	vaginal sex
عقاب فیلیپینی		noun	Philippine eagle
فیلیپینی		adj	Philippine, Filipino
فرزانگی		noun	wisdom
تکلم		noun	speaking, speech, conversation
ژنی		noun	genius (extraordinary mental capacity)
دیده		noun	eye
تقریب		noun	approximation
رقعه		noun	patch (for mending cloth)
شنگرف		noun	cinnabar, vermilion
چلیپا		noun	cross, crucifix
گسیل		noun	dispatching, sending away
مایان		pron	synonym of ماها (mâhâ)
ماها		pron	us, (only) us; usually excluding the listener, or including only a subset of some larger group.
سرایت		noun	transmission, contagion, infection (of a disease)
ارتیشدار		noun	warrior
ملکوت		noun	kingdom, dominion, reign
زغیر		noun	flax (Linum usitatissimum)
عکس العمل		noun	reaction
خلوص		noun	purity
الکی		adj	arbitrary, pointless, without reason
باروری		noun	fertility (a female's ability to have offspring, or actual number of production)
معضل		adj	problematic
الزامی		adj	mandatory, compulsory, obligatory
ناکجا		noun	nowhere
ناکجاآباد		noun	middle of nowhere
ساده‌انگاری		noun	considering simplistically; oversimplification
تطبیق		noun	adaptation, conformation, accommodation
تکدی		noun	begging, mendacity
پشیمان شدن		verb	to regret
تحت‌الشعاع		adj	overshadowed, eclipsed
کاوش		noun	excavation, dig
مقرون به صرفه		adj	affordable (of prices)
کلافه		adj	stuffy, boiling hot, oppressively hot
آب و هوایی		adj	climatic; related to the climate
مخترع		noun	inventor
مشرق زمین		noun	the East, the Orient
اعیان		noun	the aristocracy, the nobility
یکپارچه		adj	solid, concrete, structurally sound
فیمابین		prep	in between
طرفین		noun	the two parties (relating to a dispute, a case, a treaty, a negotiation, etc.)
گودال		noun	pit, hollow, depression
پاسبانی		noun	watching over, guarding
خرام		noun	elegant gait
قویا	قویاً	adv	strongly
قضیه		noun	case, matter, issue, affair
شیرجه		noun	diving, plunging (into water; also metaphorical)
سوگواری		noun	mourning
سوگواری کردن		verb	to mourn
نفی		noun	negation
حقانیت		noun	righteousness, legitimacy (of one's actions)
اجمال		noun	abridgment, synopsis, summary
کندوکاو		noun	inquiry, search
جا زدن		verb	to fake, to pass off as, to pretend to be something else
مزیت		noun	good point, benefit
سبعه		num	seven; synonym of هفت (haft)
پی‌جو		noun	searcher, seeker, inquirer, checker
فلاکت		noun	adversity, adverse fortune
عقده		noun	complex, knot
وردنه		noun	rolling pin
پریخوان		noun	exorcist
سوزنک		noun	gonorrhoea
پتنوس		noun	salver, tray, platter
فرق کردن		verb	to be different
ریاکار		adj	hypocritical
کجایی		adj	from where?
بی خیال		adj	unconcerned, nonchalant
نوک پستان		noun	nipple
جفت شدن		verb	to have sex
تن کردن		verb	to wear, to put on (clothes)
پارتنر		noun	significant other; (romantic or sexual) partner
گرل فرند		noun	girlfriend
ادکلن		noun	cologne, (man's) perfume
روبان		noun	ribbon
شوکه		adj	shocked
حسابی		adj	arithmetic; relating to arithmetic
حین		noun	time, moment
محکم		adj	tight, firm, fast
سفالین		adj	earthen (especially of earthenware)
نه پس		intj	no; really (indicating that what another person has said was obvious and unnecessary)
نیابتی		adj	proxy
فوگ		noun	fugue
استدلال کردن		verb	to argue (that)
عقب‌نشینی		noun	retreat
نصوح		adj	sincere, truthful
وثوق		noun	reliability, confidence, trust
آهنگ کردن		verb	to intend (to do something); to be about to, to be prepared for
پچ پچ		noun	chatter
رل زدن		verb	to enter a relationship
چت کردن		verb	to chat
تلفیق		noun	composition, composite, something put together
درخور		adj	suitable, fitting, appropriate
سنگ صبور		noun	A legendary stone said to listen and react to the stories of sad people.
آتیه		adj	future
درزمال		noun	clothes iron, flatiron
تایم		noun	time
برکندن		verb	to dig up, to dig out
یکنواخت		adj	monotonous, uniform
چانه کسی گرم شدن		verb	to keep talking a lot for a long time
سردرختی		noun	fruit from trees
بستری		adj	hospitalized
در به دری		noun	wandering, going from door to door
قشقرق		noun	dramatic scene, scandal
بامبول		noun	monkey business, trickery, fraud
کرجی		noun	small boat, barge
مادرمرده		adj	whose mother has passed away
سر سوزن		noun	point of a needle
پیشگام		noun	pioneer, trendsetter, harbinger, groundbreaker, trailblazer
شست		noun	thumb
پرتاب		noun	throw, toss, hurl, shot
حفر کردن		verb	to dig
منسجم		adj	coherent, cohesive
صاحب این قلم		noun	I, the writer; used by the author in self-reference.
شفاهی		adj	oral, spoken
متباعد		adj	divergent
دوستکام		noun	beloved
بهارنارنج		noun	orange blossom, flower of the orange tree
خاستگاه		noun	origin, source (e.g. of a phenomenon)
ایفا		noun	fulfillment, discharge
به وقوع پیوستن		verb	to occur, to come into being
نقش بستن		verb	to draw, to sketch
تزکیه		noun	purification, cleansing, sanctification
شهودی		adj	intuitive
تلاقی		noun	intersection, confluence, junction, place of meeting
تزیینی		adj	decorative
تشعیر		noun	decorative marginalia
مدل		noun	model:
نخستی		noun	primate
زل زدن		verb	to stare
کص		noun	filter-avoidance spelling of کس (kus, “cunt, pussy”)
استثنایی		adj	exceptional, outstanding
اغراق کردن		noun	to exaggerate
همه‌گیر		adj	omnipresent, ubiquitous
پاتوق		noun	hangout, haunt; favorite place one goes regularly
رایحه		noun	scent, odor, fragrance
بزرگداشت		noun	commemoration, homage
خیره کردن		verb	to cause to stare:
خطور کردن		verb	to occur, to strike, to come (to mind)
سر رفتن		verb	to go out (for something)
درمسال		noun	dharamshala
اهل هنود		noun	Hindus, especially Hindus in Afghanistan
گودواره		noun	gurdwara
تدخین		noun	fumigation
پتانسیل		noun	potential; potential point
انحلال		noun	dissolution (e.g. of an organization)
معطلی		noun	delay
طفره		noun	evasion, dodging, avoiding
سحرگاهی		noun	suhur
مصنوع		adj	manufactured, crafted
نعل در آتش		noun	"horseshoe in the fire"; restlessness, uneasiness
آریان		noun	Aryan
دسیسه		noun	intrigue, scheme, complot
دارالفنون		noun	university
مستظرف		adj	elegant, fine
صدراعظم		noun	Chancellor
چند و چون		noun	conditions, particulars, facts
درایت		noun	tact, discernment
دگراندیش		noun	dissident, dissenter
کارمزد		noun	wage, commission
تعویض		noun	replacement, exchange
مصرف‌گرایی		noun	consumerism
طراحی کردن		verb	to plan, to design
حراج		noun	sale (discount)
چخه		intj	go away; shoo
فراخور		adj	suitable, fit, suited
بخش‌بندی		noun	segmentation
تنیدگی		noun	tension, being somewhat anxious
منادی		noun	herald
خواهشمند		adj	requesting, asking
استارت		noun	start
ایاب و ذهاب		noun	return, two-way, round-trip
ساماندهی		noun	organization (act of organizing)
تأسی		noun	following the lead of, taking as a model, imitating
اسف		noun	sorrow, grief
تلاطم		noun	choppiness, roughness
ناچیز		adj	insignificant, trifling, trivial
ژنراتور		noun	electrical generator
دلشده		adj	lovesick, enamored
عامه		noun	public, populace, common people
جان نثار		adj	devoted for the sake of someone; nowadays mainly used in taarof phrases.
متناقض		adj	contradictory
صحرایی		adj	desert
زایمان کردن		verb	to give birth
مستمند		adj	afflicted, needy
زرق و برق		noun	garishness, gaudiness
مهراوه		noun	sun temple
ترویج		noun	circulation, propagation, causing to circulate
کباده		noun	bow-like metal equipment used for exercise
مایک		noun	microphone
دزدیده		adj	stolen
وردار		noun	Kashan form of برادر (barâdar)
سقاخانه		noun	traditional public water fountain
شمایل		noun	good qualities, virtues
له له		noun	The sound of a dog panting.
عبادتخانه		noun	place of worship, temple
بهدین		noun	Zoroastrian ("those of the good faith")
هیوادوال		noun	fellow (Afghan) citizen
تقدیم		noun	offering, proffering, dedicating
پرتره		noun	portrait
مژدگانی		noun	gift to someone who brings good news
سنگ تمام گذاشتن		verb	to finish something perfectly (literally, “to lay the finishing stone”)
گزنه		noun	nettle
آتش گرفتن		verb	to catch fire
گسی		noun	dispatching, sending away
زبانه		noun	something resembling a tongue:
خانمان		noun	house and furniture
دسترخوان		noun	tablecloth
هوسکار		noun	amateur, enthusiast, aficionado
هاری		noun	rabies
تزریق		noun	injection
آنفولانزا		noun	influenza
بلاصاحب		adj	ownerless
دهات		noun	countryside; rural area
دهاتی		adj	villager; rural person (as opposed to one who lives in an urban area)
صدد		noun	purpose, intention, design
منطبق		adj	matching, congruent
ابقا		noun	maintaining, retaining (e.g. a position of power)
خنده کردن		verb	synonym of خندیدن (xandidan)
خنده زدن		verb	synonym of خندیدن (xandidan)
دمادم		adj	incessant, at every moment
لالستان		noun	tulip-garden
لاله‌ستان		noun	tulip-garden
بنفشه‌ستان		noun	violet-garden
احداث کردن		verb	to create, to construct
مرغ چمن		noun	nightingale
خویشاوند		noun	relative, kinsman, kinsperson
مرکبات		noun	citrus fruits
فردم		noun	first
اکران		noun	screening
شمولی		adj	universal, inclusive
متمایز		adj	distinguished, distinct
پاندا		noun	panda (both giant and red)
فیزیولوژی		noun	physiology
مغذی		adj	nutritive, relating to nutrition
شکوفه دادن		verb	to blossom, to bloom
بالا آوردن		verb	to throw up, to vomit
لقا		noun	face, visage, countenance
هندواروپایی		adj	Indo-European
هندوایرانی		adj	Indo-Iranian
هندوآریایی		adj	Indo-Aryan
عیاری		noun	slyness, cunning
آقایی		noun	generosity, the personality of a gentleman
ساپورت کردن		verb	to support (various senses)
مدیریت کردن		verb	to manage, to handle effectively
آفتاب مهتاب ندیده		adj	sheltered, naive, innocent
قاطی		adj	mixed, mingled, blended
اکیپ		noun	team, group, gang
فشن		noun	fashion
میل شدن		noun	to be eaten
دلمه		noun	dolma
فلفل‌دلمه‌ای		noun	bell pepper
نهادینه		adj	embedded, institutionalized
محجبه		adj	hijabi, veiled
تعزیر		noun	discretionary punishment
سرسری		adj	ill-advised, unwise
واله		adj	enamored, distraught (e.g. with love)
تنعم		noun	life of luxury
دنج		adj	cozy, snug
تقدیم کردن		verb	to present, to offer
نجوا کردن		verb	to whisper
طراوت		noun	freshness
قلم کردن		verb	to snap in half (as one would snap a reed pen)
زبانزد		adj	celebrated, talk of the town
جیش کردن		verb	to pee
ادرار کردن		verb	to urinate
قرائت		noun	reading (way to read or understand a text)
صیام		noun	fast (period of abstinence)
زیبنده		adj	befitting, becoming (of), suiting
سنگدل		adj	stony, hardhearted, heartless, cruel
پرایوسی		noun	privacy
فست فود		noun	fast food (restaurant)
جامه گلگون		noun	A metonymy for the beloved.
تماتیک		adj	thematic
خانی		noun	khanship
اکسیتان		noun	Occitan (person)
مقدور		adj	predestined
کاتالان		noun	Catalan (person)
کاتالانی		adj	Catalan
اکسیتانی		adj	Occitan
توبال		noun	metal flakes, dross, filings
آخر شدن		verb	to be finished, to come to an end
صرفه‌جویی		noun	thrift, economizing, saving money
گلقند		noun	gulkand (rose petal preserve)
آشام		noun	drink
بردوختن		verb	to sew shut, to stitch
رنجه		noun	suffering, toil
غریق		adj	drowned
به اصطلاح		adv	so-called, supposedly
شاشو		adj	enuretic, bedwetting
علیم		adj	knowledgeable, knowing, learned
رسم کردن		verb	to draw
عیان		adj	obvious, clear
کوپه		noun	coupé
ایوبی		adj	Ayyubid
قایم موشک		noun	hide and seek
همگونی		noun	homogeneity
ارجاع		noun	anaphora (An expression that can refer to virtually any referent)
پی بردن		verb	to follow, to pursue, to be in search of
تجاهل‌العارف		noun	feigned ignorance (as a rhetorical device)
دورکار		noun	telecommuter, remote worker
غمگسار		adj	sympathetic, compassionate, empathetic, condoling
فتراک		noun	saddle strap, a long rope used to fasten items to a horse's back.
درمانده		adj	distressed, hopeless, helpless
دولتخواه		noun	well-wisher
دلدوز		adj	heartsick, heartsore, heartbroken
عشرت		noun	pleasure, enjoyment
گوشه چشم		noun	canthus, corner of the eye
چون منی		noun	someone like me
مداخله		noun	intervention
ملچ ملوچ		noun	munching
جان دارو		noun	antidote, cure
حالیا		adv	presently, as of now
اندکی		adv	few
اندک		adj	few, little, scanty
تف انداختن		verb	to spit
استفراغ کردن		verb	to vomit
فرو کردن		verb	to sink
چاقو زدن		verb	to stab
فشار دادن		verb	to push
پوسیده		adj	rotten
گره زدن		verb	to tie
شناور بودن		verb	to float
جاری بودن		verb	to flow
یخ زدن		verb	to freeze
باد کردن		verb	to swell
پرماه		noun	drill, auger, borer, gimlet
پرمایه		adj	rich, opulent
پده		noun	Euphrates poplar (Populus euphratica)
سر کشیدن		verb	to quaff, to gulp down (a drink)
از دست رفتن		verb	to disappear, to be lost
چونکه		conj	because, since
خنجال		noun	scratching (with nails)
چرکین		adj	dirty, unclean
بی‌رنگی		noun	colorlessness
نارنگستان		noun	orangery
یگانگی		noun	oneness, uniqueness, unity
خلیفگی		noun	caliphship
نویسندگی		noun	writing
ریم		noun	filth
همزه‌دار		adj	hamzated
هویار		adj	having a good property
ماوا		noun	domicile, residence, abode
بیچارگی		noun	helplessness
سروقد		adj	of a stature like a cypress; tall, slender, and beautiful
نگال		noun	coal
سایبان		noun	shade (of a tree or foliage)
گواهی		noun	testimony, testimonial
لایعقل		adj	unreasonable, irrational
به درد خوردن		verb	to avail, to come in handy, to be useful
شکنجه دادن		verb	to torture
کم لطفی		noun	poor treatment, unjust treatment
کالبدشکافی		noun	dissection, autopsy
میله		noun	rod, shaft
متلک		noun	teasing
نهالی		noun	mattress or bedding for sleeping
صریح		adj	evident, plain, clear
چندر غاز		noun	pittance, trifling (of money)
پول چایی		noun	tips, gratuities
ریشه دواندن		verb	to put down roots
چهارپایه		noun	stool
همکف		noun	ground floor
صیت		noun	fame, renown
مددکار		noun	social worker
دلسرد		adj	disheartened, discouraged
ناشیانه		adj	clumsy, inattentive; (adverbially) inattentively, carelessly
بدک		adj	bad; mainly used only in بدک نیست (badak nist, “is not bad”).
درد دل		noun	heartfelt complaint, grievance
گورکانی		adj	Mughal (of India)
به نوعی		adv	in a way, in a manner of speaking, in some ways
سوبسید		noun	subsidies
دلدرد		noun	stomachache
دکلته		adj	off-the-shoulder, bare-shouldered
بسته‌بندی		noun	packaging, wrapping
رحیل		noun	departure
رحلت		noun	passing, death
بنگی		noun	cannabis user, cannabis addict
رو آوردن		verb	to turn towards
تلقین		noun	inculcation, repeated instruction
نمازخانه		noun	prayer room
مفقودالاثر		adj	missing in action
مچاله		noun	crumpled
طفلک		noun	poor kid; a term of endearment and pity for a child.
صورتک		noun	small face
دست و پا شکسته		adj	broken, clumsy
اسباب‌کشی		noun	moving, move (house, residence)
سواحلی		adj	Swahili-language
فریاد خواستن		verb	to seek help, to seek justice
فریاد رسیدن		verb	to deliver help, to deliver justice
ارعاب		noun	terrifying; disseminating terror
اوباش		noun	thugs, miscreants, street gangsters
خاطرنشان کردن		verb	to point out
سرپوش گذاشتن		verb	to cover up, to conceal, to hide
سیامی		adj	Siamese
سپاسگزاری		noun	gratitude
بلاروسی		adj	Belarusian
گلنار		noun	pomegranate flower
آهنگسازی		noun	composition
پایان‌نامه		noun	thesis, dissertation
ترسیم		noun	sketch, drawing
خوشا		adj	how happy, how pleasing, how blessed...
ریسک		noun	risk
زندیق		noun	heretic
کات کردن		verb	to break up
مردسالاری		noun	patriarchy, male supremacy
شکاک		adj	distrustful
دوشیزگی		noun	virginity
خرپول		noun	rich person
کور شدن		verb	to go blind
فرعی		adj	secondary
سرمربی		noun	head coach
خوراکی		noun	food
حول و حوش		noun	environs, surroundings
مزون		noun	fashion house
پوشه		noun	file folder
بالعکس		adv	on the contrary
تمکین		noun	the wife's deference to her husband
شیربها		noun	bride price to the bride's mother; compare with مهریه (mahriyye), paid directly to the bride.
خونگرم		adj	warm-blooded (having a constant body temperature)
مقنعه		noun	type of hijab, similar to a European wimple
نظرباز		noun	ogler; someone who ogles at women or attractive people
علاف		noun	fodder-seller, forage-seller
از ما بهتران		noun	"those better than us"; the elite classes, the rich
تكذیب		noun	denial
عریض		adj	wide, broad
گزاییدن	گَزاییدن	verb	to harm, injure, damage
دل را از عزا درآوردن		verb	to become full, to eat to satiety
موذی		adj	noxious, harmful
رسالت		noun	mission
خنکار		noun	A title of the Ottoman sultans.
داستانی		adj	narrative; telling a story
شنیتسل		noun	schnitzel
شله		noun	rice dish similar to a congee
مجلل		adj	splendid
میقات		noun	miqat (station in the hajj pilgrimage)
تبعیدی		noun	exile, an exiled person
استکبار		noun	arrogance, conceit
قوزک		noun	anklebone
دسترنج		noun	wage
کشاندن		verb	to drag, to draw
بازدارنده		noun	hindrance, obstacle
زناشویی		noun	sexual intercourse; short for رابطهٔ زناشویی (rābita-yi zanāšūyī /râbete-ye zanâšuyi, “sexual intercourse”)
پشمینه		noun	woolstuff
بالاخانه		noun	upper room
افتضاح		adj	abysmal, dreadful, disgusting
احسنت		intj	bravo, well done
کلاب		noun	club; nightclub
مینیاتور		noun	miniature painting
زوجین		noun	married couple
فی‌البداهه		adj	impromptu, unscripted
تله		noun	trap (e.g. for animals; also figurative)
گارد		noun	guard
رژیمی		adj	diet, relating to weight loss
چکیده		noun	abstract, summary
تعقیب		noun	pursuit
کلانتری		noun	police station
امدادگر		noun	aid worker, rescue worker
ماءالشعیر		noun	non-alcoholic beer
شماره گرفتن		verb	to get someone's phone number
عازم		adj	departing, heading for
منتها		noun	endpoint, extremity
عقیدتی		adj	ideological
تملک		noun	taking possession, claiming ownership
تقلبی		adj	counterfeit
جلوه دادن		verb	to show off, to display
پیشکسوت		noun	old hand, veteran, doyen
مخ زدن		verb	to hit on, to hook up
حال بهم زن		adj	disgusting, revolting
خودشیفته		adj	self-enamored, narcissistic
خبرفوری		noun	breaking news
تک تک		adj	one by one, one at a time
قلم‌زنی		noun	toreutics; art of metal engraving or embossing
روکوکو		noun	rococo style
سربسته		adj	sealed, closed shut
وهله		noun	moment, instant
کیفری		adj	criminal (relating to a crime)
احضار		noun	summons; (law) subpoena
ابلاغ		noun	formal communication, communiqué
صرف نظر		noun	dispensing with, disregarding, putting aside
شیفته		adj	enamored, charmed
اهرم		noun	lever
رخوت		noun	lethargy
نگهبان		noun	guard, watchman
دامیثا		noun	a kind of gum-tree
قدسیت		noun	holiness, sanctity
مرتکب شدن		noun	to perpetrate, to commit (a crime, a misdeed)
تصریح کردن		verb	to clarify
نظارت		noun	supervision, oversight
راهکار		noun	method, approach (e.g. to a problem)
دانشمندی		noun	wisdom
بلوند		adj	blond
اشکانی		adj	Arsacid
ارشکی		adj	Arsacid
فروتن		adj	humble
آبدارچی		noun	butler
ضریح		noun	raised sepulcher (usually for the tombs of saintly people)
تنکه		noun	wrestler's shorts
نوچه		noun	novice, beginner, youngling
رذالت		noun	vileness, baseness
چترنگ		noun	older form of شطرنج (šatranj)
تاتوره		noun	Datura spp., especially
نکره		adj	unknown
یله		adj	freed, liberated, unrestrained
یله کردن		verb	to free, to liberate
یله کن		intj	knock it off, cut it out
زنگوله		noun	bell, little bell; smaller than زنگ (zang).
مراجعه کردن		verb	to refer to, to consult
مخفی کردن		verb	to hide, to conceal
لو دادن		verb	to reveal, to give away
تحریف		noun	corruption, distortion (e.g. of a text)
تاتول		adj	facially paralyzed
منحرف		adj	deviated, aberrant
جنجالی		adj	controversial; tumultuous
تولیدن		verb	fleeing, to go away in one direction
قاتولیقه		noun	Catholic
بئاتیفیه		noun	beatification
اگزجره		noun	exaggeration
مارشمالو		noun	marshmallow
مردم‌گیاه		noun	A magical herb in Persian tradition, often believed to resemble a human form or to have powers related to love, fate, or
مهرگیاه		noun	synonym of مردمگیاه (mardum-giyāh /mardom-giyâh)
دامدار		noun	rancher, pastoralist, cowherd
آلاچیق		noun	gazebo
برپایی		noun	establishment, act of establishing
چپتر		noun	chapter
کوررنگ		adj	color blind
وقت بخیر		intj	good time
زیرتبار		noun	subtribe
مابازاء		noun	quid pro quo, something you give in exchange for something else
ایدئولوگ		noun	ideologue
ایدئولوژیست		noun	ideologist
ایدئولوژیک		adj	ideologic
ایدئولوژیکی		adj	ideological
منکوس		adj	upside down
عصرانه		noun	afternoon or early evening meal or snack (between lunch and dinner)
روش‌شناسی		noun	methodology
دوام آوردن		verb	to endure; to last; to persevere
اراک		noun	toothbrush tree (Salvadora persica)
مجاورت		noun	vicinity
موازی		noun	parallel
در خود جای دادن		verb	to house, to include, to have
به واسطه		prep	through, by means of
جر و بحث		noun	contention, dispute, disagreement
خواهشا		adv	please
ایراد		noun	objection, rebuke
سیروپ		noun	syrup
انتزاعی		adj	abstract
کلینکس		noun	kleenex, a disposable tissue
اراکی		adj	Araki, Of or pertaining to Arak.
جاگير دار	جَاگِیرْدَار	noun	the holder of a jagir
جاگیر		noun	a government assignment of a land tract's revenue to an individual
کرم ریختن		verb	to bother; to pester; to annoy
افکونی		noun	Afghan (someone from Afghanistan)
نمبر		noun	number (quantity)
ارجی		noun	orgy, group sex
فینک		noun	pumice
ارزشی		noun	A supporter or affiliate of the Islamic Republic of Iran's regime, or an upholder of its values.
تدارک		noun	preparation, provision
سیو کردن		verb	to save (a post)
بارگیری		noun	loading (e.g. cargo onto a ship)
آزمون و خطا		noun	trial and error
بطش		noun	violence, force, oppression, brutality
ناوشکن		noun	destroyer (type of warship)
اسکله		noun	pier, wharf, quay
خاراندن		verb	to scratch, to scrape
پیام‌رسان		noun	messenger app
باریکه		noun	strip, thin band
گنده گوزی		noun	talking a good game (bragging without actual abilities)
آشوری		adj	Assyrian
شعف		noun	joy
واویلا		intj	woe! alas!
میخچه		noun	corn, clavus (on the skin)
زورکی		adj	forced, imposed, reluctant
اثاثیه		noun	furniture
التزامی		adj	subjunctive
گونی		noun	sack
غیب شدن		verb	to disappear mysteriously
جا شدن		verb	to fit in (a space)
غمباد		noun	goitre
مالوندن		verb	to rub, to massage
نمک‌گیر		noun	guest or client; someone obligated by having received hospitality or patronage
وزوزی		adj	fuzzy, frizzly (of hair)
لل‍ه		noun	male dry nurse or tutor of an elite, such as (historical) a shahzada, or noble's son
آنچنان		adv	so, so much, to such an extent
دانش‌بنیان		adj	knowledge-based
تراشه		noun	chip, splinter (e.g. of wood)
رژیم چنج		noun	regime change, change of government
ریزشی		noun	an affiliate of the Islamic Republic of Iran's government that is against the regime, advocates for regime change, and/o
چکاچاک		noun	clank of weapons (i.e. a sword)
صدادار		adj	vowel, vocalic
چسب		noun	glue, adhesive
گشت‌وگذار		noun	excursion, trip, sightseeing
خیشوم		noun	nose
خیشومی		adj	nasal
پشتکار		noun	perseverance, effort
جدیت		noun	perseverance, earnestness
صدق کردن		verb	to hold true
صرف کردن		verb	to spend (e.g. time, money); to use up (e.g. fuel, food)
دوستگان		noun	beloved
دوستکان		noun	beloved
خنثی		adj	neutral
رجوع کردن		verb	to refer, to have recourse
متناوب		adj	alternating, periodic, intermittent
تحت اللفظی		adj	literal, word-by-word
مافوق		noun	superior (person above someone else)
ضربدر		noun	X mark
گنجاندن		verb	to include, to insert, to make room for
قابلمه		noun	cooking pot
دلهره		noun	anxiety, disturbance, disorder
پویا		adj	dynamic
سخت گرفتن		verb	to be harsh, to be strict
کشورداری		noun	statecraft
نسیه		adj	on credit
تراکنش		noun	transaction (e.g. financial)
قسطی		adj	in installments
باسواد		adj	literate
اساسا	اساساً	adv	basically, essentially, fundamentally
حریره		noun	gruel, porridge
جلب کردن		verb	to attract
چپه		adj	left-handed (using one's left hand)
ملعقه		noun	ladle (deep-bowled spoonlike utensil)
تخفیف		noun	sale, discount
نابکار		adj	wicked, bad
بازخورد		noun	feedback
غرفه		noun	booth, stall
شامل شدن		verb	to include
تماس گرفتن		verb	to call (on the phone)
سازگاری		noun	fitness, suitability, compatibility
انعطاف		noun	flexibility
چپ شدن		intj	shut up! (stop talking)
مرخصی		noun	leave of absence, leave
کش دادن		verb	to draw out, to elongate
کوله‌گردی		noun	backpacking
چیدمان		noun	interior décor, layout
بازه		noun	interval
بازبینی		noun	inspection, review, control
به‌روزرسانی		noun	update
شلوغی		noun	congestion, bustle, crowd
نصب شدن		verb	to be installed
نصب کردن		verb	to install
تایپ		noun	typing (on a keyboard)
سمیع		noun	listener, hearer (person listening to something)
خوشایند		adj	nice, pleasant, pleasing
تجویز		noun	prescription
کهیر		noun	hives, skin rash
زیردست		noun	subordinate (person)
تفکیک		noun	segregation, separation
ورم کردن		verb	to swell
اصلاح کردن		verb	to reform, to improve
شیرازی		adj	Shirazi
وفادار		noun	loyal person
شگفت‌زده		adj	surprised, mesmerized
سوداگری		noun	trade, commerce
ریو		noun	fraud, deceit
جایگشت		noun	permutation
نگاشت		noun	map, mapping (of one value to another)
ساکن		noun	resident, inhabitant
قطاس		noun	yak
بهینه		adj	optimal
توکل		noun	trust, reliance
ایده‌آل		adj	ideal
اندروا		noun	air
اتمسفر		noun	atmosphere
هواسپهر		noun	atmosphere
سیم‌کش		noun	wire-drawer, a craftsman who draws gold or silver from a rolling mill
زرادخانه		noun	arsenal, armoury
درخواست دادن		verb	to apply
پراکنده		adj	scattered
چهاریار		noun	The four successors to the Prophet Muhammad; Rashidun caliphs
گیر انداختن		verb	to trap, to ensnare
زراد		noun	armourer
رابط کاربری		noun	user interface
تمسخر		noun	ridicule, taunting, mockery
گیر کردن		verb	to get stuck
حفظی		adj	memorized by heart; (adverbially) by heart, from memory
شرکت هلدینگ		noun	holding company
یوزر اینترفیس		noun	user interface
کاربری		noun	pertaining to users
متین		adj	firm, steady, solid
اعم از		conj	including
درگرفتن		verb	to be kindled, to catch fire
گریزگاه		noun	haven, refuge
شوکت		noun	glory, splendor, pomp
کلاله		noun	lock of hair, ringlet
مانید		noun	sin, wrongdoing
اینطور		adv	this way, this manner
پیشی گرفتن		verb	to take precedence
از خاطر بردن		verb	to forget
به خاطر داشتن		verb	to keep in mind
منجاء		noun	place of rescue
بروز دادن		verb	to express, to disclose, to divulge
آگاهانه		adj	conscious; (adverbially) consciously
سلطه		noun	dominion, dominance
ایجاز		noun	conciseness, brevity
بربردن		noun	to elevate, to hoist
برنشستن		noun	to ride, to sit
بررسیدن		verb	to check, to search
برمنش		noun	arrogant
وارونی		noun	reversal
لڤ		noun	Early New Persian form of لب (lab, “lip”)
زڤان		noun	Early New Persian form of زبان (zabān /zabân, “tongue”)
برتنی		noun	arrogance, selfishness
ترانسفورماتور		noun	electrical transformer
بولانی		noun	bolani, a kind of flatbread with savoury filling
فغ	فَغ	noun	idol
غوری		adj	Ghorid
بخشایش		noun	mercy, forgiveness
سبز شدن		verb	to sprout, to shoot, to germinate
ادلی		prep	alike, resembling (similar to)
مرئی		adj	visible
روپوش		noun	outer coat
التفات کردن		verb	to do or show a favor
التفات فرمودن		verb	to favor
دوصد		num	two hundred
شاهنشاهی		adj	imperial
شروانشاه		noun	Shirvanshah
شروانی		adj	Shirvani
رنگ زدن		verb	to paint
جانی		noun	felon; (especially) murderer
چشم‌پوشی		noun	renunciation, abnegation
باکوی		adj	Bakuvian
طرحواره		noun	schema
چرت زدن		verb	to nap
عصاره		noun	sap, extract (somewhat viscose liquid that one obtains by wringing)
لازمه		noun	requisite, necessary condition
بیمارگونه		adj	pathological
خودمحور		adj	self-centered
سیطره		noun	dominance, control
التیام		noun	healing
از هم پاشیدن		verb	to disband, to disintegrate
شروع شدن		verb	to start, to begin, to be started
از قضا		adv	by chance; incidentally; as it happens
بردبار		adj	steadfast, forbearing, long-suffering
وراج		adj	talkative
تفننی		adj	hobby, recreational
گرد آوردن		verb	to gather, to amass
خطا رفتن		verb	to err, to be in the wrong
قاز سرخ		noun	flamingo
ایزوله		adj	isolated; quarantined (e.g. of a hospital room, substance, etc..)
دگردیسی		noun	metamorphosis
لمپن		noun	lumpen, social outcasts or underclass
مناسک		noun	rituals, formalities
تیتراژ		noun	credits
نه بابا		intj	no way!, hell no!
عقب‌افتاده		adj	retarded
مثنوی		noun	mathnawi, masnavi
قومندان		noun	commander
میان‌دوراه		noun	perineum
کماندان		noun	commander
کلس		noun	chalk, lime, quicklime
اسطوره‌شناسی		noun	mythology
قوس‌وقزح		noun	rainbow
بناءعلی‌هذا	بناءً علیهٰذا	adv	therefore
فرتوت		adj	old and decrepit
ثلاثه غساله		noun	three cups of morning wine (thought to be purifying)
صرف نظر کردن		verb	to dispense with, to relinquish, to forgo, to give up
وایستادن		verb	synonym of وایسادن (vâysâdan, “to stand, to stop”).
دمنوش		noun	herbal tea
گاندو		noun	mugger crocodile
لغزیدن		verb	to slip, to stumble
دیجور		adj	dark, obscure
اڤزودن		verb	Early New Persian form of افزودن (afzūdan /afzudan, “to increase”)
آبغوره		noun	verjuice (common in Persian cooking)
رودربایستی		noun	bashfulness; state or feeling of being distant, polite, and not intimate
به درد بخور		adj	handy, useful; that comes in handy
ماست‌مالی		noun	cover-up (i.e. of a problem)
تطبیقی		adj	comparative
جهت‌گیری		noun	inclination (towards something); orientation
نیکوکاری		noun	philanthropy, charity
پس‌انداز		noun	savings
جیرجیر		noun	The sound made by various animals such as birds and insects, chirping.
هزبر		noun	lion
تصحیف		noun	misreading (reading incorrectly)
کارخانگی		noun	homework (exercises assigned by a teacher to a student)
بشگرد		noun	hunter
اصابت		noun	hit, impact, strike
گماشته		noun	agent, delegate, appointee
مارماهی		noun	eel
بدیل		noun	alternative
شب‌پره		noun	bat
لیبیایی		adj	Libyan
کتخ		noun	qatiq (thick soured milk product)
تکراری		adj	repetitive, redundant
بدشگان		noun	Spanish broom, Spartium junceum
تلمیح		noun	allusion, a figure of speech where the poet makes a reference to an specific topic such an ayah, hadith, story, etc… wit
گاودوش		noun	milk pail (a vessel cows are milked into)
فارسیات		noun	Fāresīyāt, words or phrases present in Arabic poetry and prose from Persian or Iranian languages in their original form,
واکه		noun	synonym of مصوت (musawwit /mosavvet) (more common)
چکره		noun	drip
همخوان		noun	consonant
ماهیت		noun	nature, whatness, quiddity, essence
عینیت		noun	objectivity
دکشنری		noun	dictionary
دیکسیونر		noun	dictionary
اورند		noun	throne
کامروایی		noun	success, gratification (of a desire)
کمردرد		noun	lower back pain
بارور		adj	fruitful, productive
مقتضا		adj	required, necessary
گلچین		noun	flower-picker
مانع شدن		verb	to prevent, to stop
کلاه سر کسی گذاشتن		verb	to trick someone, to swindle someone
درازگویی		noun	circumlocution, long-winded speech
بهره‌مند		adj	profiting, benefiting
نازیدن		verb	to boast
زیتون پرورده		noun	zeytun-e parvardeh (marinated olive dish)
گذرا		adj	transient, fleeting
گراییدن		verb	to incline, to lean (e.g. towards a position, a stance)
مفتخر		adj	proud
فراز و نشیب		noun	ups and downs
تذکر		noun	reminder, notification
مالاکان		noun	Molokan (member of a Christian sect beginning in the 1600s)
زیرورو		adj	upside down
تاکستان		noun	vineyard
لوزی		noun	rhombus
دستبرد		noun	robbery; also figurative.
مرداب		noun	stagnant swamp
دفینه		noun	buried treasure
دوبله		noun	dubbing (revoicing)
یائسه		adj	menopausal
نسیان		noun	forgetfulness, oblivion
مصرف کردن		verb	to spend, to consume, to use up
سازماندهی		noun	organization, organizing (act of organizing)
اقتدارگرا		adj	authoritative
مصوب		adj	approved, sanctioned
رونویسی		noun	copy, transcription
ارث		noun	inheritance (that which is entitled to inherit)
آزار دادن		verb	to bother, to harass
مغرض		adj	partial, self-interested
حاشیه رفتن		verb	to beat around the bush, to evade the main issue
ترومپت		noun	trumpet
کلارینت		noun	clarinet
ابوا		noun	oboe
کنسرواتوار		noun	conservatory
ترومبون		noun	trombone
هندوکوه		noun	synonym of هِنْدُوکُش (hindūkuš)
سی‌ام		num	thirtieth
سی‌امین		num	thirtieth
بیست و یک		num	twenty one
بیست و یکم		num	twenty-first
نیابت		noun	substitution (a substitute)
مدفوع		noun	feces, excrement
شهامت		noun	courage, valor
چاپلوس		noun	sycophant
متانت		noun	steadfastness, firmness, equanimity
میانگین		noun	average
تندباد		noun	gale, strong wind
مطیع		adj	obedient
باد زدن		verb	to blow wind on (e.g. with a fan)
قدقد		noun	cluck (sound of a hen)
آبنبات		noun	candy (e.g. lollipop)
برکه		noun	pond
سلبریتی		noun	celebrity (famous person)
سوت و کور		adj	desolate, empty of people
نفاست		noun	worth, value, preciousness
شیفتگی		noun	infatuation
زیربنا		noun	substructure
مصدر جعلی		noun	regular infinitive made by adding ـیدن (-īdan /-idan) to a word, therefore equivalent to its present stem + ـیدن (-īdan 
متوسل شدن		verb	to resort (to)
نشی		noun	A northeast wind which occurs in winter on the Iranian coast of the Persian Gulf.
کصخل		noun	dumbass, idiot
بوجی موجی		noun	an instance of flirting with lots of kissings and intimacy in a cute way
چخماق		noun	flint
چپول		noun	leftoid
عقب ماندن		verb	to lag behind
بی‌مورد		adj	uncalled-for, unjustified
فراتی		adj	Euphratean
چیره‌دست		adj	virtuoso, masterful (e.g. of an artist)
فانوسقه		noun	cartridge box
سارنج		noun	water tank, cistern
ساروج		noun	mortar, cement, sarooj
ریدم		intj	what the fuck, WTF
سیاهماهی		noun	khramulya (Capoeta)
دایر		adj	in operation, running, in working order
ویراژ		noun	swerve, veer
زایشگاه		noun	maternity hospital
سکنجبین		noun	sekanjabin, oxymel (vinegar-honey drink)
متقال		noun	calico (A kind of rough cloth made from unbleached and not fully processed cotton)
تلک	تَلْک	noun	talc, talcum
پچق		noun	knife
پاریسی		adj	Parisian
كرم صدپا		noun	caterpillar
شته		noun	aphid
زنبور ملکه		noun	queen bee
دموکراتیک		adj	democratic
پونزده		num	colloquial-un form of پانزده (pânzdah)
هیوده		num	seventeen
هژده		num	eighteen
ذکیه		adj	in Arabic compounds: synonym of ذکی (zakī /zaki, “intellegent, smart”)
میعاد		noun	appointment, meeting
یافا		noun	clementine (type of small, sweet orange)
استتار		noun	camouflage
مسین		adj	copper, made of copper
آسیمه		adj	confused, astonished
شیار		noun	groove
کنام		noun	thicket, grove
طناب بازی		noun	skipping rope
طناب بازی کردن		verb	To skip rope
طناب زدن		verb	To skip rope
ماسالا		noun	masala (any blend of spices used in Indian cuisine)
راسا		adv	unhamzated form of رأسا (ra'san)
یخ‌زن		noun	freezer
دراژه		noun	dragée
جاغه		noun	Hazaragi form of یقه (yaqa /yaġe, “collar”)
شیپور		noun	bugle, horn, trumpet
لنبه		adj	fat, corpulent, chubby
تخماق		noun	mallet, beetle, rammer
لیدر		noun	leader
چلغوزه		noun	chilgoza
کپی کردن		verb	To copy
باسمه‌چی		noun	bandit.
در کار بودن		verb	to exist
پایان نفس‌گیر		noun	a cliffhanger
پامیری		adj	Pamiri
یغنابی		noun	Yaghnobi (a member of an ethnic minority in Tajikistan, inhabiting the Sughd province in the valleys of the Yaghnob, Qul
پاکی		noun	cleanliness, purity
یکه		adj	alone, single
ماشابه		noun	mashawa (a kind of soup containing mung beans)
گذرگاه		noun	passageway, passage, pass (e.g. through a mountain chain)
نوتلا		noun	Nutella
هروی		adj	synonym of هَراتی (harâti, “Herati”)
یوکللی		noun	ukulele
قدرت متوسط		noun	middle power (a sovereign state that is not a great power nor a superpower, but still has moderate influence and interna
تلاش کردن		verb	to strive for
هرچند		conj	although
درون‌گرا		adj	introverted
ایروکوا		noun	Iroquois, Iroquese
آنطور		adv	this way, this manner
اونطور		noun	colloquial-un form of آنطور (ântowr)
جار زدن		verb	to proclaim
زبان میانجی		noun	lingua franca
کریه		adj	repugnant, detestable
ورانداز کردن		verb	to eye, to look up and down
ملتفت		adj	aware, conscious, cognizant
دستپاچه		adj	flustered, nervous
سوار کردن		verb	to place on top, to set on top, to mount
خرخره		noun	larynx
کلک کسی را کندن		verb	to dismiss, to dispatch
اخشید		noun	ikhshid (title of rulers of Ferghana and Sogdia in Transoxiana)
کیسه کردن		verb	to pack in a bag
رجز		noun	A poetic meter in Arabic, Persian, and other Islamicate poetry.
شنگول		adj	cheerful, merry, frisky
بالرین		noun	ballerina
مشایعت		noun	accompanying someone out
جان سالم به در بردن		verb	to survive, to stay alive
پیچ و تاب		noun	twist and turn, contortion
قراضه		noun	scrap metal
چترباز		noun	parachutist
قیم		noun	guardian (e.g. of a minor)
سیاهه		noun	list
میشی		adj	brown-green (especially of eye colors)
به توپ بستن		verb	to bombard with cannons
سرخانه		adj	present in the house; live-in
دوراهی		noun	bifurcation on a road
موضع‌گیری		noun	taking a stand
کوشانشاه		noun	Kushanshah
کوشان		noun	Kushan (member of tribe)
کوشانی		adj	Kushan, Kushanian
دموگرافی		noun	demography
یشت		noun	yasht (any of a collection of hymns and prayers)
مشهدی		adj	Mashhadi (of or pertaining to Mashhad)
قروت‌آب		noun	qurutob (a dish made from qurut, originating from Tajikistan)
روخوانی		noun	reading out loud
سردست		noun	shank (of meat)
گذشته از		prep	besides, apart from
خیر مقدم		noun	words of welcome
نیست و نابود		adj	annihilated, totally destroyed
غرق کردن		verb	to drown
ورق خوردن		verb	to be flipped, to be turned
خارکسه		noun	sisterfucker
کیری		noun	dickish, shitty, crappy, worthless, annoying, boring, unpleasant.
کله کیری		noun	کله کیری (kale kiri, literally “dickish head”)
کسلمون		noun	muzzie, chuslim
فشاری		noun	Of or relating to pressure (physical force per unit area).
نازیچه		noun	little nazi
عرب‌پرست		noun	A person seen as overly subservient toward Arabs, Arab culture, or Arab-influenced religious/political systems (especial
سلطنت‌طلب		noun	monarchist
پادشاهی‌خواه		noun	monarchist
فمبوی		noun	femboy
ساندیس‌خور		noun	a person who attends state-sponsored or pro-government demonstrations, especially when believed to be motivated mainly b
پهلویسم		noun	Pahlavism (an Iranian nationalist ideology centered on the rule and legacy of the Pahlavi dynasty (1925–1979))
موش‌علی		noun	(derogatory nickname used by opponents of the Islamic Republic) a mocking and insulting epithet for Ali Khamenei, implyi
فروکش		noun	subsiding, falling down
چشم‌داشت		noun	expectation, prospect
خشکبار		noun	dried fruit
ساقه		noun	stem, stalk (of a plant)
هیچستان		noun	land of nothingness
کتمان کردن		verb	to conceal, to hide
دهان‌دره		noun	yawn
هیکلی		adj	muscular
منقضی		adj	expired, elapsed
اقامه		noun	iqama (the second call to prayer, made immediately before Muslims pray)
فاولا		noun	favela
پنبه نسوز		noun	asbestos
ولاگ		noun	vlog
پررنگ		noun	vibrant, strong (of colors)
نخ‌ریسی		noun	the act of spinning thread
لم دادن		noun	to lean back
شفا دادن		verb	to heal, to make better
هیل		noun	cardamom (Seed of Elettaria cardamomum, used as a medicine and spice, especially in curry powder)
حد زدن		verb	to lash, to scourge (as punishment)
پیشبند		noun	apron
فرهیخته		adj	educated, learnèd
جان بدر بردن		verb	to survive, to save one's life
بیدادپیشه		adj	habitually oppressive, ever-tyrannical
فلورانسی		adj	Florentine
قاووت		noun	ghavoot (a mixture of pulverised nuts, chickpeas, and seeds)
چسپاندن		verb	to stick
ریاکاری		noun	hypocriticality, the state of being hypocritical; hypocrisy
عصب واگ		noun	vagus nerve
شاهنامه‌خوان		noun	Shahnameh-khan (reciter of the Shahnameh)
شاهنامه‌خوانی		noun	Shahnameh-khani (recitation of the Shahnameh)
نقالی		noun	storytelling; narration
فروسرخ		adj	infrared
جمادی‌الثانی		noun	Jumada II (the sixth month of the Islamic calendar)
سوژه		noun	plot
قور		noun	weaponry, arms
قاجار		noun	Qajar (member of the Qajar tribe)
پرهون		noun	circle
بی‌امان		adj	relentless, merciless
دکوپاژ		noun	decoupage
باتوم		noun	baton, cudgel, club
پوشال		noun	woodwool or similar straw-like material used for packaging, stuffing, etc.
خودداری کردن		verb	to refuse; to refrain (from)
خارکن		noun	someone who collects and sells thorny bushes (e.g. as firewood)
خردی		noun	smallness
شیرمرد		noun	valiant hero; lion-like man
خبرچین		noun	snitch, informant
گدایی		noun	begging, mendacity
بادوام		adj	durable, lasting
پورن		noun	porn
پویانما		noun	animator
پویانمایی		noun	animation
اعتکاف		noun	i'tikaf (the retreat into a mosque for worship, especially during the last 10 days of Ramadan or the Night of Power)
تجربیات		noun	experiences; plural of تجربه (tajrobe)
تداعی		noun	mental association, evocation
بزکشی		noun	buzkashi (a team sport originating in Central Asia, where the players, all on horseback, try to place an animal carcass 
شیردار		adj	lion-bearing
سورتمه		noun	sleigh, sledge
معرکه‌گیری		noun	ma'rekeh-giri
معرکه‌گیر		noun	ma'rekeh-gir
عزیز داشتن		verb	to hold dear, to esteem
تزویر		noun	deception, duplicity
پاکدامنی		noun	chastity, abstinence, modesty
کشت‌زار		noun	farm, a sown field, a plantation or cultivation; a cultivated land
گلیچ		noun	glitch
محور شرارت		noun	axis of evil (states supposedly sponsoring terrorism and seeking weapons of mass destruction)
هیمنه		noun	dignity
استیصال		noun	despair, frustration
عیدی		adj	of or relating to a feast
تلافی		noun	retaliation
ضامن شدن		verb	to guarantee
بلاتکلیف		adj	undecided, unclear
شرعی		adj	shariatic
بخور و نمیر		adj	barely sufficient, barely enough to scrape by
منزجر		adj	disgusted, repulsed
ریوی		adj	pulmonary; related to the lung
انزجار		noun	repulsion, abhorrence, disgust
سکونت		noun	dwelling, residence
سروزیر		noun	chief minister
ذی‌الحجه		noun	(Islam) Dhu'l-Hijja (the twelfth and final month of the Islamic calendar, during which the hajj takes place)
ذی‌القعده		noun	(Islam) Dhu'l-Qa'da (the eleventh month of the Islamic calendar)
ذوالقعده		noun	(Islam) Dhu'l-Qa'da (the eleventh month of the Islamic calendar)
جمادی‌الآخر		noun	Jumada II (the sixth month of the Islamic calendar)
جمادی‌الاول		noun	Jumada I (the fifth month of the Islamic calendar)
ربیع‌الآخر		noun	Rabi II (the fourth month of the Islamic calendar)
سدیم		noun	sodium
متحمل شدن		verb	to suffer, to bear, to sustain (e.g. damage, losses)
تلقی شدن		verb	to be considered, to be regarded (as), to be seen (as)
به سیم آخر زدن		verb	to run amok, to lose one's temper
دوراندیشی		noun	caution, precaution
جاویدنام		noun	someone whose name is eternally remembered; martyr
پرنده هدایت‌پذیر از دور		noun	drone
نی نوشیدنی		noun	drinking straw
تیر برق		noun	utility pole
توطئه		noun	plot, conspiracy
سردرگمی		noun	confusion, disorientation
راه انداختن		verb	to launch, to initiate
سهمیه		noun	quota, ration
کوتاه آمدن		verb	to concede, to yield (a viewpoint, etc.)
تأمین		noun	supply
شیفتن	شیفْتَن	verb	to fall in love, enamour
خردمند		adj	intellectual
ماهی سالمون		noun	salmon
زر زدن		verb	to say nonsense, to blabber, to jabber
پایان دادن		verb	to end, to bring to an end
متزلزل		adj	disturbed, unsettled, agitated
یک‌روزه		noun	mayflies (Ephemeroptera)
دروغ اول آوریل		noun	April Fools' Day
فرسایشی		adj	erosional
خروشان		adj	roaring
سنگتره		noun	tangerine, a type of orange
جمعیت‌شناسی		noun	demography
محدودیت		noun	restriction, limitation
شفق قطبی		noun	northern lights, aurora
ژست گرفتن		verb	to pose (e.g. for a picture)
پیاده کردن		verb	to disembark, to unload (of cargo); to make passengers get off
به هم ریختن		verb	to mess up; to put into disarray
سلطنت‌طلبانه		adj	monarchist
خواستگار		noun	suitor
رگه‌		noun	vein
رقم خوردن		verb	to take place
کلاته		noun	market town
متصل کردن		verb	to connect, to link
گلوگاه		noun	chokepoint
چشمگیر		adj	impressive, conspicuous
ناوبری		noun	navigation
در پیش گرفتن		verb	to pursue, to carry out (e.g. a strategy, a plan)
موافقت کردن		verb	to agree, to consent
خدانگهدار		intj	goodbye, God be with you
تأویل		noun	paraphrase, commentary, explanation, interpretation
دبیره		noun	script, writing system
آوایش		noun	pronunciation
بوم‌شناسی		noun	ecology
هم‌مرز		adj	bordering
هم‌مرز بودن		verb	to border
آوا‌شناسی		noun	phonetics
مین‌روبی		noun	minesweeping
دریغ کردن		verb	to withhold, to keep back, to refrain
گل‌کلم		noun	cauliflower
کیموس		noun	chyme
سیاست‌گذاری		noun	policy-making
ناترون		noun	natron (mineral)
آلترناتیو		noun	alternative
تمجید		noun	praise
مراوده		noun	intercourse, exchange
فرغون		noun	wheelbarrow
فقید		adj	deceased, the late
آرمانی		adj	ideal
در همین حال		adv	meanwhile, at the same time
فلوئور		noun	fluorine
پافشاری		noun	insistence, persistence (on a position, a view)
به ارث بردن		verb	to inherit
حیاط خلوت		noun	backyard (in a house)
بریلیم		noun	beryllium
آرسنیک		noun	arsenic
شیرین‌بیان		adj	eloquent
آداب و رسوم		noun	cultural practices; customs; traditions
گستره		noun	expanse, scope, gamut
جا انداختن		verb	to forget, to miss, to skip (e.g. an item on a list)
منحصر به فرد		adj	unique
عمدتا	عمدتاً	adv	principally, primarily
توهین‌آمیز		adj	insulting, offensive
اطلاق		noun	general use of a word
سربازی		noun	military service
محتاطانه		adj	cautious, prudent (of actions, thoughts); (adverbially) cautiously, prudently
مرغ حق		noun	scops owl
پخش کردن		verb	to air, to broadcast
متلاشی		adj	decomposed
گوشه‌گیری		noun	seclusion, reclusion, isolation
کامن لا		noun	common law
مبارزه کردن		verb	to fight, to battle
هپاتیت آ		noun	hepatitis A
هپاتیت دی		noun	hepatitis D
هپاتیت ای		noun	hepatitis E
وضع کردن		noun	to impose
خواسته		adj	asked for, demanded, requested
صابئه		noun	Sabians (unknown religious group mentioned in the Qur'an, usually identified with Mandaeans or Elcesaites)
احصائیه		noun	statistics
لامذهب		adj	irreligious
صابئی		noun	Sabian (member of Sabianism); see صابئه (sābi'a /sâbe'e)
جبر خطی		noun	linear algebra
آشیان		noun	nest, abode
دامن زدن		verb	to stoke (a fire)
اعتمادسازی		noun	trust building; confidence building
الزامات		noun	requirements
انباشت		noun	accumulation
انتشار دادن		verb	to publish; synonym of منتشر کردن (muntašir kardan/montašer kardan)
ایستا		adj	static
بالقوه		adj	potential
پناه بردن		noun	to take refuge
پافشاری کردن		noun	to insist, to persist
پیگیر		noun	persistent (of a person)
پیشامد		noun	event, occurrence
تجملی		adj	sumptuous, luxurious
تحویل گرفتن		verb	to receive a delivery
تشخیص		noun	diagnosis
همسنگ		adj	equivalent, analogous
تدوین		noun	compilation
دائمی		adj	permanent, perpetual
در ازای		prep	in exchange for
درگیر		adj	involved (in a situation)
دست یافتن		verb	to achieve, to obtain
دستاورد		noun	achievement, accomplishment, feat
شال‌گردن		noun	scarf worn around the neck
شتاب		noun	acceleration
شیرین‌کاری		noun	acrobatic stunt
ضمنا	ضمناً	adv	by the way, incidentally; used to change topics.
غایت		noun	purpose, ultimate goal, objective
فناورانه		adj	technological
قائل شدن		verb	to hold, to show (an attitude)
کشاکش		verb	struggle, conflict
کفایت		noun	sufficiency
ماندگاری		noun	durability
ترتیب دادن		verb	to arrange, to organize, to put in order
مستلزم		noun	requiring, necessitating
مصونیت		noun	immunity (from disease, crime, etc.)
معناشناسی		noun	semantics
منفک		adj	detached, separated
پایداری		noun	permanence
ایفا کردن		verb	to carry out, to discharge
نگارخانه		noun	art gallery
نیمرخ		noun	profile of a face
هر از گاهی		adv	once in a while, from time to time
همراهی		noun	accompaniment
لطف کردن		verb	to do a favor, solid
رونمایی کردن		verb	to unveil, to launch
نگاه انداختن		verb	to take a look
نتیجه گرفتن		verb	to conclude; to draw the conclusion
از آب درآمدن		verb	to turn out, to prove to be
جیجاق		noun	Eurasian jay (Garrulus glandarius)
ترغیب		noun	persuasion, encouragement
جهان‌بینی		noun	worldview
واگذار کردن		verb	to assign; to entrust
شراکت		noun	partnership
اقتدارگرایی		noun	authoritarianism
جلو زدن		verb	to fast forward
کارد و پنیر		noun	chalk and cheese, apples and oranges; something very different
پوزخند زدن		verb	to grin, to sneer
طنابچه		noun	lanyard
پف		noun	puffiness, swelling up
بی‌مقدار		adj	insignificant, trifling
کساد		adj	dull, slow, stagnant
وراجی		noun	babbling, blathering, talking a lot
گیر آمدن		verb	to be available, to be found
دست و پای خود را گم کردن		verb	to be in distress
معافیت		noun	exemption
تن دادن		verb	to yield, to acquiesce
تخطی		noun	infringement, violation
به تعویق افتادن		verb	to be delayed, to be postponed
بازتاب		noun	reflection (of an image)
خدشه‌دار		adj	scratched, tarnished
ذهنیت		noun	mentality, mindset
القا		noun	induction
فرافکنی		noun	projection
توجیه کردن		verb	to excuse, to justify, to explain away
کارشکنی		noun	sabotage
خونبار		noun	bloody, sanguinary (producing blood)
چیره شدن		verb	to overcome, to prevail
شب‌نشینی		noun	evening party, night party
مصوبه		noun	resolution, enactment
تهوع		noun	nausea
هیچ جوره		adv	in no way
برانگیختن		verb	to trigger, to stimulate, to provoke, to bring about
سه‌پایه		noun	tripod
چرخاندن		verb	to turn, to rotate, to spin (something)
نظارتی		adj	supervisory
آب‌شنگولی		noun	alcoholic drink
حبه		noun	grain, berry
بدین ترتیب		adv	therefore, accordingly
بدینسان		adv	in this manner, in this way, likewise
تحویل دادن		verb	to deliver
جور شدن		verb	to fall into place, to come together
رسیدگی کردن		verb	to handle, to take care of
وفور نعمت		noun	plenty, abundance, prosperity
الزام‌آور		noun	binding, mandatory
متحرک		adj	moving
معیشتی		adj	subsistence, daily livelihood
پاکسازی		noun	cleansing
تجسم		noun	incarnation, embodiment
برقراری		noun	establishment
استعفا دادن		verb	to resign
مکث		noun	halt, stop
لحاظ کردن		verb	to consider, to take into account
مبدل شدن		verb	to change; synonym of تبدیل شدن (tabdīl šudan/tabdil šodan)
از سوی دیگر		adv	on the other hand
طاقت‌فرسا		adj	exhausting, grueling
تأمین کردن		verb	to provide
تضمین کردن		verb	to guarantee, to secure
متقاعد کردن		verb	to convince, to persuade
ناگوار		adj	indigestible
اختصاص دادن		verb	to allocate, to set aside, to earmark
متقاضی		noun	applicant
با تمام وجود		adv	wholeheartedly, with all my heart
جمعیتی		adj	demographic; relating to population
سازگار شدن		verb	to become compatible; to adapt
تعاملی		adj	interactive
دلقک	دَلْقَک	noun	clown
غیرانتفاعی		adj	non-profit
اعصاب خرد شدن		verb	to get on one's nerves, get very frustrated
موکل		noun	client (of a lawyer, agent, or barrister)
انتزاع		noun	abstraction
خوشبین		adj	optimistic
خوشبینانه		adj	optimistic; (as an adverb) optimistically
ممنوع کردن		verb	to prohibit, forbid
مانیفست		noun	manifesto
تشیع		noun	Shi'ism
عاشقت		noun	second-person singular single-possession possessive of عاشق
عاشقی		noun	romance, love, the state of being in love
خشنود		adj	content, satisfied
دزدگیر		noun	burglar alarm
پلک زدن		verb	to blink
هنگ کردن		verb	to freeze, to hang, to crash, to lag
جرقه		noun	spark
حسگر		noun	sensor
در عمل		adv	de facto, in practice
ابراز کردن		verb	to express (views, opinions, etc.)
ادا درآوردن		verb	to fake, to pretend, to put on an act
خردکن		noun	grinder, shredder, chopper
شرافتمند		adj	honorable, noble
شرافتمندانه		adj	honorable, noble; (as an adverb) honorably
مسئولانه		adj	responsible; (as an adverb) responsibly
سرنخ		noun	clue, lead
به سر بردن		verb	to spend (time, life)
روال		noun	procedure, process, routine
همگن		adj	homogeneous
سخت‌ترد		adj	crispy
خدمتگزار		noun	servant, worker
شوخ‌چشم		adj	impudent, shameless
گریزپا		adj	elusive, fugacious
اندازه گاو فهمیدن		verb	(usually in the negative) to be dumb as a bag of hammers, thick as a brick
اندازه گرفتن		verb	to measure (size)
اندازه گیری		noun	the act of measuring
نیازمند		noun	pauper
غلط کردن		verb	to mess up, fuck up, make a mistake
بادافراه		noun	punishment, requital
مدفوع کردن		verb	to defecate
بیشه‌زار		noun	thicket
قضا را		adv	by chance, as fate would have it
ژرمانیم		noun	germanium
بلندپرواز		noun	Someone with grand goals or ambitions, ambitious
گلپی		noun	cauliflower
گالیم		noun	gallium
آرواره		noun	jaw
مرنگ		noun	meringue
همین		adj	this/these very
کچاپ		noun	ketchup
سرخوشی		noun	euphoria
آسپرین		noun	aspirin (a analgesic drug)
مهمونی		noun	colloquial-un form of مهمانی (“party, function”)
صینی		noun	synonym of چینی (čīnī /čini): Chinese (person from China)
کوسوو		noun	Kosovo (a partly-recognized country on the Balkan Peninsula in Southeastern Europe)
سرخ‌سر		noun	robin redbreast
منیزیم		noun	magnesium
آلومینیم		noun	aluminum
پتاسیم		noun	potassium
تالیم		noun	thallium
آرگون		noun	argon
یکه خوردن		noun	To be taken aback
طاقچه		noun	shelf
مزیب		adj	embellished, adorned
سیلیسیم		noun	silicon
اسکاندیم		noun	scandium
تیتانیم		noun	titanium
وانادیم		noun	vanadium
ایناها		adv	Here it is
گرافیت		noun	graphite (form of carbon)
کلاژن		noun	collagen
کوماژن		noun	Commagene (an ancient Greco-Iranian kingdom in northeastern Anatolia, modern Turkey, with a capital at Samosata)
بومی‌سازی		noun	localization
موریتانی		noun	Mauritania (a country in West Africa)
منگنز		noun	manganese
کبالت		noun	cobalt
نیکل		noun	nickel
سلنیم		noun	selenium
کریپتون		noun	krypton
روبیدیم		noun	rubidium
استرانسیم		noun	strontium
ایتریم		noun	yttrium
زیرکونیم		noun	zirconium
نیوبیم		noun	niobium
مولیبدن		noun	molybdenum
تکنسیم		noun	technetium
روتنیم		noun	ruthenium
رودیم		noun	rhodium
پالادیم		noun	palladium
کادمیم		noun	cadmium
ایندیم		noun	indium
آنتیموان		noun	antimony
تلوریم		noun	tellurium
زنون		noun	xenon
سریم		noun	cerium
یویو		noun	yo-yo
ملودی		noun	melody
شرایع		noun	broken plural of شریعت (šarī'at /šari'at)
میکروفون		noun	microphone
چرخ و فلک		noun	Ferris wheel
کاغذپران		noun	kite (recreational object)
به شرطی که		conj	provided that, so long as, as long as, on the condition that
مسواک زدن		noun	to brush one's teeth
ساخلو		noun	garrison
استادیوم		noun	stadium
ملخ‌خور		noun	Arab
تیجان		noun	broken plural of تاج (tāj /tâj)
انقلابیون		noun	broken plural of انقلابی (inqilābī /enġelâbi)
تکفیریون		noun	broken plural of تکفیری (takfīrī /takfiri)
اباضیون		noun	broken plural of انقلابی (ibāzī /ebâzi)
شیعیون		noun	broken plural of شیعی (šī'ī /ši'i)
یهودیون		noun	broken plural of یهودی (yahūdī /yahudi)
مسیحیون		noun	broken plural of مسیحی (masēhī /masihi)
داعشیون		noun	broken plural of داعشی (dā'išī /dâ'eši)
وهابیون		noun	broken plural of وهابی (wahhābī /vahhâbi)
سلفیون		noun	broken plural of سلفی (salafī /salafi)
پازل		noun	puzzle (type of game; includes jigsaw puzzles, etc.)
میادین		noun	broken plural of میدان (maydān /meydân)
ژاندارمری		noun	gendarmerie
پیاده شدن		verb	to dismount
سوار شدن		verb	to mount
اسکوتر		noun	scooter
اسکیت‌بورد		noun	skateboard
بدرفت		noun	drain, gutter
ذمیون		noun	broken plural of ذمی (zimmī /zemmi)
سس خرسی		noun	a popular tomato ketchup packaged in a squeezable plastic bottle shaped like a bear
ارباع		noun	broken plural of ربع (rub' /rob')
اخماس		noun	broken plural of خمس (xums /xoms)
تازی‌زاده		noun	a person deemed to have Arab ancestry
پفتن		verb	to puff, to swell, to inflate
پف کردن		verb	to puff, to swell, to inflate
کیپیدن		verb	to tighten, to seal
شگفتن		verb	to wonder, to surprise
توپیدن		verb	To assault verbally. To badmouth.
چاپیدن		verb	to swindle, to scam
آموزاندن		verb	to teach
پرازئودیمیم		noun	praseodymium
نئودیمیم		noun	neodymium
پرومتیم		noun	promethium
ساماریم		noun	samarium
یوروپیم		noun	europium
گادولینیم		noun	gadolinium
تربیم		noun	terbium
دیسپروزیم		noun	dysprosium
هولمیم		noun	holmium
اربیم		noun	erbium
تولیم		noun	thulium
ایتربیم		noun	ytterbium
لوتتیم		noun	lutetium
هافنیم		noun	hafnium
تنگستن		noun	tungsten
رنیم		noun	rhenium
اسمیم		noun	osmium
ایریدیم		noun	iridium
بیسموت		noun	bismuth
پولونیم		noun	polonium
استاتین		noun	astatine
فرانسیم		noun	francium
رادیم		noun	radium
توریم		noun	thorium
پروتاکتینیم		noun	protactinium
نپتونیم		noun	neptunium
پلوتونیم		noun	plutonium
امریسیم		noun	americium
کوریم		noun	curium
برکلیم		noun	berkelium
کالیفرنیم		noun	californium
اینشتینیم		noun	einsteinium
فرمیم		noun	fermium
مندلیفیم		noun	mendelevium
نوبلیم		noun	nobelium
لارنسیم		noun	lawrencium
رادرفوردیم		noun	rutherfordium
دوبنیم		noun	dubnium
سیبورگیم		noun	seaborgium
بوریم		noun	bohrium
هاسیم		noun	hassium
مایتنریم		noun	meitnerium
دارمشتادیم		noun	darmstadtium
رونتگنیم		noun	roentgenium
کوپرنیسیم		noun	copernicium
نیهونیوم		noun	nihonium
فلروویوم		noun	flerovium
مسکوویم		noun	moscovium
لیورموریوم		noun	livermorium
تنسین		noun	tennessine
اوگانسون		noun	oganesson
کله‌سیاه		noun	a black-headed person, a person with black hair
صوفیون		noun	broken plural of صوفی (sūfī /sufi)
خاموشیدن		verb	to make silent, to turn off
دیفتری		noun	diphtheria
ننی		noun	grandmother
اژ		pron	I, first person singular subjective pronoun.
