lafz	aeraab	qism	maani_en	kyun
رشد		noun	growth	platts
سلم		noun	Acacia ehrenbergiana	platts
اثنان		num	two	platts
ذهب		noun	synonym of طلا (talā /talâ, “gold”)	arbi
زوج	زُوج	noun	couple, pair	arbi
باغ وحش	باغِ وَحْش	noun	zoo	rishta:باغ
ایتالیایی		adj	Italian	platts
زیست‌شناسی		noun	biology	rishta:اسی
مرحبا		intj	bravo, good job	arbi
اجاق		noun	stove	platts
زمین‌شناسی		noun	geology	rishta:زمین
شاذ		adj	glad	platts
کتاب لغت		noun	dictionary, glossary	rishta:لغت
باب		adj	appropriate	platts
بان		noun	prince, lord, governor, chief	platts
چامه‌سرایی		noun	poetry	rishta:ایی
رأس		classifier	classifier for counting animals: head	platts
نار		noun	pomegranate	platts
زیتونی		adj	olivaceous	platts
اسلحه گرم	اَسْلَحِهٔ گَرْم	noun	firearm	rishta:گرم
زیاد		adj	much; a lot	platts
چندین	چَندین	adj	much; a lot	rishta:دین
چتر		noun	umbrella, parasol	platts
چوچوله		noun	clitoris	rishta:چول
چطور		adv	how	platts
گنجینه		noun	treasure	rishta:جین
گردنبند		noun	necklace	rishta:گرد
ظهر		noun	noon, midday	arbi
منخر		noun	nostril	platts
ریشه‌شناسی		noun	etymology	rishta:اسی
ویکی‌پدیا		noun	Wikipedia	rishta:دیا
منت		noun	favor, grace; action that causes the receiver to be thankful	platts
نهار		noun	daytime	platts
مجاهد		noun	fighter, warrior; especially a mujahid	arbi
طالب		noun	seeker	platts
ویکی‌واژه		noun	Wiktionary	arbi
محرم		noun	mahram; close family member who cannot be married	platts
شعبان		noun	Sha'ban (the eighth month of the Islamic calendar)	arbi
شوال		noun	Shawwal (the tenth month of the Islamic calendar)	platts
شباط	شُباط	noun	February	platts
آذار		noun	March	platts
تموز	تمّوز	noun	July	platts
بلند کردن		verb	to raise	rishta:بلند
قطران		noun	tar	platts
سیخ زدن		verb	to skewer	rishta:سیخ
تمساح		noun	alligator	arbi
فضاپیما		noun	spacecraft	rishta:اپی
جرس		noun	clapper	platts
صوت		noun	sound	platts
ناس		noun	people	platts
ترگمان		noun	translator	rishta:مان
رف		noun	shelf, ledge, rack	platts
حرب		noun	war, warfare	platts
مشروع		adj	legitimate	platts
سوق		noun	push (to do something), impelling	platts
جامع		adj	comprehensive	platts
فوق		noun	above part	platts
عامل		noun	factor	platts
دخل		noun	income	platts
صباح		adv	tomorrow	platts
فجر		noun	dawn	arbi
وب نوشت		noun	website	rishta:نوش
جنس		noun	kind, sort	platts
دوست پسر		noun	boyfriend	rishta:دوست
مردم		noun	people (group of humans)	platts
حسابدار		noun	accountant	rishta:ابد
عقرب		noun	scorpion	platts
سرطان		noun	cancer, carcinoma	platts
بوق		noun	vehicle horn; klaxon	platts
انوشه		adj	immortal	platts
بی‌شمار		adj	uncountable	rishta:بیش
قاشق		noun	spoon	platts
صرع		noun	epilepsy	platts
اجازه		noun	permission	arbi
زقاق		noun	street	arbi
ابریشم		noun	silk	arbi
گچ		noun	plaster, gypsum, chalk, stucco	platts
آره		adv	yeah (yes)	platts
نخیر		adv	no	platts
عصر بخیر		intj	good afternoon	rishta:خیر
مار		noun	snake	platts
ببخشید		intj	excuse me	platts
طاس		noun	cup	platts
دوست‌دختر		noun	girlfriend	rishta:دوست
بودا		noun	Buddha	platts
نسر		noun	vulture	platts
خوز		noun	sugarcane	platts
رطب		noun	ripened dates	arbi
انگلیسی	اِنْگْلیسی	noun	English (language)	platts
ملخ		noun	grasshopper	platts
کمرا		noun	vault	platts
طلسم		noun	spell, incantation, charm	arbi
یک‌شنبه		noun	Sunday	rishta:کشن
پنج‌شنبه		noun	Thursday	rishta:جشن
آدینه		noun	Friday	platts
کوچک		adj	small	platts
غول		noun	ghoul	platts
ازدحام		noun	crowd, rush, throng, swarm	arbi
حفظ		noun	preservation; maintenance; conservation; upholding	arbi
آناکوندا		noun	anaconda	platts
توت		noun	mulberry (fruit)	platts
شما		pron	you guys; you (plural)	platts
تابستان		noun	summer	rishta:ستان
سنگسار		noun	stoning, lapidation	rishta:سنگ
بحث کردن		verb	to discuss	rishta:بحث
ساعت		noun	hour; o’clock; (by extension) time	platts
شنیدن		verb	to hear	platts
رم	رَم	noun	shying, taking off from fright	platts
برنج		noun	rice	platts
مادربزرگ		noun	grandmother	rishta:ادر
پلو		noun	pilaf (a dish made by browning grain, typically rice, in oil and then cooking it with a seasoned broth, to whi	platts
کوکو		noun	kuku, Persian-style egg dish, somewhat comparable to Italian frittata or French quiche.	platts
قرمه سبزی		noun	ghormeh sabzi, an Iranian green herb stew	rishta:رمہ
پدربزرگ		noun	grandfather	rishta:بزرگ
مژه		noun	eyelash	arbi
انگشت	اَنگُشت	noun	finger	platts
بینی		noun	nose	platts
چه		pron	what?	platts
مغرور		adj	proud	arbi
اسب آبی		noun	hippopotamus	platts
لاغر	لاغَر	adj	skinny; thin; slender; lithe	platts
موش		noun	mouse; rat	platts
گهگاه		adv	sometimes	rishta:گاہ
گردو		noun	walnut	platts
صورتی		adj	pink	platts
ته‌دیگ		noun	tahdig, tahdeg	rishta:ہدی
دوغ		noun	buttermilk	platts
طناب		noun	rope	platts
همسر	هَمسَر	noun	spouse	platts
سیم کارت		noun	SIM card	rishta:مکا
مجلس		noun	parliament	arbi
گوش		noun	ear	platts
مشکی		adj	black	platts
طلایی		adj	unhamzated form of طلائی (golden, gold-coloured, blond, blonde)	platts
طلا		noun	gold (metal)	platts
خوردن		verb	to eat	platts
اتمی		adj	atomic	platts
زیبا		adj	beautiful	arbi
دانا		adj	wise	platts
قهوه‌ای	قَهْوِهای	adj	brown	arbi
ماده تاریک		noun	dark matter	rishta:اری
ولایت فقیه		noun	“Guardianship of the Islamic Jurists”; a system of government wherein the Islamic clergy (ulema) have the ulti	rishta:ایت
پول خرد		noun	change (money)	rishta:خرد
حیاط		noun	courtyard	platts
زر		noun	rotation	platts
امشب		adv	tonight	arbi
بوس		noun	kiss	platts
مه		particle	prohibitive particle	platts
فرهنگ‌نویسی		noun	lexicography	rishta:ویسی
زنبور عسل		noun	honeybee	rishta:بور
پایان		noun	end, conclusion	platts
واژه		noun	word, vocable	arbi
چس فیل		noun	popcorn	rishta:فیل
فهمیدن		verb	to understand (hear correctly and know the language)	rishta:فہم
زخمی		adj	wounded	arbi
سنگینی		noun	heaviness	platts
زورمند	زورمَند	adj	strong; powerful	rishta:زور
صبور		adj	patient	platts
نانوائی		noun	bakery	platts
نانوا		noun	baker	platts
نیلوفر آبی		noun	water lily	rishta:نیلوفر
اهل		noun	inhabitant; native; citizen; often used as an equivalent of English "to be from"	platts
ژاپنی	ژاپُنی	adj	Japanese	rishta:اپنی
داشتن		verb	to have; to possess, to own	platts
لهستانی		noun	Polish	rishta:ستان
الان		adv	unhamzated form of الآن (al'ān /al'ân, “now”)	platts
سرباز		noun	soldier	rishta:باز
خواننده		noun	singer, vocalist	rishta:انند
فرهنگی		adj	cultural	rishta:فرہنگ
دانشجو		noun	Higher education student, a university student	rishta:دانش
گول خوردن		verb	to be deceived, tricked	rishta:گول
مردم‌سالاری		noun	democracy	rishta:اری
بسیج		noun	preparation	platts
ببر		noun	tiger	platts
فلفل		noun	pepper (including sweet peppers, chilis as well as black pepper)	arbi
خیار		noun	cucumber	platts
کاهو		noun	lettuce (Lactuca sativa)	platts
هویج		noun	kitchen provision	platts
بامیه		noun	okra, Abelmoschus esculentus	arbi
تره		noun	garden herb in general, especially beets, spinach, cresses, leek, parsley, pot-herb	platts
گوجه‌فرنگی	گُوْجِهفَرَنْگی	noun	tomato	rishta:وجہ
گوجه		noun	plum	rishta:وجہ
لیمو		noun	lemon; lime	platts
آبلیمو		noun	lemon juice	platts
انبه		noun	mango	arbi
هندوانه		noun	watermelon	rishta:دوا
ریواس		noun	rhubarb	platts
خشخاش		noun	opium poppy	platts
نعناع		noun	mint	platts
عناب		noun	jujube	platts
قله		noun	peak (of a mountain)	platts
دست شما درد نکنه		intj	thank you	rishta:درد
نوش جان	نوشِ جان!	intj	to your good health!, cheers! (before any drink including non-alcoholic ones)	arbi
دوچرخه		noun	bicycle	rishta:چرخہ
بامزه		adj	cute	rishta:مزہ
مصرف		noun	consumption	arbi
کفش		noun	a shoe	platts
عابر بانک		noun	ATM, cash machine	rishta:ابر
ایدز		noun	AIDS	platts
شنا		noun	swimming	platts
کرم ابریشم		noun	silkworm	rishta:کرم
کرم کتاب		noun	bookworm	rishta:کرم
اسپانیایی		adj	Spanish	platts
توله‌سگ		noun	puppy	rishta:تول
حجاب		noun	screen	platts
توت فرنگی		noun	strawberry	rishta:رنگ
کاراته		noun	karate	arbi
گلف		noun	golf (the sport)	arbi
کونگ فو		noun	kung fu	rishta:کون
نخود		noun	chickpea	platts
ناهار		noun	lunch	platts
کتابخانه		noun	library	arbi
دستمال		noun	handkerchief	rishta:ستم
شیرینی		noun	sweetness	platts
سلیقه		noun	taste	arbi
روسری		noun	headscarf, hijab	platts
گز		noun	tamarisk (Tamarix spp.)	platts
ثبت		noun	registration, enrollment	platts
همان		adj	that/those very	platts
فقط		adv	only	arbi
اقتصاد		noun	economy	arbi
مالیه		noun	finance	platts
استان		noun	province	platts
کارگر		noun	worker, labourer, workman	rishta:کار
گسترده		adj	widespread	rishta:ستر
کت		noun	bedstead	platts
خرما		noun	date (fruit)	platts
خرمالو	خُرْمالو	noun	persimmon	arbi
پاپایا		noun	papaya	platts
آواکادو		noun	avocado	platts
میوه اژدها		noun	pitahaya, dragon fruit	rishta:اژدہا
زرشکی		adj	having the color of barberries; crimson	arbi
شلیل		noun	nectarine	platts
دندان‌پزشکی		noun	dentistry	rishta:دندان
سانسور کردن		verb	to censor	rishta:سانس
سرمه‌ای		adj	navy blue	rishta:رمہ
خرمایی		adj	date- coloured	platts
ارغوان		noun	purple color; dark magenta color	platts
نیلی		adj	indigo (color)	platts
یشم		noun	jasper (precious stone)	platts
یشمی		adj	jade (colour), jade-coloured	platts
پرستو		noun	swallow (bird)	platts
اردک		noun	duck (bird)	platts
غاز		noun	goose (bird)	platts
کشاورز		noun	farmer	rishta:اور
هنرمند		noun	artist	rishta:نرم
وکیل		noun	lawyer, attorney	platts
سیاستمدار		noun	politician	rishta:ستم
طاووس		noun	peacock	platts
بوف		noun	owl	platts
جغد		noun	owl	platts
دیر		adj	late; tardy	platts
سینه زنی		noun	ritual chest-beating	rishta:سینہ
نقره		noun	silver (metal)	arbi
نقره‌ای		adj	silver (colour)	arbi
مچ		noun	joint (Any part of the body where two bones join)	platts
دستکش		noun	glove	rishta:دست
کره		noun	butter	platts
گویش		noun	dialect; accent	platts
عنکبوت		noun	spider	platts
مگس		noun	fly (insect)	arbi
تساوی		noun	equality	platts
کسب		noun	trade, business, profession	platts
نامزد		noun	candidate	rishta:نام
عروسک		noun	doll	platts
عرق کردن		verb	to sweat; to perspire	rishta:عرق
کشتن		verb	to kill, to murder	platts
برف آمدن		verb	to snow	rishta:امد
آتشکده		noun	fire temple (a Zoroastrian place of worship, where fire is kindled)	rishta:اتش
آرامش		noun	quietness; calmness; tranquility; peace, peace and quiet	platts
آب میوه		noun	fruit juice	arbi
آبجو		noun	beer	platts
پنج		num	five	platts
شش		noun	lung	platts
مربوط	مَربوط	adj	relevant, pertinent	arbi
ویسکی		noun	whisky	platts
کردی		adj	Kurdish	platts
اسپانیولی		adj	Spanish (language)	rishta:اسپ
کره‌ای		adj	Korean	platts
والله		adv	truthfully, honestly	platts
کوشک		noun	pavilion	platts
سیگار		noun	cigarette	platts
هواپیما		noun	aeroplane	rishta:ہوا
خباز		noun	baker	arbi
داروخانه		noun	pharmacy (a place where prescription drugs are dispensed)	rishta:خان
زنی		noun	womanhood	platts
سلطانه		noun	sultana (female ruler)	arbi
رانندگی		noun	driving	rishta:انند
رانندگی کردن		verb	to drive	rishta:انند
الاغ		noun	donkey, ass	platts
لاک‌پشت		noun	a turtle or tortoise	rishta:پشت
سنجاب		noun	squirrel	arbi
حلزون		noun	snail	arbi
نرم‌افزار		noun	software	rishta:نرم
سخت‌افزار		noun	hardware (computing)	rishta:سخت
چاپگر		noun	printer (computing)	rishta:چاپ
آرامی		noun	calm, calmness, tranquility	platts
گوشواره		noun	earring	rishta:وار
خون‌شناسی		noun	haematology, hematology (US)	rishta:اسی
عصب‌شناسی		noun	neurology	rishta:اسی
عصب		noun	nerve	platts
عصبانی		adj	angry	arbi
اسکی کردن		verb	to ski	rishta:اسکی
جاسوسی		noun	espionage	platts
زمین خوردن		verb	to fall	rishta:زمین
زندگی کردن		verb	to live	rishta:زندگی
افقی	اُفُقی	adj	horizontal	platts
ترجمه کردن		verb	to translate	rishta:مہک
دلتنگ		adj	sad	rishta:تنگ
بازی کردن		verb	to play	rishta:باز
طب سوزنی		noun	acupuncture	rishta:وزن
منفی		adj	negative; bad	arbi
مشت		noun	fist	platts
پوسته		noun	membrane	rishta:پوست
هدهد		noun	hoopoe	arbi
جانورشناسی		noun	zoology	rishta:نور
جانورشناس		noun	zoologist	rishta:نور
پدیده		noun	phenomenon	rishta:دید
تاجیک		noun	Tajik, Persian	arbi
ذرت		noun	maize, corn	arbi
ارزان		adj	cheap, inexpensive	platts
آن‌ها		pron	they	platts
ایشان		noun	ishan	platts
شیعه		adj	Shi'a, Shi'ite	platts
ساک		noun	sak, ash-e sak, khoreshe sak; a Persian spinach soup	platts
اسرائیلی		adj	Israeli	platts
فلسطینی		adj	Palestinian	arbi
نوشابه		noun	soft drink	arbi
نوشیدن		verb	to drink	platts
الکلی		adj	alcoholic	platts
کوآلا		noun	koala	platts
آهن		noun	iron (metal)	platts
اینجا		adv	here	platts
باغچه		noun	small garden, front garden/front yard	rishta:باغ
استخوانی		adj	bony	arbi
پادزهر		noun	antidote	rishta:زہر
پادزهری		adj	antidotal	rishta:زہر
ماچ		noun	kiss	platts
ماچ کردن		verb	to kiss	rishta:اچک
پشمالو		adj	fuzzy, furry, hairy, woolly, shaggy	rishta:الو
کچل		adj	bald	platts
مهتابی		adj	moonlit	rishta:ابی
دارکوب		noun	woodpecker	rishta:رکو
قاره		noun	continent	platts
آژیر		adj	alert, alarm	platts
صندل		noun	sandalwood	platts
شنی		adj	sandy	platts
شن	شِن	noun	sand	platts
هنرپیشه		noun	actor/actress	rishta:پیش
اشتباه کردن		verb	to make a mistake	rishta:اشتباہ
بستنی	بَسْتَنی	noun	ice cream	platts
النگو		noun	bangle, bracelet without clasp	platts
ارائه		noun	presentation	platts
کودک		noun	child	platts
کودکستان		noun	nursery school	rishta:ستان
شرور		adj	wicked	platts
کمک		noun	help, aid, assistance	platts
کمک کردن		verb	to help	rishta:کردن
ضربان		noun	pulse	arbi
ریختن		verb	to pour; to spill; to sprinkle	platts
رابط		noun	connector	platts
مردمک		noun	little man	rishta:مرد
سوزن		noun	needle	platts
خوشه		noun	bunch	arbi
حوله		noun	towel	arbi
اهریمن		noun	devil	platts
اهریمنی		adj	Ahrimanic	platts
دمیدن		verb	to breathe (into), to blow	platts
آوردن		verb	to bring	platts
رستن		verb	to escape	platts
یافتن		verb	to acquire, find	arbi
دیدن		verb	to see, to look	platts
نمودن	نَمودَن	verb	to show, to cause to appear, to exhibit	platts
خراب کردن		verb	to ruin	rishta:خراب
آبستن		adj	pregnant	platts
آبستنی		noun	pregnancy	platts
خیس کردن		verb	to wet	rishta:کردن
روش		noun	method; manner; way; procedure	platts
ماست		noun	yoghurt	platts
شکری		adj	sugary	platts
بی‌ستاره		adj	starless	rishta:ستارہ
سری	سَری	noun	leadership	platts
بیست		num	twenty	platts
بمب اتمی		noun	atomic bomb	rishta:بات
بخشیدن		verb	to donate, give, grant, bestow, allocate, apportion	rishta:بخش
شهاب		noun	meteor	platts
لبی		adj	labial	platts
ترش		adj	sour, tart (tasting acidic)	platts
لوله		noun	tube	platts
فرودگاه		noun	airport, airdrome, aerodrome	rishta:رود
جالب		adj	interesting	platts
زمینی		adj	earthy	platts
برگ		noun	leaf	platts
رگبار		noun	shower (Of intense rain)	rishta:بار
ریشو		adj	bearded	platts
گرسنه		adj	hungry	rishta:رسن
فکاهی		adj	humorous	arbi
فک		noun	jaw	platts
نماد		noun	symbol	platts
کار کردن		verb	to work	rishta:کار
رز		noun	vine	platts
سفره		noun	tablecloth	arbi
قفل		noun	lock, padlock	platts
گوز		noun	walnut	platts
گوزیدن		verb	to fart	rishta:زید
خورش		noun	stew; khoresh	platts
لانه		noun	home for animals:	arbi
آزمون		noun	test	platts
خوابیدن		verb	to sleep; to fall asleep	rishta:خواب
خواب رفتن		verb	to sleep	rishta:خواب
خواب دیدن		verb	to dream	rishta:خواب
اشک ریختن		verb	to cry, to weep	rishta:اشک
افکندن		verb	to throw	rishta:کندن
گریستن		verb	to cry, to weep	rishta:گری
آبتنی		noun	bathing	platts
آبتنی کردن		verb	to bathe	rishta:نیک
شیرین کردن		verb	to sweeten	rishta:رین
کتبی		noun	bookseller	platts
هنوز		adv	still, yet	platts
خواستن		verb	to want, to intend (both of nouns and verbs)	platts
میخ		noun	nail	platts
گرگ		noun	a wolf	platts
رهبر ارکستر		noun	conductor (of an orchestra)	rishta:برا
آفریدن		verb	to create	platts
انگاشتن		verb	to suppose, to imagine	rishta:انگ
پوشیدن		verb	to put on (clothes), to wear	platts
جستن		verb	to jump, leap	platts
شنا کردن		verb	to swim	rishta:ناک
ساختن		verb	to make	rishta:ساخت
ساختمان		noun	building	rishta:ختم
اختری		adj	stellar	platts
چیزی		pron	something	rishta:چیز
تقوا		noun	virtue	platts
ویروس		noun	virus	platts
ویروسی		adj	viral (relating to a virus)	platts
ویتامین		noun	vitamin	platts
گم کردن		verb	to lose, especially through obliviousness	rishta:کردن
تجربی		adj	experimental	arbi
پرونده		noun	case	rishta:رون
مینا		noun	glaze	platts
مثل		noun	resemblance, similarity	platts
نازی		adj	coy, demure	platts
مارچوبه		noun	asparagus	rishta:مارچ
مرجان		noun	coral	arbi
شاخه		noun	branch (of a tree)	platts
تک‌شاخ		noun	unicorn	rishta:شاخ
بر		prep	on	platts
احساس کردن	اِحساس کَردَن	verb	to feel	rishta:احساس
تابستانی		adj	summery	rishta:ستان
زمستانی		adj	wintry	rishta:مست
پاییز		noun	autumn	platts
پاییزی		adj	autumnal	platts
فال		noun	omen	platts
سازمان		noun	organisation	rishta:ساز
سازمانی		adj	organisational	rishta:ساز
واحه		noun	oasis	platts
کامل کردن		verb	to complete	rishta:کام
کاشی		noun	tile	platts
خرده		noun	bit	arbi
ثبات		noun	firmness, fixedness, fixity, stability, stableness	platts
کتابچه		noun	booklet	rishta:بچہ
انتخاب کردن		verb	to choose	rishta:انت
گشنیز		noun	coriander, cilantro	rishta:نیز
ارمنی		adj	Armenian	platts
فلافل		noun	falafel	arbi
قند		noun	sugar cube	platts
صوفی		adj	Sufi	platts
صوفیه		noun	Sufism	arbi
لشکری		adj	military	rishta:کری
لنگیدن		verb	to limp	rishta:لنگ
بیسکویت		noun	biscuit	platts
ژرف		adj	deep	platts
نصف		noun	half	platts
ییلاق		noun	countryside area where people go to escape the summer heat	platts
ظرفی		adj	adverbial	platts
گرسنگی		noun	hunger	platts
وقاحت		noun	flagrancy	platts
شصت		num	sixty	platts
نود		num	ninety	platts
دویست		num	two hundred	platts
میلیون		num	million	platts
تیم		noun	caravanserai (especially a large and grand one)	platts
سیدی		noun	CD	platts
صندلی		noun	chair	platts
رنگی		adj	colorful	platts
عمیق		adj	deep (literal, figurative)	platts
چشیدن		verb	to taste	platts
ازدواج کردن		verb	to marry	rishta:دوا
زندانی		noun	prisoner	rishta:زندان
زندانبان		noun	jailer, gaoler	rishta:زندان
عصبی		adj	neural	platts
گنج		noun	treasure	platts
بادامک		noun	tonsil	rishta:ادا
قرن		noun	century	platts
لات		noun	lout, hooligan	platts
ماندنی		adj	remaining	platts
لاتی		noun	roguishness	platts
پیامبر		noun	prophet, messenger (of God)	rishta:پیا
تفریق		noun	subtraction	arbi
صبحانه		noun	breakfast	rishta:صبح
حاد		adj	sharp	platts
خوشگل		adj	beautiful, handsome, good-looking	rishta:خوش
خیاطی		noun	dressmaking	platts
خوشگلی		noun	beauty	rishta:گلی
جودو		noun	judo	platts
رژه		noun	line, queue	arbi
سلاخی		noun	slaughter	platts
کلان		adj	big, huge, massive	platts
نامیدن		verb	to name	platts
حاشیه		noun	border, rim, edge	arbi
مصدر		noun	infinitive (a grammatical mood)	platts
گوگردی		adj	sulfuric, sulphuric	platts
توریستی		adj	touristy	platts
آوازی		adj	vocal	rishta:اواز
کهکشان		noun	galaxy	rishta:شان
جغرافی		noun	geography	arbi
درام		noun	dram (Armenian currency)	platts
دف		noun	daf (a Persian frame drum)	platts
شیاف		noun	suppository	platts
نیش		noun	sting, bite	platts
فیزیکی		adj	physical:	arbi
نهنگ		noun	crocodile or hippopotamus	platts
تراس		noun	terrace	platts
بدرود		intj	goodbye; farewell	platts
ملت		noun	nation, people	platts
تحول		noun	change, (new) development	platts
قلبی		adj	cardiac	platts
مستقیم		adj	straight	arbi
زان		noun	beech	platts
کودکی		noun	childhood	platts
شیوا		adj	eloquent	rishta:شیو
لالی		noun	muteness	platts
سکو		noun	platform	platts
ادراری		adj	urinary	platts
وزغ		noun	toad	arbi
دودل		adj	hesitant	platts
دودلی		noun	hesitation	platts
فرانسوی		noun	French (language)	arbi
ایرلندی		adj	Irish	platts
سلتی		adj	Celtic	platts
مثلث		noun	triangle	platts
مثلثی		adj	triangular	platts
مس		noun	copper	platts
فلز		noun	metal	arbi
اسبی	اَسبی	adj	equine	platts
اپرا		noun	opera	platts
نعش		noun	corpse (human)	platts
فتوا		noun	fatwa (legal opinion, decree or ruling issued by a mufti)	platts
کشتار		noun	slaughter	platts
مسلخ		noun	abattoir	platts
مشترک		adj	common; joint	arbi
شماره		noun	number (position of something in a sequence)	arbi
چرمی		adj	leather	platts
دودمانی		adj	dynastic	platts
آدم‌برفی		noun	snowman	rishta:ادم
برفی		adj	snowy	platts
نوم		noun	sleep	platts
اجتماعی	اِجتِماعی	adj	social	arbi
تولید		noun	production	platts
خنک	خُنَک	adj	cool (of temperature), fresh	platts
تصادف		noun	accident, crash	arbi
شرع		noun	religious law, sharia	platts
بارانی		adj	rainy	platts
حریق	حَریق	noun	fire, conflagration	platts
رده		noun	row	arbi
قفسه		noun	cupboard	rishta:قفس
مکعب		adj	cubic	arbi
بادبادک		noun	kite (recreational object)	rishta:ادب
آخوندک		noun	praying mantis	platts
غمگینی		noun	sadness	rishta:غمگین
مختل کردن		verb	to confuse	rishta:کردن
بعدی		adj	next, following, subsequent	platts
جهانی		adj	worldwide	platts
چاپ کردن		verb	to print	rishta:چاپ
فعالیت		noun	activity	platts
مسلحانه	مُسَلَّحانِه	adj	armed	rishta:انہ
دوازده		num	twelve	rishta:دوا
جامعه‌شناسی		noun	sociology	rishta:جام
جامعه‌شناس		noun	sociologist	rishta:جام
عدل		noun	justice	platts
زندگی‌نامه		noun	biography	rishta:زندگی
سمینار		noun	seminar	rishta:سمین
فوتون		noun	photon	arbi
لک‌لک		noun	stork	arbi
آلاله		noun	buttercup	platts
قورباغه		noun	frog	rishta:باغ
رزرو کردن		verb	to reserve	rishta:کردن
آهنگر		noun	blacksmith	platts
حیاتی		adj	relating to life	platts
اقیانوسی		adj	oceanic	platts
بیمارستان		noun	hospital; bimaristan	rishta:بیمار
رایج		adj	common, current, prevalent	platts
تیمارستان		noun	asylum	rishta:ستان
کوهستان		noun	mountain area, the mountains	rishta:ستان
فرهنگستان		noun	academy	rishta:ستان
دهستان		noun	rural district made up of villages	rishta:ستان
آتش‌فشان		noun	volcano	rishta:شان
گدازه		noun	lava	rishta:گدا
استخر		noun	pond, pool	arbi
زورخانه		noun	"house of strength"	rishta:خان
سوخته		adj	burnt	arbi
سنبل		noun	hyacinth	arbi
یخچال		noun	refrigerator, fridge	platts
یتیم‌خانه		noun	orphanage	rishta:خان
یاد گرفتن		verb	to learn	rishta:یاد
طول		noun	length (of space)	platts
لالایی		noun	lullaby	platts
بارز		adj	blatant, clear	arbi
برنامه		noun	foreword	rishta:نام
سفر کردن		verb	to travel	rishta:سفر
کفتار		noun	hyena	arbi
عدسی		noun	lens	platts
سرعت		noun	speed	platts
لذیذ		adj	delicious, tasty	arbi
راه رفتن		verb	to walk	rishta:راہ
حبل		noun	rope	platts
کیهان		noun	universe	platts
کیهان‌شناسی		noun	cosmology	rishta:اسی
کیهان‌شناس		noun	cosmologist	rishta:انش
کیهانی		adj	universal	platts
اسلاوی		adj	Slavic	platts
همه		pron	all	arbi
ورزش کردن		verb	to exercise	rishta:شکر
تشکر کردن		verb	to thank	rishta:شکر
تشکر		intj	thank you	platts
مهم	مُهِمّ	noun	important task, important affair	arbi
وزن کردن		verb	to weigh	rishta:وزن
تا کردن		verb	to fold	rishta:کردن
آشوب		noun	riot	platts
لایحه		noun	bill	arbi
تکه	تکّه	noun	piece	arbi
گوساله		noun	calf	arbi
سبیل		noun	mustache	platts
صحبت کردن	صُحْبَت کَرْدَن	verb	to talk	rishta:صحبت
بودایی		adj	Buddhist	platts
ترمز کردن		verb	to brake	rishta:کردن
وقتی	وَقْتی	conj	whenever, when	platts
بامداد		noun	dawn, morning	platts
نفر		classifier	classifier for humans.	platts
بدون		prep	sans, without	platts
عجوز		noun	old woman; crone; hag; beldam	platts
آزمودن		verb	to test	platts
مداد		noun	pencil	platts
بلد		adj	knowledgeable	platts
لم		noun	trick, trickery	platts
فضای بیرونی		noun	outer space	rishta:بیر
معمولا	مَعمولاً	adv	usually, generally	arbi
نماز خواندن		verb	to perform a prescribed, regular prayer; (in Islam specifically) to perform salat	rishta:نماز
بیدار شدن		verb	to awake, to wake up	rishta:ارشد
کانی‌شناسی		noun	mineralogy	rishta:اسی
اندام		noun	limb	platts
دخترانه		adj	girly, girlie	rishta:ترا
رایگان		adj	obtainable without payment, free	platts
تاوه		noun	frying pan	platts
متحد		adj	united, unified	arbi
پناهگاه		noun	shelter	rishta:پنا
کوسه		noun	shark	arbi
پناهنده		noun	refugee	rishta:پنا
کود		adj	collected, not scattered	platts
فراری		noun	fugitive; runaway	platts
سرخک		noun	measles	rishta:سرخ
پتو		noun	blanket	platts
موفق		adj	successful, prosperous	platts
هموطن		noun	compatriot	rishta:وطن
وطن‌پرست		noun	patriot	rishta:وطن
وطن‌پرستی		noun	patriotism	rishta:رستی
تنبلی		noun	laziness	platts
لبه		noun	edge	arbi
دانش‌آموز	دانِش آموز	noun	pupil	rishta:شام
کشاورزی	کِشاوَرْزی	noun	agriculture; farming	rishta:اور
خوش‌مزه		adj	tasty	rishta:خوش
آبیاری		noun	irrigation	platts
خرید		noun	purchase; shopping	platts
کشمش		noun	raisin, sultana raisin, currant	platts
کاذب		adj	false	arbi
مهلک		adj	fatal	platts
مجروح		adj	wounded	arbi
شلوغ		adj	crowded	platts
کاست		noun	diminution, decrease, loss	platts
محصول		noun	crop	arbi
کاخ		noun	palace, mansion	platts
صدمه		noun	injury	arbi
فوتبالیست		noun	footballer (British); football player (Britain), soccer player (US, Canada, Australia)	rishta:بال
ملیت		noun	nationality	platts
خبرنگار	خَبَرْنِگار	noun	reporter	rishta:خبر
دندان‌پزشک		noun	dentist	rishta:دندان
مسواک		noun	toothbrush	platts
آب سنگین		noun	heavy water	rishta:سنگ
میخک		noun	clove	platts
متاسف		adj	unhamzated form of متأسف (muta'assif /mota'assef, “sorry”)	arbi
پشیمانی		noun	regret, remorse	rishta:مان
چشم‌پزشک		noun	ophthalmologist	rishta:چشم
روان‌پزشک		noun	psychiatrist	rishta:روان
خودکشی کردن		verb	to commit suicide	rishta:خود
خانواده	خانِوادِه	noun	family	arbi
دیدگاه		noun	point of view	rishta:دید
بی‌طرف		adj	impartial, unbiased, neutral	rishta:طرف
بی‌سیم		adj	wireless	platts
بیکاری		noun	unemployment	platts
اسکاتلندی		adj	Scottish	arbi
شکار کردن		verb	to hunt	rishta:شکار
سره		adj	fine, excellent	platts
شیراز		noun	yoghurt drained of whey	arbi
کهف		noun	cave	arbi
مهمات		noun	ammunition	platts
خودرو		adj	self-seeded, self-seeding	platts
آهنگساز		noun	composer	rishta:ساز
آلبالو		noun	sour cherry, morello cherry	platts
حزب	حِزْب	noun	party	arbi
پرده بکارت		noun	hymen	rishta:پردہ
پرستیدن		verb	to worship	platts
دزدی		noun	theft	rishta:دزد
مسلح		adj	armed	arbi
کوشش کردن		verb	to try	rishta:شکر
پاک کردن		verb	to clean	rishta:پاک
مجروح کردن		verb	to wound or seriously injure	rishta:روح
پیدا کردن		verb	to find, to discover	rishta:پیدا
پیشنهاد کردن		verb	to suggest, to propose, to offer	rishta:نہاد
قبول کردن		verb	to accept	rishta:بول
تفریح کردن		verb	to have fun	rishta:ریح
راضی کردن		verb	to satisfy	rishta:راضی
اصرار کردن		verb	to persist	rishta:اصرار
حمام کردن		verb	to bathe	rishta:حمام
حاضر کردن		verb	to prepare	rishta:حاضر
حساب کردن		verb	to calculate	rishta:حساب
درک کردن		verb	to understand intellectually; to get; to comprehend	rishta:کردن
اعلام کردن		verb	to announce, to declare	rishta:کردن
لازم داشتن		verb	to need	rishta:لازم
اضافه کردن	اِضافه کَردَن	verb	to add	rishta:اضافہ
کم کردن		verb	to reduce, to decrease	rishta:کردن
باز کردن		verb	to open	rishta:باز
صبر کردن		verb	to wait	rishta:صبر
مغلوب کردن		verb	to defeat	rishta:مغل
دزدی کردن		verb	to steal	rishta:دزد
دوست داشتن	دوسْت دَاشْتَن	verb	to like	rishta:دوست
عوض کردن		verb	to change	rishta:کردن
دریافت کردن		verb	to receive (a message, etc.)	rishta:دریا
بو کردن		verb	to smell	rishta:کردن
دستبرد زدن		verb	to rob	rishta:دزد
بمباران کردن		verb	to bomb	rishta:بار
درخشیدن		verb	to shine; to luster; to sheen; to coruscate; to glister; to glint	platts
پرواز کردن		verb	to fly	rishta:پروا
گریه کردن	گِرْیِه کَردَن	verb	to cry, to weep	rishta:گری
فکر کردن		verb	to think	rishta:فکر
رد کردن		verb	to refuse, to reject, to veto	rishta:کردن
کشف کردن		verb	to discover	rishta:کشف
سل		noun	tuberculosis	platts
حرف زدن	حَرْف زَدَن	verb	to talk; to speak	rishta:حرف
درک	دَرک	noun	perception	platts
زمزمه کردن		verb	to hum	rishta:مہک
روشن کردن		verb	to make clear	rishta:روشن
پیروزی		noun	victory	platts
بیرون		noun	the outside	platts
پیشرفت		noun	progress	rishta:پیش
بیستم		num	twentieth	rishta:ستم
پیشرفت کردن		verb	to make progress	rishta:پیش
دلواپسی		noun	worry	rishta:دلو
دهگان		noun	village settlers or urban dwellers in contrast to nomads	rishta:گان
سالم		adj	healthy	platts
دویدن		verb	to run	platts
شرقی		adj	eastern	platts
جار		noun	proclamation, announcement	platts
گاری		noun	cart	platts
چرند		noun	quadruped	platts
ایستگاه		noun	station	rishta:گاہ
انقلابی		adj	revolutionary	arbi
شورشی		noun	rebel	platts
کوچولو		adj	tiny; wee; dinky; little	platts
چک		noun	document	platts
دان		noun	grain	platts
دارچین		noun	cinnamon	platts
زردچوبه		noun	turmeric	rishta:زرد
ادویه		noun	spice	platts
نمایش		noun	show, exposition, display, exhibition	platts
گروهی		noun	group	platts
رسانه‌های گروهی		noun	mass media	rishta:انہ
تخم مرغ		noun	egg, literally chicken egg	rishta:تخم
دبیرستان		noun	secondary school, high school	rishta:بیر
تکثیر		noun	reproduction	platts
حکومت قانون		noun	the rule of law	rishta:حکومت
زنبور		noun	bee, hornet, wasp	arbi
بوته		noun	bush	arbi
عکاسی		noun	photography	platts
رهبری		noun	leadership	rishta:بری
مرغ		noun	hen	platts
خشونت خانگی		noun	domestic violence	rishta:خان
خشونت		noun	harshness	arbi
درد کردن		verb	to ache	rishta:درد
داداش		noun	brother	platts
کتابدار		noun	librarian	rishta:ابد
کاروان	کارْوان	noun	caravan	platts
پایتخت	پَایْتَخْت	noun	capital, capital city	rishta:ایت
پرسش		noun	question	platts
جهانگرد		noun	tourist	rishta:جہان
تاجر		noun	merchant, businessman	arbi
تابع		noun	follower, dependent	platts
تاب		noun	heat, warmth	platts
داد		noun	justice, equity	platts
جدول		noun	table (as in a matrix or grid of data)	platts
بروت		noun	moustache	platts
جدا کردن		verb	to part	rishta:جدا
عجان		noun	perineum	platts
بچه قورباغه		noun	tadpole	rishta:باغ
زیرنویس		noun	subtitle.	rishta:نویس
خوکچه		noun	piglet	rishta:خوک
لبن		noun	milk	platts
چرخ		noun	wheel	platts
لعاب		noun	glaze, enamel	platts
بدبخت		adj	unfortunate, unlucky	platts
چشم‌پزشکی		noun	ophthalmology	rishta:شکی
قایق		noun	boat	platts
قشون		noun	army	platts
قوش		noun	falcon	platts
قیصی		noun	apricot	platts
میانجی		noun	mediator	platts
میانجیگری		noun	mediation	rishta:گری
میانجیگری نمودن		verb	to mediate	rishta:گری
میانجیگری کردن		verb	to mediate	rishta:گری
مین		noun	hair	platts
یراق		noun	galloon, metal lace	platts
ابتکار		noun	initiative	platts
سم		noun	poison	platts
ورود		noun	arrival	platts
الهه		noun	goddess	arbi
سفید داشتن		verb	to long for someone	rishta:سفید
کلاه		noun	hat	platts
روشنفکر		adj	enlightened	rishta:روشن
بادکنک		noun	balloon	rishta:باد
فراموش کردن		verb	to forget	rishta:شکر
کولی		noun	gypsy	platts
پیمودن		verb	to measure	platts
قریه		noun	village	platts
خزنده		noun	reptile	rishta:زندہ
طبل		noun	drum	platts
عزاداری		noun	mourning	platts
امپراتوری		adj	imperial	rishta:رات
مکیدن		verb	to suck	platts
تر		adj	moist, wet	platts
بی‌معنی		adj	meaningless	platts
گیاه		noun	grass	platts
چکیدن		verb	to drip	platts
رنگارنگ		adj	colourful	rishta:رنگ
کارمند		noun	office worker, clerk, white-collar worker	platts
بی‌هوش		adj	unconscious	platts
کوچه		noun	alley, lane, kucheh	platts
آشپزی		noun	cookery	rishta:اشپز
سرما خوردن		verb	to catch a cold	rishta:اخور
چنگ		noun	lyre, harp	platts
بهشتی		adj	paradisiacal; of, or relating to, paradise	rishta:بہشت
باقلوا		noun	baklava	platts
نماینده		noun	delegate	rishta:ایندہ
دستگاه		noun	machine	rishta:دست
متن		noun	text, document	platts
کدام		pron	which	platts
راهنما		noun	guide	rishta:راہ
تورم	تَوَرُّم	noun	inflation	platts
قیف		noun	funnel	platts
کلیمی		adj	Mosaic	platts
اعلام		noun	announcement, declaration	platts
دیوانگی		noun	madness	platts
نشر کردن		verb	to publish	rishta:شرک
موبد		noun	mobad, a Zoroastrian priest	platts
لنگرگاه		noun	harbour	rishta:نگر
عکاس	عَکّاس	noun	photographer	platts
خاکستر		noun	ash, cinders	rishta:خاک
شقایق		noun	poppy, wild poppy, field poppy	platts
شمسی		adj	solar	platts
قمری		adj	lunar	platts
درگذشتن		verb	to pass away	rishta:درگ
درمان		noun	remedy, cure	platts
درمان کردن		verb	to remedy	rishta:مان
زادگاه		noun	birthplace, hometown	rishta:گاہ
پسوند		noun	suffix	platts
حفظ کردن		verb	to memorize	rishta:کردن
مترادف		noun	synonym	arbi
مشابه		adj	similar	platts
معرفی کردن		verb	to introduce	rishta:عرف
اجرا کردن		verb	to carry out; to execute; to enforce	rishta:اجر
مأمور		noun	official, officer, delegate, functionary, agent	platts
مأموریت		noun	order	platts
کاملا	کاملاً	adv	perfectly	platts
افسون		noun	incantation	platts
جزء		noun	part, piece	platts
پیشنهاد		noun	suggestion, proposal	rishta:نہاد
نفس		noun	breath	platts
ثور		noun	bull	platts
سرفه کردن		verb	to cough	rishta:سرف
بمباران		noun	bombing	rishta:بار
یازده		num	eleven	arbi
کم‌کم	کَمکَم	adv	gradually, little by little	arbi
حقوق بشر	حُقوقِ بَشَر	noun	human rights	rishta:حقو
بشر	بَشَر	noun	human	platts
دیدبان		noun	observer, watchman, look-out	arbi
خاویار		noun	caviar	platts
چرا		adv	why	platts
کاه		noun	chaff	platts
لیگ		noun	league (football etc.)	platts
کارد		noun	knife	platts
ترشی		noun	sourness	platts
ویژه		adj	special	arbi
مطبوعات		noun	the press	arbi
آنجا		adv	there	platts
ظهور کردن		verb	to appear	rishta:ظہور
بعد از		prep	after	platts
بعدا	بعداً	adv	afterwards, later	platts
عصر	عَصْر	noun	afternoon	platts
قبلا	قبلاً	adv	previously, beforehand	platts
همشیره		noun	sister	rishta:شیر
هماهنگ		adj	harmonious	rishta:اہنگ
همدردی		noun	sympathy	platts
ناگاه		adv	suddenly	platts
زود		adj	early	platts
یاوری		noun	assistance	rishta:اور
حاکم		adj	ruling; governing	platts
تماشا کردن	تَماشا کَردَن	verb	to see	rishta:شاکر
زیبایی		noun	beauty	arbi
شیش‌کباب		noun	shish kebab	rishta:کباب
ژاژومک		noun	pulse, French bean	rishta:ژاژ
ژاله باریدن		verb	to hail	rishta:اری
باریدن		verb	to rain	platts
باران باریدن		verb	to rain	rishta:اری
برف باریدن		verb	to snow	rishta:اری
اشک باریدن		verb	to cry, weep	rishta:اشک
ژاویدن		verb	to ruminate	platts
ژرفا		noun	depth	platts
ژم		noun	midwife	platts
آفتابه		noun	ewer, ibrik	rishta:افت
افسوس خوردن		verb	to regret	rishta:افسوس
غصه خوردن		verb	to be sad	rishta:غصہ
ایستادن		verb	to stand up	platts
عبد	عَبْد	noun	slave	platts
لور		noun	whey cheese, a dairy product made of whey	platts
دخت		noun	daughter	platts
خوهر		noun	sister	platts
ارادت		noun	devotion	platts
ضخیم		adj	thick (of size or a layer, relatively large)	arbi
خزه		noun	moss	arbi
نارنگ		noun	bitter orange	platts
پاییدن		verb	to protect, guard	platts
پزیدن		verb	to cook	rishta:زید
پاشنا		noun	the heel	platts
هشت		num	eight	platts
ارن		noun	the elbow, the arm	platts
فال گرفتن		verb	to divine the future	rishta:الگ
افتادن	اُفتادَن	verb	to fall	rishta:افت
نجاست		noun	filth	platts
نجس		adj	unclean	platts
نبردناو		noun	battle cruiser	rishta:ناو
نبرد		noun	battle, fight, combat	platts
جواب دادن		verb	to answer, to reply	rishta:جواب
پارس		noun	a pard	platts
هذر		noun	otter; beaver	arbi
روزگار		noun	time	rishta:روز
آشتی		noun	reconciliation	platts
احتمالا		adv	probably	arbi
پیشگیر		noun	towel	rishta:پیش
آذربایجانی		adj	Azerbaijani, Azeri	arbi
آذری		adj	Azerbaijani, Azeri	platts
سرب		noun	lead (chemical element)	platts
کول		noun	ditch	platts
زه		noun	spring of water; water source	arbi
اشنان		noun	saltwort	platts
مات		adj	amazed	platts
غربال		noun	sieve, riddle, cribble, strainer, sifter	platts
شبح		noun	figure seen from a distance; silhouette	platts
مهشید		noun	the moon	platts
بوس کردن		verb	to kiss	rishta:کردن
روزمه		noun	date	arbi
شناسنامه		noun	ID card	rishta:سنا
فقاع		noun	beer	platts
دانشنامه		noun	encyclopedia	rishta:نام
فرهنگنامه		noun	dictionary	rishta:نام
خرید کردن		verb	to shop	rishta:کردن
امضاء کردن		verb	to sign	rishta:کردن
امضاء		noun	signature	platts
دختری		noun	girlhood	arbi
گوش کردن		verb	to listen	rishta:شکر
سلام کردن		verb	to greet	rishta:سلام
خاک‌انداز		noun	dustpan, shovel	rishta:انداز
کوتاهی		noun	shortness (in time and space); brevity	platts
چروک		noun	wrinkle	platts
آسیایی		adj	Asian, Asiatic	rishta:ایی
بیرق		noun	flag	platts
خم		adj	bent, crooked, curved	platts
آزمایشگاه	آزمایِشگاه	noun	laboratory	rishta:ازمایش
اتو کردن		verb	to iron	rishta:کردن
قدردانی		noun	appreciation	platts
نرده		noun	palisade	platts
غلط بودن		verb	to be wrong	rishta:غلط
بین نژادهای مختلف		adj	interracial	rishta:بین
قبه		noun	dome, cupola, vault	platts
دستره		noun	handsaw	arbi
دست اره		noun	handsaw	arbi
دستارسر		noun	turban	rishta:تار
قرص		adj	firm, solid	platts
نینتندو		noun	Nintendo	rishta:تند
شوکولات		noun	chocolate	arbi
وحشی		adj	wild	platts
حلوا		noun	halva	platts
نذر		noun	oblation, vow to God	platts
عشق‌بازی		noun	foreplay	rishta:عشق
طولانی		adv	long	platts
بلوچی		adj	Balochi	platts
جوراب		noun	sock	platts
به‌به		intj	bravo, well done	arbi
مومیا		noun	shilajit, mumijo	platts
مناقشه		noun	dispute, quarrel	arbi
آبدست		noun	abdest, wudu	platts
تکمه		noun	button	arbi
پاپوش		noun	slipper, babouche	platts
جمجمه		noun	skull	arbi
سرخوش		adj	happy	platts
تنبل		adj	lazy	platts
پوشک		noun	nappy, diaper	platts
نی‌نی		noun	baby	platts
نبی		noun	prophet	platts
ختنه زنان		noun	female circumcision	rishta:تنہ
پولدار		adj	rich, well-off, wealthy (possessing much money)	rishta:دار
دانلود کردن		verb	to download	rishta:انل
الفبا		noun	alphabet	platts
سخنگو	سُخَنگو	noun	spokesperson, spokesman, spokeswoman	platts
دیشب		adv	last night	platts
لیوان		noun	یک لیوان شیر میخواهید؟ (more literary)
yek livân šir mi-xâhid?یه لیوان شیر میخواین؟ (more colloquial)
ye livân	platts
نوزاد		noun	newborn	platts
نیروگاه		noun	power station, power plant	rishta:روگ
بالا		adv	up, upwards	platts
آلودن	آلودَن	verb	to contaminate, to pollute	platts
تلفن همراه	تِلِفُنِ هَمْراه	noun	mobile, mobile phone	rishta:راہ
همراه		noun	companion, fellow traveller	platts
مناره		noun	minaret	arbi
میمون		noun	monkey, ape	platts
پستاندار		noun	mammal	rishta:پست
فندک	فَنْدَک	noun	lighter (fire-making device)	arbi
مهبانگ	مِهبانگ	noun	Big Bang (the theory)	rishta:انگ
تبر		noun	hatchet, axe, mattock	platts
عکس گرفتن	عَکس گِرِفتَن	verb	to take a photograph	rishta:عکس
رژیم گرفتن		verb	to go on a diet	rishta:مگر
دوش گرفتن		verb	to take a bath or shower	rishta:دوش
تصمیم گرفتن		verb	to make a decision	rishta:مگر
کوفته		adj	beaten	arbi
مثبت		adj	positive; good	platts
بادام زمینی		noun	peanut	rishta:زمین
کاربر		noun	user (someone who uses something)	platts
زبان مادری		noun	mother tongue, native language	rishta:زبان
خطر		noun	danger	platts
گربه ایرانی	گُرْبِهٔ ایرانی	noun	Persian cat	rishta:ایران
رقصیدن		verb	to dance	rishta:رقص
سکر		noun	drunkenness	platts
مستی		noun	drunkenness	platts
برگشت		noun	return	rishta:گشت
برگشتن		verb	to return, to come back	rishta:گشت
جبر		noun	force, compulsion	platts
خلاق		adj	creative	platts
سخنرانی		noun	speech	rishta:ران
رعد		noun	thunder	platts
جبار		adj	unmerciful	platts
جابر		adj	despotic	platts
جنین		noun	embryo, foetus	platts
فقیه		noun	jurist and theologian, expert in Islamic jurisprudence.	arbi
دود		noun	smoke	platts
جمهوری‌خواه		noun	Republican (US part member)	rishta:واہ
گل سرخ		noun	rose	rishta:سرخ
جانماز		noun	prayer rug, prayer mat	rishta:جان
دربان		noun	porter, doorkeeper	platts
وجدان		noun	conscience	arbi
خاکروبه		noun	rubbish	rishta:کرو
اصلاح‌طلبان		noun	reformists, plural of اصلاحطلب	rishta:اصل
اصول‌گرایان		noun	fundamentalists, plural form of اصولگرا.	rishta:ایا
اصلاح‌طلب		noun	reformist	rishta:اصل
اصول‌گرا		noun	fundamentalist	rishta:گرا
باحال		adj	cool (interesting)	platts
عراف		noun	diviner, fortuneteller	platts
سود		noun	profit; gain; benefit; advantage	platts
گواهی‌نامه	گُواهینامِه	noun	certificate	rishta:واہ
گواهی‌نامه رانندگی	گُواهینامِهٔ رانَنْدِگی	noun	driver's license (US), driving licence (UK), driver's licence (Aus, Canada, New Zealand)	rishta:واہ
همکار		noun	colleague	rishta:مکا
دستور زبان		noun	grammar	rishta:زبان
حاجی فیروز		noun	Hajji Firuz, a traditional character of Nowruz who heralds the New Year with song, dance and music-making; he 	rishta:روز
نکته		noun	point (to be mentioned)	arbi
شنبلیله		noun	fenugreek	rishta:بلی
بی‌وفا		adj	traitorous	platts
خریدن		verb	to buy; to purchase	platts
تنگه		noun	strait	rishta:تنگ
میهن‌پرستی		noun	patriotism	rishta:رستی
گشاد	گُشاد	adj	wide	platts
فرار		noun	escape	platts
فرار مغزها		noun	brain drain	rishta:ارم
قیچی		noun	scissors	platts
کشیدن	کَشیدَن	verb	to pull, to drag, to haul	platts
نفس کشیدن		verb	to breathe, draw breath	rishta:کشی
سیگار کشیدن		verb	to smoke (cigarettes)	rishta:کشی
کیسه		noun	sack	arbi
کیسه هوا		noun	airbag	arbi
پیش‌بینی		noun	forecast	platts
بهره		noun	interest	arbi
تبریک		noun	congratulation	arbi
بین‌المللی		adj	international	rishta:الم
میان		noun	middle	platts
حیله		noun	deception, fraud; trick; trickery	arbi
تمدن		noun	civilisation	arbi
پس‌فردا		noun	the day after tomorrow	rishta:سفر
پریروز		adv	the day before yesterday	rishta:روز
مجازات مرگ		noun	death penalty	rishta:اتم
خاطرات		noun	broken plural of خاطره (xātira /xâtere)	platts
قلیان		noun	calean, hookah, narghile	platts
بیمه		noun	insurance	arbi
آموزگار		noun	teacher	platts
صلح		noun	peace; conciliation	arbi
مسابقه		noun	competition; match; contest	rishta:سابق
آرنج		noun	elbow	platts
کیلو		noun	kilo	platts
نرم نرمک		adv	softly, softly	rishta:نرم
پیچ		noun	screw	platts
پیچ‌گوشتی		noun	screwdriver	rishta:گوشت
رگ		noun	blood vessel; arteries, capillaries or veins.	platts
مواظب	مُواظِب	adj	careful, attentive	arbi
پیچک		noun	ivy	platts
رنگین		adj	coloured, colored	rishta:رنگ
قصد		noun	intention, desire, objective	platts
عزر		noun	censuring	platts
قر		noun	twerk, twerking; gyrating one's hips (used for both men and women)	platts
میهن		noun	homeland, native country	platts
پسرک		noun	little boy, lad	rishta:پسر
گیتی		noun	The Universe	platts
ویژگی	ویژِگی	noun	trait	arbi
تره‌فرنگی		noun	leek	rishta:رنگ
شهسوار		noun	knight	rishta:سوار
تبریک گفتن		verb	to congratulate	rishta:بری
خسیس		noun	miser	platts
بی‌رنگ		adj	colourless	platts
آب‌راه		noun	canal (waterway used for transportation of vessels)	platts
لوت		noun	loot	platts
آزاد کردن		verb	to set free	rishta:ازاد
اسلام‌گرا	اِسلامگَرا	noun	Islamist	rishta:مگر
اسلام‌گرایی		noun	Islamism	rishta:مگر
شهردار		noun	mayor	rishta:شہر
اعتراض کردن		verb	to protest	rishta:ترا
مستضعفان		noun	the oppressed, the poor and needy; plural of مستضعف	rishta:مست
جانبازان		noun	disabled war veterans of the Iran-Iraq War; plural of جانباز	rishta:جان
جانباز		noun	one who would offer up their life	rishta:جان
صورت گرفتن		verb	to take place	rishta:صورت
جوجه		noun	chick (baby bird)	rishta:وجہ
آسمان‌خراش		noun	skyscraper (tall building)	rishta:اسما
جناب عالی		pron	you	rishta:جناب
جاده		noun	road (between towns or areas); thoroughfare	arbi
باقلا		noun	broad bean, fava bean (Vicia faba)	platts
شپش		noun	louse	platts
جمع		noun	crowd	platts
سکوت		noun	silence	platts
بنگاه		noun	institute, institution	rishta:نگاہ
شغال		noun	jackal	platts
عضله		noun	muscle	arbi
رودخانه		noun	river	rishta:خان
پیشی		noun	precedence	platts
هرتز		noun	hertz	arbi
فنر		noun	spring (device made of flexible material)	arbi
قرينة		noun	context	arbi
ماژیک		noun	marker, marker pen	platts
آزادی بیان		noun	freedom of speech	rishta:ادیب
آلش		noun	beech (tree of genus Fagus)	platts
ممرز		noun	hornbeam	arbi
باور کردن	باوَر کَرْدَن	verb	to believe	rishta:اور
بنیان‌گذار		noun	founder	rishta:بنی
نفرین		noun	curse	platts
امسال		adv	this year	platts
پیازچه		noun	spring onion	rishta:پیا
سقط جنین		noun	abortion	rishta:نین
گذرنامه		noun	passport	rishta:نام
چرت و پرت		noun	nonsense	rishta:توپ
جریمه		noun	fine	arbi
مک		noun	sucking, suction, intake	platts
استفاده کردن		verb	to use	rishta:کردن
کاسه		noun	bowl	arbi
باستانی		adj	ancient	platts
رویا		adj	growing	rishta:روی
بی‌خوابی		noun	insomnia	rishta:خواب
سمنو		noun	samanu (a kind of wheat pudding)	platts
ارتش		noun	army	platts
نیرومند		adj	strong	rishta:روم
خونین		adj	bloody	platts
راکت	راکِت	noun	rocket	platts
شرق		noun	the east	platts
نژادپرستی		noun	racism	rishta:رستی
نژادپرست		noun	racist	rishta:نژاد
تاریخدان		noun	historian	platts
یهودستیزی		noun	anti-Semitism	rishta:تیز
نژادی	نِژادی	adj	racial	platts
شمشیربازی		noun	fencing	rishta:باز
سرنوشت		noun	destiny; fate	rishta:نوش
لذت بردن	لِذَّت بُردَن	verb	to take pleasure, to enjoy	rishta:لذت
اهانت		noun	insolence	platts
کمانچه		noun	kamancheh	rishta:انچ
صفحه‌کلید		noun	keyboard	rishta:صفحہ
شیر آب		noun	tap, faucet	platts
چوب		noun	wood	platts
کارشناس		noun	expert	rishta:ارش
شورا		noun	council	platts
اندوه		noun	sorrow, sadness, melancholy	arbi
صندوقدار		noun	cashier	rishta:دار
آتش‌بازی		noun	fireworks	rishta:اتش
نارنج		noun	Seville orange, bitter orange, Citrus aurantium	arbi
کمربند		noun	belt	rishta:بند
دخترک		noun	little girl	rishta:ترک
هرم		noun	pyramid	platts
مفصل		noun	skeletal joint	platts
کتاب‌فروشی		noun	bookshop	rishta:کتا
آلت		noun	tool, instrument, apparatus, utensil	platts
هجرت		noun	Hegira, Hijra	rishta:ہجر
سوت		noun	whistle	platts
قدح	قَدَح	noun	goblet; cup	arbi
عکسی		adj	pictographic	platts
گون		noun	colour	platts
قاپو		noun	gate	platts
سرای		noun	hall	platts
ایجاد		noun	creation	platts
عزیمت		noun	departure, heading off	platts
حرص		noun	greed	platts
کاهن		noun	fortuneteller	platts
کهنه		adj	old, used	arbi
چکش	چَکُش	noun	hammer	platts
خصومت		noun	hostility, enmity	platts
خصمانه		adj	hostile; (adverbially) hostilely	rishta:انہ
طرب		noun	joy, mirth, cheerfulness	platts
اسلاو		noun	Slav	platts
عبرت		noun	lesson	platts
نورانی		adj	luminous, lighting, glittering	platts
جاودان		adj	eternal, everlasting, self-perpetuating, sempiternal living, immortal	arbi
حریف		noun	rival, opponent; match	platts
هم‌جنس‌گرایی		noun	homosexuality	rishta:ایی
دگرجنس‌گرایی		noun	heterosexuality	rishta:ایی
بندری		adj	of, or relating to, a port or harbour	platts
نمایه		noun	index (alphabetical list)	arbi
غزال		noun	gazelle	arbi
تهدید		noun	threat	arbi
المزده		adj	heartbroken	rishta:الم
گنه		noun	crime	platts
پگاه		noun	dawn	platts
دلم		noun	pimple	platts
بخاطر		prep	for the sake of, because of, by virtue of	platts
خاطب		noun	preacher	platts
آستانه		noun	threshold	arbi
تندپز		noun	microwave oven	rishta:تند
چشم براه		adj	expectant, waiting (for something)	rishta:راہ
فرد		noun	individual	platts
باری		adj	relating to cargo or cargo transport	platts
مرید		adj	stubborn, perverse, unruly, disobedient, obstinate	platts
کوبیده		adj	pounded	rishta:بید
قرمه		noun	preserved meat	arbi
فر		noun	splendour, splendor	platts
سیلی		noun	slap (in the face)	platts
سقف		noun	ceiling, roof	arbi
جدر		noun	a yearling camel	platts
آشغال		noun	garbage (any leftover waste or scraps)	platts
خرج	خَرْج	noun	expense; expenditure; cost	platts
چرت		noun	nonsense	platts
مژده		noun	good news; joyful tidings	arbi
دهه		noun	decade	arbi
عبارت		noun	phrase (short written or spoken expression)	platts
گنگ		noun	mute (a person unable to speak)	platts
بردار		noun	vector	platts
مشتق		adj	derived	platts
ضرب		noun	tap; blow, stroke	arbi
ضرب داخلی		noun	scalar product, dot product	rishta:داخل
ضرب اسکالر		noun	scalar product	rishta:اسکا
درباره		prep	من دنبال کتابی درباره شعر فارسی میگردم.
man donbâl-e ketâb-i dar-bâre-ye še'r-e fârsi mi-gardam.
I'm looking f	rishta:بار
گزیدن		verb	to bite	rishta:زید
سبزه		noun	grass	rishta:سبز
بیشه		noun	forest, wood, jungle	arbi
فرس		noun	horse	platts
بعضی	بَعضی	pron	some	platts
بشگن		verb	snapping (one's fingers)	rishta:شگن
ماشاءالله		intj	mashallah; what God wills.	platts
ارغمچین		noun	rope	rishta:چین
نهر		noun	brook; creek; stream	platts
مخ		noun	palm, palm tree	platts
ظن		noun	opinion; thought; view	platts
غوک		noun	frog	platts
رفق		noun	friendliness	platts
تجمع		noun	coming together, assembling, gathering (act of coming together)	arbi
حتی	حَتّی	adv	even (to such a degree)	platts
ابجد		noun	abjad	platts
احمر		adj	red	platts
بوراب		noun	storm	platts
بام		noun	roof	platts
دعا کردن		verb	to pray	rishta:دعا
کفتر		noun	pigeon, dove	arbi
دخترباز		noun	womanizer	rishta:باز
هست		verb	there is, there are	platts
مسافرت		noun	trip, journey	platts
نهج		noun	manner	arbi
نوک		noun	beak, bill (of bird)	platts
کنار		noun	side	platts
قطع		noun	cut, cutting, severing	platts
انتقاد		noun	criticism	platts
فروغ		noun	brightness, lustre	platts
خلال		noun	zest (and other thinly sliced nuts or fruit skin)	platts
زاغ		noun	rook (bird)	arbi
سرآشپز		noun	head cook	rishta:اشپز
خاده		noun	pole	arbi
خاج		noun	club (♣)	platts
ازخ		noun	rotten and empty nut	arbi
چپر		noun	circle, ring	platts
چاپار		noun	post, mail	platts
درگر		noun	carpenter	platts
باژدار		noun	a revenue collector	rishta:دار
خاگینه		noun	a kind of scrambled egg	rishta:اگی
جانه		noun	vital spirit	arbi
جناس		noun	pun, play on words, wordplay	platts
جاود		adj	eternal, perpetual	platts
روانی		noun	course	platts
زنخ		noun	chin	arbi
مجله		noun	magazine	arbi
سزیدن		verb	to be worthy	rishta:زید
پیراستن		verb	to adorn, decorate, ornament, embellish (especially by cutting, clipping, or taking away)	platts
تحت		prep	under	platts
دلبند		adj	beloved	platts
کوره		noun	forge, furnace	platts
معرفت		noun	knowledge, learning	rishta:عرف
نعلبند		noun	farrier	rishta:بند
افق رویداد		noun	event horizon	rishta:افق
تعلم		noun	learning	platts
زبان صوری		noun	formal language	rishta:زبان
طبق معمول		adv	as usual	rishta:طبق
عدد صحیح		noun	integer	arbi
رقم		noun	character, letter	platts
مخرج		noun	denominator	arbi
چادر شب		noun	bedsheet	rishta:ادر
فقر		noun	poverty	arbi
عجانی		adj	perineal	platts
قابل تردید		adj	questionable, doubtful, disputable	rishta:دید
سرعت گری		noun	escape velocity	rishta:گری
قهوه‌خانه		noun	coffeehouse	rishta:خان
چایخانه		noun	teahouse	rishta:خان
همایون		adj	blessed, sacred, fortunate	platts
تفاوت		noun	difference	platts
گلوله		noun	bullet	arbi
سیاه‌چاله فضایی		noun	black hole	rishta:ایی
روادید		noun	visa (permit)	platts
دستگیر کردن		verb	to arrest (to seize someone with the authority of the law)	rishta:دست
گورخر		noun	zebra	platts
گرایش جنسی		noun	sexual orientation	rishta:گرا
گرایش		noun	inclination	platts
تمایل جنسی		noun	sexual orientation	rishta:جنسی
تمایل		noun	inclination, tendency, propensity, bias, disposition	platts
آبادان		noun	cultivated or inhabited place	platts
رجولیت		noun	virility, manhood	rishta:ولی
کلانتر		noun	sheriff (all meanings)	rishta:انت
مادری		adj	maternal; motherly	platts
پیش‌انداز		noun	napkin, serviette	rishta:انداز
باتلاق		noun	swamp, marsh	rishta:بات
زبل		adj	quick-witted	arbi
تفرق		noun	dispersion	arbi
تفاضل		noun	difference	arbi
کتف		noun	shoulder blade	arbi
تفاهم		noun	mutual understanding	arbi
آخیز		noun	cement	platts
گشتن		verb	to rotate, turn, revolve, spin (to move around an axis)	platts
گردیدن		verb	to rotate, turn, revolve, spin (to move around an axis)	rishta:گرد
دروند		adj	sinful, wicked	platts
خور		noun	sun	platts
بود		noun	being, dasein, existence	platts
گندیدن		verb	to rot, decay, go bad, spoil	rishta:دید
انجامیدن		verb	to end	rishta:امید
ارزیدن		verb	to cost	platts
مقدماتی	مُقَدَّماتی	adj	elementary	platts
غوغا		noun	noise	platts
لاس		noun	flirting	platts
لس		adj	lazy	platts
لوند		adj	coquettish, flirtatious	platts
غوره		adj	unripe, green (of grapes, dates, olives)	platts
کتل		noun	hillock	platts
پایگاه داده‌ها	پایْگاهِ دادِهها	noun	database	rishta:گاہ
مدیریت داده‌ها		noun	data management	rishta:ریت
زبان‌شناسی محاسباتی		noun	computational linguistics	rishta:اتی
اطلاع‌رسانی		noun	information science	rishta:اطلاع
مخمر		noun	yeast (fungus)	arbi
زمین‌لرزه		noun	earthquake	rishta:زمین
زلزله‌شناسی		noun	seismology	rishta:اسی
سونامی		noun	tsunami	platts
مفعول		noun	object	arbi
شکست دادن		verb	to defeat; to beat	rishta:شکست
سنجد		noun	jujube (tree or fruit)	platts
منگوش		noun	earring	platts
پوشش		noun	cover (lid)	platts
گوشه		noun	corner	arbi
خدای		noun	lord, patron, master, owner	platts
هیچ‌وقت		adv	ever	rishta:وقت
ورقه		noun	sheet (piece of paper)	platts
بوره		noun	borax	platts
منطق		noun	logic, dialectics	platts
علم منطق		noun	logic	rishta:علم
راست کردن		verb	to straighten	rishta:کردن
ابرک		noun	little cloud	platts
گمارا		noun	a fold for cattle	platts
زمان		noun	time, epoch, period, age, season (a broad time period; not the precise time on a clock)	platts
برز		noun	sown field	arbi
اومانیسم		noun	humanism (ethical system)	rishta:انیس
بیولوژی دریا		noun	marine biology	rishta:دریا
گرزه	گَرزه	noun	rat	arbi
تیلا		noun	rope	platts
تف		noun	flame, heat, warmth	platts
وشم		noun	steam	platts
ریاضیات		noun	mathematics	arbi
چاش		noun	lunch	platts
سان		noun	kind, manner	platts
تفت		noun	heat, warmth	platts
تیلماچی		noun	interpreter	rishta:تیل
تجدید نظر کردن		verb	to revise	rishta:نظر
ویرایش		noun	edit, revision (a change to the text of a document)	platts
چکاد		noun	top, crown of the head	platts
برخاستن		verb	to stand, to get up (to rise to one's feet)	rishta:برخاست
کین		noun	hatred, enmity, rancour, malice; revenge	platts
سفارش دادن		verb	To order (to request some product or service)	rishta:ارشد
آشفتن		verb	to agitate	platts
ارزش		noun	value, worth	platts
همدستی در جرم		noun	complicity	rishta:جرم
همدستی		noun	collaboration	rishta:دست
همدستی کردن		verb	to abet	rishta:دست
تنجیدن		verb	to strain	rishta:نجی
مجوز		noun	license, permission	arbi
پاراو		noun	old woman	platts
هزاردستان		noun	nightingale	rishta:ہزار
گوازه		noun	ox-goad	arbi
گاوزنه		noun	ox-goad	rishta:وزن
گرزمان		noun	the highest heaven; heaven	rishta:مان
دژن		adj	hot, spicy	arbi
یاتاق		noun	bed	platts
هیدرات		noun	hydrate	platts
خائن		noun	traitor	platts
خوان		noun	table or large tray particularly such one as is fit for dining	platts
دبیر		noun	high school teacher	platts
ریدک		noun	beardless youth	platts
شبان		noun	at night	arbi
پیکر		noun	face, countenance	platts
انبارده		adj	filled, full, replete	rishta:انبار
انباردن		verb	to fill	rishta:اردن
تکیدن		verb	to attack; to raid	platts
دستیار		noun	assistant, helper	platts
کپی		noun	ape, monkey	platts
شبی		adj	nocturnal, belonging to the night	platts
پازو		noun	beet, beetroot	platts
زالو		noun	leech	platts
شارستان		noun	city	rishta:ستان
داور		noun	referee, ref	platts
ارس		noun	tear	platts
زروک		noun	leech	platts
ساگوارو		noun	saguaro	platts
هنگام		noun	moment, time, event	rishta:گام
دشنه		noun	dagger, poniard	platts
رتیل		noun	tarantula	platts
کارگیر		noun	a solid structure of stone	rishta:کار
خلاص		adj	free, liberated	platts
ورق		noun	leaf (of a tree or book)	platts
درب		noun	gate	platts
شل		adj	soft, limp	platts
محاسبه		noun	computation, calculation	rishta:حاسب
آنان		pron	they, those people (specifically of humans)	platts
شرمنده		adj	ashamed	rishta:شرم
باید		verb	Expresses an obligation or confident conjecture, equivalent to English must, have to, should, ought, etc.	platts
دنیدن		verb	to walk with pomposity	platts
حرکت	حَرَکَت	noun	motion	platts
یاخته		noun	cell	platts
آمیخته		adj	compound	arbi
درمانگاه	دَرْمانْگاه	noun	clinic	rishta:نگاہ
خزان		noun	autumn	platts
بیور		noun	myriad, ten thousand	platts
بازگشت		noun	return (act of returning)	rishta:باز
برداشتن	بَرْداشتَن	verb	to pick up	rishta:ردا
تمیز کردن		verb	to clean	rishta:تمیز
بایستن		verb	to be necessary; must, ought	platts
بریدن		verb	to cut	platts
هفده		num	seventeen	arbi
طلب کردن		verb	to request	rishta:طلب
آنچه		pron	what; used for the heads of relative clauses when it is not a human.	rishta:انچ
دزدیدن		verb	to steal	rishta:دید
پانصد		num	five hundred	platts
هنجار		noun	norm, convention	arbi
دس خوش		intj	well done; good job; bravo	rishta:خوش
سرسرا		noun	entry, entrance hall, foyer, hall, vestibule (room just inside the front door of a building)	platts
ماشین حساب	ماشینِ حِساب	noun	calculator	rishta:حساب
نظریه اطلاعات		noun	information theory	rishta:نظر
چنین		adj	such as this	platts
شکیبائی		noun	patience	platts
کجا	کُجا	adv	where	platts
پس		conj	then; so; therefore	platts
توانستن		verb	to be able; can	rishta:انس
برای		prep	for	platts
دنبال		noun	rear; behind	rishta:بال
جلو		noun	front	platts
پرکار	پُرکار	adj	hard-working, prolific	platts
باهوش		adj	intelligent; smart	platts
قدیمی	قَدیمی	adj	old, ancient, not new, having existed for a long time (not of age; see also پیر (pir))	platts
جدی		adj	serious	platts
نگاه کردن		verb	to look, to watch	rishta:نگاہ
تهی		adj	empty (devoid of content)	platts
رونوشت		noun	copy (result of copying; an identical duplication)	platts
معادله		noun	equation (assertion)	arbi
توله		noun	whelp	platts
توله‌خر		noun	foal of a donkey	rishta:تول
نردبان		noun	ladder (climbing tool)	rishta:نرد
باردار		adj	pregnant	platts
سیم		noun	bream	platts
ژیرش		noun	action	platts
بیشتر		adj	more	platts
سرچشمه		noun	root, source	rishta:چشم
آکندن		verb	To fill (to make full)	platts
ایسلندی		adj	Icelandic	platts
چیدن		verb	to pick	platts
پدرزن		noun	father-in-law (wife's father)	rishta:پدر
پدرشوهر		noun	father-in-law (husband's father)	rishta:شوہر
پسرخاله		noun	cousin (maternal aunt's son)	rishta:الہ
پسردائی		noun	cousin (maternal uncle's son)	rishta:ایی
پسرعمو		noun	cousin (paternal uncle's son)	rishta:پسر
پسرعمه		noun	cousin (paternal aunt's son)	rishta:پسر
دخترخاله		noun	cousin (maternal aunt's daughter)	rishta:الہ
دختردائی		noun	cousin (maternal uncle's daughter)	rishta:ایی
دخترعمو		noun	cousin (paternal uncle's daughter)	rishta:دختر
دخترعمه		noun	cousin (paternal aunt's daughter)	rishta:دختر
مادرزن		noun	mother-in-law (wife's mother)	rishta:ادر
مادرشوهر		noun	mother-in-law (husband's mother)	rishta:ادر
صامت		noun	consonant	platts
ناپدری		noun	stepfather	rishta:دری
نامادری		noun	stepmother	rishta:نام
تنفس		noun	breathing	arbi
مبتدی		noun	beginner (someone who just recently started)	arbi
تازه‌کار		noun	beginner (someone who just recently started)	rishta:تازہ
دراییدن		verb	To speak, say, chatter, babble	platts
درودن		verb	to reap, to mow, to harvest	platts
برق انداز		noun	A musketeer, as posted in Mughal administration in India.	rishta:انداز
نگریستن		verb	to look	rishta:گری
شوروی		noun	Soviet	platts
گام زدن		verb	to walk (move on the feet)	rishta:گام
نسک		noun	One of the five parts (books) of the Avesta	platts
آشامیدن		verb	to drink	platts
مقاله		noun	article (story, report, opinion piece, academic, etc.)	arbi
دانایی		noun	wisdom	platts
دیوان		noun	divan (collection of poems)	platts
خوردی		noun	broth, juicy meats	platts
عروسی		noun	wedding (marriage ceremony)	platts
باک		noun	dread, fear	platts
دمر		adj	lying flat; prone, prostrate	platts
پوست ختنه‌گاه		noun	prepuce	rishta:تخت
شریک		noun	partner, associate	platts
خندق		noun	moat	platts
کتابی		adj	belonging to or related to a book	platts
سودمند		adj	useful; beneficial; profitable	platts
مفید		adj	useful	platts
جهد		noun	struggle, effort, exertion	platts
خورشیدی		adj	solar	rishta:رشید
باد خورشیدی		noun	solar wind	rishta:رشید
باد ستاره‌ای		noun	stellar wind	rishta:ستارہ
ستاره‌ای		adj	stellar	arbi
وضوح		noun	clarity	arbi
فیلترشکن		noun	filter-break (software that enables an Internet user to gain access to filtered, or blocked, webpages.)	rishta:رشک
خنده		noun	laughing; a laugh; laughter	arbi
کثیف		adj	dirty, unclean	arbi
گرفت		noun	eclipse	platts
آزردن		verb	to annoy, to torment	rishta:زرد
بی‌جنس‌گرایی		noun	asexuality	rishta:ایی
دوجنس‌گرایی		noun	bisexuality	rishta:ایی
عروس		noun	bride	platts
حرف اضافه		noun	preposition	rishta:اضافہ
آویختن	آویختَن	verb	to hang, to suspend	platts
گریختن		verb	to flee	rishta:گری
فهماندن		verb	to explain, to make understood, to make clear	rishta:ہما
فهموندن		verb	to explain, to make understand	rishta:فہم
ستدن		verb	to take; to get, receive, obtain	platts
خشکاندن		verb	to dry	rishta:خشک
خشکوندن		verb	to dry	rishta:خشک
آشنا شدن		verb	to become acquainted, to become familiar, to get to know	rishta:اشنا
آغاز کردن		verb	to begin, to start	rishta:اغاز
یاد رفتن		verb	to forget	rishta:ادر
شق		noun	alternative (one of two possibilities)	platts
نعوظ		noun	erection	platts
ژرفی		noun	depth	platts
واحد نجومی		noun	astronomical unit	rishta:نجوم
بزرگ‌تر		noun	older family member	rishta:بزرگ
رشت		adj	bright	platts
وبگاه	وِبگاه	noun	website	arbi
ژولیدن		verb	to become disheveled, to become chaotic, to become messy	rishta:ولید
شکایت کردن		verb	to complain	rishta:ایت
شناسایی کردن		verb	to identify	rishta:ایی
فرمیون		noun	fermion	platts
کیلوگرم		noun	kilogram, kilogramme	rishta:گرم
گلئون		noun	gluon	platts
کوارک سر		noun	top quark	rishta:وار
کوارک ته		noun	bottom quark	rishta:رکت
کوارک مفتون		noun	charm quark	rishta:مفت
کوارک شگفت		noun	strange quark	rishta:وار
کوارک پایین		noun	down quark	rishta:ایی
کوارک بالا		noun	up quark	rishta:بال
شدنی	شُدَنی	adj	feasible, practicable, doable, possible	platts
سپردن	سِپَردن	verb	to traverse, to pass	rishta:سپر
به خاطر سپردن		verb	to commit to memory; to learn by heart	rishta:خاطر
به فراموشی سپردن		verb	to forget	rishta:رام
دروغ بافتن		verb	to lie, to spread falsehood	rishta:افت
مجازات کردن		verb	to punish	rishta:کردن
مداخله کردن		verb	to interfere, to intrude, to meddle	rishta:داخل
طیف		noun	spectrum	platts
سیل		noun	flood	platts
مرغ مگس‌خوار		noun	hummingbird	rishta:خوار
تمشک		noun	raspberry	arbi
احتیاج داشتن		verb	to need	rishta:احتیاج
آمریکایی		noun	American	platts
تاجیکی		adj	Tajik	arbi
خاطره		noun	reminiscence, remembrance, memory	arbi
ترخان		adj	free, exempted from tribute or taxes, not amenable to punishment	platts
کارواژه		noun	verb	arbi
طوارق		noun	Tuareg	platts
ترغای		noun	sparrow	platts
چرک		noun	bread	platts
یرکلی		adj	brave	platts
تمر		noun	iron	platts
تاغ		noun	Haloxylon shrub	platts
آرپا		noun	barley	platts
ارخا		noun	back	platts
اروق		noun	apricot	platts
برک		noun	hat	platts
بیدادی		noun	injustice, lawlessness, tyranny	platts
نشیمن		noun	living room	platts
پذیرائی		noun	living room	rishta:ایی
روحی		adj	spiritual	platts
روان‌شناسی		noun	psychology	rishta:اسی
بالو		noun	cherry	platts
امان		noun	safety, security	platts
خبره		noun	expert	arbi
مجازی		adj	virtual, online	arbi
کلک		noun	trick	platts
سنجاقک		noun	dragonfly	rishta:سنجاق
فرق		noun	difference	platts
لس‌آنجلس		noun	Los Angeles (a large city in California, United States)	rishta:لسان
ق.ظ		adv	before noon (used after a time to indicate it is between midnight and noon, i.e., in the morning)	platts
ب.ظ		adv	after noon (used after a time to indicate it is between noon and midnight, i.e., in the afternoon, evening or 	platts
فارسی‌زبان		adj	Persian-speaking	rishta:زبان
ساکت		adj	silent	platts
سلمانی		noun	barber, hairdresser	arbi
مشخص		adj	specified, specific, defined; clear, obvious	platts
غرب		noun	the west	platts
غربی		adj	western	platts
شمالی		adj	northern, of or pertaining to the north	platts
معتاد		adj	addicted	platts
هروئین		noun	heroin	platts
ایرونی		noun	colloquial-un form of ایرانی (irâni, “Iranian”)	platts
زبون		adj	humbled, vanquished, helpless, abject	platts
جناب آقای		pron	his Excellency (Used when addressing a male with high status in a formal way.)	rishta:اقا
سرکار خانم		pron	honored ma'am (Used when addressing a female with high status in a formal way.)	rishta:رکا
تهرانی		adj	Tehrani, Tehranian	rishta:تہران
مادرانه		adj	motherly, maternal	rishta:ادر
پدرانه		adj	fatherly, paternal	rishta:انہ
پسرانه		adj	especial to or designed for boys	rishta:انہ
آویزان		adj	hanging; hung (in a suspended, dangling position)	platts
آروم		adj	colloquial-un form of آرام (ārām /ârâm)	platts
املاک		noun	broken plural of ملک (milk /melk)	platts
میرزا		noun	Mirza; a noble title.	arbi
خیابون		noun	colloquial-un form of خیابان (xiyâbân)	platts
نون		noun	the name of the Perso-Arabic script letter ن	platts
غلغله		noun	noise	rishta:غلہ
یغما		noun	booty; plunder	platts
دیوونه		adj	colloquial-un form of دیوانه	platts
خندان		adj	laughing	platts
خندون		adj	colloquial-un form of خندان (xandân)	platts
نالان		adj	complaining	platts
ماسیدن		verb	to coagulate (as milk)	platts
تحریم		noun	embargo; sanction	platts
خوال		noun	food	platts
اسم خاص		noun	proper noun	rishta:اسم
کوزه		noun	a pottery vase with a long neck	arbi
پرنده‌شناسی		noun	ornithology	rishta:رند
مجانی		adj	free of charge, gratis	platts
سندرم		noun	syndrome (attributive)	rishta:سندر
کانادایی		adj	Canadian (of or pertaining to Canada)	platts
نشخوار		noun	chewing the cud, rumination	rishta:خوار
سلام رساندن		verb	Give one's regards	rishta:امر
باسکی		adj	Basque	platts
سمعک		noun	hearing aid	arbi
چندشوهری		noun	polyandry	rishta:شوہر
روان‌گسیختگی		noun	schizophrenia	rishta:انگ
همچنین		adv	also, as well	rishta:نین
خال‌کوبی		noun	tattoo	rishta:خال
درازا		noun	length	arbi
دانسته		adv	on purpose	rishta:انس
گرانش		noun	gravitation	platts
پرو		noun	heifer	platts
کوانتم		noun	quantum	rishta:انت
سارق		noun	thief, robber	platts
نینجا		noun	ninja	arbi
درون‌همسری		noun	endogamy	rishta:رون
برون‌همسری		noun	exogamy	rishta:رون
بی‌خدایی		noun	atheism	platts
دده		noun	sister (blood relative)	arbi
خزینه		noun	treasury	arbi
تغییرات		noun	broken plural of تغییر (taġyīr /taġyir)	rishta:رات
زندگانی		noun	life, way of life, course of one's life	rishta:گان
جزئیات		noun	detail, details	rishta:یات
دوستان		noun	entourage, friends (plural of دوست)	platts
ظل		noun	shadow, shade	platts
نهایی		adj	final	platts
نقد ادبی		noun	literary criticism	rishta:ادب
شاویدن		verb	to go	platts
مهندسی زلزله		noun	earthquake engineering	rishta:زلزلہ
منش		noun	character, nature	platts
صوری		adj	formal	platts
دائم		adj	permanent	platts
باشقیری		adj	Bashkir	platts
درس خواندن		verb	to study	rishta:درس
عملیات		noun	operation, a military campaign	platts
مازندرانی	مازَندَرانی	adj	Mazanderani	rishta:ران
شانسی		adj	random, by luck	platts
انتقال‌دهنده عصبی		noun	neurotransmitter	rishta:انت
قانون بقاء		noun	conservation law	rishta:بقا
قانون بقاء انرژی		noun	law of conservation of energy	rishta:بقا
جاذبه		noun	gravitation	arbi
آریایی		adj	Aryan	rishta:ایی
دادگر		adj	just	platts
فرآیند		noun	process	platts
محاکمه		noun	trial, court of law, hearing	arbi
ارتجاعی		adj	elastic	arbi
مطلق		adj	absolute, unconditioned	platts
زوجیت		noun	matrimony	rishta:جیت
اطاعت کردن		verb	To obey	rishta:اطاعت
نامه دبیریه		noun	libriscript	rishta:نام
هام دبیریه		noun	similiscript	rishta:امد
مرکب		adj	compound, composite	platts
ادبیات فارسی		noun	Persian literature	rishta:ادب
بزاق		noun	saliva	arbi
پادشاهی		noun	kingdom	rishta:شاہ
نهان		adj	hidden, secret, arcane	platts
درجه‌بندی		noun	rating	rishta:بند
رده‌بندی		noun	classification	rishta:بند
شکلک		noun	making faces, grimace	rishta:شکل
نخبه‌گرایی		noun	elitism	rishta:ایی
نخبه‌گرا		noun	elitist	rishta:گرا
ادبیات انگلیسی		noun	English literature	rishta:اتا
اصطلاح ادبی		noun	literary term	rishta:ادب
ناخوشایند		adj	unpleasant	rishta:خوش
نفوذ		noun	infiltration	arbi
برگردان		noun	translation (the act or result of translating)	rishta:گرد
شکارچی		noun	hunter	rishta:شکار
کاروانسرا		noun	caravanserai	rishta:انس
مریضی		noun	illness, sickness, disease	arbi
زرنگ		adj	clever, cunning, bright, sharp, shrewd	rishta:رنگ
موافق		adj	agreeing, in agreement, consenting	platts
آمیزش جنسی دهانی		noun	oral sex	rishta:سید
دهانی		adj	oral (of or relating to the mouth)	platts
آمیزش جنسی گروهی		noun	group sex	rishta:امیزش
آمیزش جنسی مقعدی		noun	anal sex	rishta:نسیم
بکارت		noun	virginity	platts
دلگیر		adj	sad, upset	rishta:لگی
دلگیری		noun	sadness, grief, sorrow	rishta:لگی
هزینه		noun	cost (sum exchanged for a product or service)	arbi
استاندار		noun	governor-general	rishta:دار
بومی		adj	native, indigenous, endemic	platts
گیتاریست		noun	guitarist	rishta:گیت
مفقود		adj	lost, missing	arbi
مفقود کردن		verb	to lose, to misplace	rishta:کردن
استمراری		adj	continuous, progressive	rishta:ستم
موندن		verb	to stay	platts
پیشین		adj	old, ancient	platts
انگیختن		verb	to provoke; to instigate	rishta:انگ
آسودن		verb	to rest	platts
آواز خواندن		verb	to sing	rishta:اواز
برهنه‌گرا		noun	nudist	rishta:گرا
برهنه‌گرایی		noun	nudism	rishta:ایی
همنوع‌خواری		noun	cannibalism (in animals)	platts
متفکر		noun	thinker, intellectual	rishta:فکر
ترساندن		verb	to frighten	rishta:ترس
جوشاندن		verb	to boil	rishta:شان
جوشوندن		verb	to boil	rishta:جوش
چسبوندن		verb	to stick	rishta:بوند
چسباندن		verb	to stick	rishta:سبا
چسبیدن		verb	to stick, to be stuck, to adhere	rishta:بید
اومدن		verb	to come	platts
ترکیدن		verb	to burst (to break from internal pressure)	platts
خاستن		verb	to rise	platts
نوآوری		noun	innovation	platts
خوراندن		verb	to feed	rishta:ران
خوروندن		verb	to feed	rishta:رون
حس کردن	حسّ کردن	verb	to sense, to feel	rishta:کردن
هیجان		noun	emotion	arbi
نوازنده		noun	musician	rishta:زندہ
دگرجنس‌گرا		adj	heterosexual	rishta:گرا
دوجنس‌گرا		adj	bisexual	rishta:گرا
انرژی تاریک		noun	dark energy	rishta:اری
شاه‌دانه		noun	Cannabis	rishta:شاہد
زیر بغل		noun	armpit	rishta:بغل
خفاش		noun	bat (small, winged animal)	platts
شب‌کور		adj	night blind	platts
گاومیش		noun	buffalo	arbi
سرک		noun	road	platts
سرفه		noun	cough	arbi
سرفیدن		verb	to cough	rishta:سرف
عطسه		noun	sneeze	platts
عطسه کردن		verb	to sneeze	rishta:کردن
بردمیدن		verb	to breathe into	rishta:دمی
بیختن		verb	to sift; to sieve	rishta:بیخ
بودیسم		noun	Buddhism	rishta:دیس
بودیست		noun	Buddhist	platts
کشتی‌گیر		noun	wrestler	rishta:کشتی
فراگیر		adj	pervasive	rishta:اگی
سامانی		noun	somoni (currency in Tajikistan)	platts
مذاهب		noun	broken plural of مذهب (mazhab)	arbi
اعتقاد		noun	belief	platts
سد		noun	dam, dike	platts
مرطوب		adj	moist, wet, humid, damp	platts
مرطوب کردن		verb	to moisten, to make wet	rishta:کردن
کابلی		adj	Kabuli (of or related to the city of Kabul)	platts
گشادی	گُشادی	noun	width, broadness	platts
خوش آمدن		verb	to like; see Usage notes	platts
چاله		noun	pit, hole, hollow	rishta:الہ
فضایی		adj	spatial (relating to physical space)	platts
سیاه‌چاله		noun	black hole	rishta:الہ
فضازمان	فَضازَمان	noun	spacetime	rishta:فضا
پیرمرد		noun	an old man	rishta:مرد
پیرزن		noun	an old woman	platts
ستاره‌شناسی		noun	astronomy	rishta:ستارہ
سیاه‌گوش		noun	caracal	rishta:سیاہ
گربه‌سان		noun	felid	rishta:گربہ
منطقه		noun	zone, area, region	arbi
غریزه		noun	instinct	arbi
وجودی	وُجودی	adj	existential	platts
وجود داشتن		verb	to exist	rishta:وجود
به وجود آمدن		verb	to come into existence	rishta:امد
به وجود آوردن		verb	to bring into existence; to produce, to create	rishta:اور
پا به عرصه وجود گذاشتن		verb	to come into the world; to be born	rishta:وجود
مسکه		noun	butter	arbi
شهوت		noun	lust, sexual desire, sex drive, libido	platts
اعتیاد	اِعتِیاد	noun	addiction	platts
شهوانی		noun	sensuality	platts
مروت	مُرُوَّت	noun	manliness; gallantry; generosity; magnanimity; humanity; mercy	platts
فصیح		adj	eloquent	arbi
بی‌تقصیر		adj	guiltless, innocent, blameless	rishta:بیت
بی‌طرفی		noun	neutrality	rishta:طرف
بی‌وفایی		noun	disloyalty, treachery	platts
سرین		noun	bolster	platts
جنایت		noun	crime	platts
مکافات		noun	requital:	rishta:افات
عاشق بودن		verb	to love	rishta:عاشق
نهنگ آبی		noun	blue whale	rishta:ابی
زاغی		noun	magpie	arbi
خورشید کاذب		noun	sun dog	rishta:رشید
گریزان		adj	evasive, elusive	rishta:گری
زنانگی		noun	femininity, womanliness	rishta:انگ
جنگجویی		noun	combativeness; belligerence	rishta:جنگ
خرس خاکستری		noun	grizzly bear	rishta:تری
خرس قطبی		noun	polar bear	rishta:خرس
قطبی		adj	polar	platts
خرس پاندا		noun	panda, panda bear	rishta:خرس
خرس قهوه‌ای		noun	brown bear	rishta:خرس
خرس سیاه		noun	black bear	rishta:خرس
خرس سیاه آمریکایی		noun	American black bear	rishta:ایی
خرس سیاه آسیایی		noun	Asiatic black bear	rishta:ایی
خرس عینکی		noun	spectacled bear	rishta:خرس
خرس تنبل		noun	sloth bear	rishta:خرس
خرس آفتاب		noun	sun bear	rishta:افت
گراز دریایی		noun	walrus	rishta:دریا
حشره‌شناسی		noun	entomology	rishta:اسی
کرم شب‌تاب		noun	firefly	rishta:کرم
شغال طلایی		noun	golden jackal	rishta:ایی
شغال پهلوخط‌دار		noun	side-striped jackal	rishta:دار
شغال پشت‌سیاه		noun	black-backed jackal	rishta:سیاہ
ماهتاب		noun	moonlight	rishta:ماہ
پشتون		noun	Pashtun	platts
دارنده		noun	owner	rishta:رند
همجنس‌گرا		adj	homosexual	rishta:گرا
تحمل کردن		verb	to tolerate	rishta:ملک
معشوق		adj	beloved	platts
میرنده	میرَنده	noun	mortal (something, particularly a person, that can or will die)	rishta:رند
رسما	رسماً	adv	formally	platts
آرام گرفتن		verb	to rest	rishta:مگر
قطور		adj	thick (having a large circumference or diameter)	platts
گت		adj	large, big	platts
مهاجم		adj	aggressive	arbi
خصوص		noun	peculiarity	platts
رقصنده		noun	dancer	rishta:رقص
قوی سیاه		noun	black swan (Cygnus atratus)	arbi
خشمگین	خَشمگین	adj	angry	rishta:خشم
مهاجرت کردن		verb	to migrate	rishta:اجر
شباهت	شَباهَت	noun	resemblance, likeness, similarity	platts
لغت‌نامه		noun	dictionary	rishta:نام
لویاتان		noun	leviathan	platts
هیره		noun	mite (arachnid)	arbi
کنه		noun	tick (arachnid)	platts
جزایر		noun	unhamzated form of جزائر	arbi
بیدار کردن		verb	to wake up	rishta:بید
اغوا کردن		verb	to tempt	platts
بویژه		adv	especially, particularly	arbi
هوشمند		adj	intelligent, knowledgeable, wise	platts
ثابت کردن		verb	to prove, to establish	rishta:ابتک
موی عانه		noun	pubic hair	platts
گربه‌ماهی		noun	catfish	rishta:ماہ
کوسه بزرگ سفید		noun	great white shark	rishta:بزرگ
آلت تناسلی مرد		noun	male reproductive organ	rishta:سلیم
بارندگی		noun	rainfall	rishta:رند
گنوستیسیزم		noun	Gnosticism	rishta:تیس
دمیورژ		noun	Demiurge	rishta:دمی
درد گرفتن		verb	to hurt	rishta:درد
چهارده		num	fourteen	rishta:ہار
پانزده		num	fifteen	rishta:پان
شانزده		num	sixteen	rishta:شان
دی‌ان‌ای میتوکندریایی		noun	mitochondrial DNA	rishta:دریا
میتوکندریایی		adj	mitochondrial	rishta:دریا
ریزموج		noun	microwave (electromagnetic waves with wavelengths from one meter to one millimeter, or with frequencies betwee	rishta:موج
سوسیالیستی		adj	socialist, socialistic	rishta:یال
علاقه داشتن		verb	to be interested, to have or take interest	rishta:علاقہ
به خواب رفتن		verb	to go to sleep	rishta:خواب
چهارصد		num	four hundred	rishta:ہار
چهارصد و بیست		num	four hundred and twenty	rishta:ہار
مزدیسنا		noun	Mazdean; Zoroastrian	rishta:سنا
اهورا		noun	Ahura	platts
آفتاب‌پرست		noun	sunflower	rishta:افت
پارتی		adj	Parthian	platts
متشکرم		intj	thank you	rishta:کرم
اسب دریایی		noun	seahorse	platts
سرده		noun	genus	arbi
جاندار		adj	living, alive, animate	arbi
طبقه آرایه‌شناختی		noun	taxonomic rank	rishta:ہار
رتبه آرایه‌شناختی		noun	taxonomic rank	rishta:بہار
فرمانرو		noun	kingdom	rishta:فرمان
گونه		noun	kind, type, sort	platts
رومانیایی		adj	Romanian	platts
سپاس‌گزارم		intj	thank you, thanks (formal)	rishta:پاس
سپاسگزار		adj	thankful	rishta:پاس
دولتی		adj	governmental	platts
خدایی		adj	divine	platts
امامزاده		noun	imamzadeh	rishta:اما
ویهارا		noun	vihara	platts
تصور کردن		verb	to imagine	rishta:تصور
پنهان شدن		verb	to hide; to go into hiding	rishta:انش
پنهان کردن		verb	to hide, to conceal	rishta:کردن
یکای کیهانی		noun	astronomical unit	rishta:ایک
امروزه		adv	nowadays	rishta:روز
مجاری		adj	Hungarian	platts
گوریل غربی		noun	western gorilla (Gorilla gorilla)	rishta:گور
گوریل شرقی		noun	eastern gorilla (Gorilla beringei)	rishta:گور
خانوادگی		adj	familial	platts
چقدر		adv	how much	rishta:قدر
پوچ		adj	empty, vacant	platts
دیسال		adv	yesteryear	rishta:دیس
پوک		adj	hollow	platts
سوسیالیسم دموکراتیک		noun	democratic socialism	rishta:اتی
گراویتون		noun	graviton	platts
ساحره		noun	witch, sorceress	arbi
ساحر		noun	sorcerer, wizard	platts
واقعیت		noun	reality, actuality	platts
لپتون		noun	lepton	platts
اسپین		noun	spin	platts
الکترومغناطیس		noun	electromagnetism	rishta:روم
هلندی		adj	of the Netherlands; Dutch	platts
لیسک		noun	snail	arbi
شوکا		noun	roe deer	platts
کرک		noun	fur, down hair	platts
مرغانه		noun	egg (body produced by birds)	rishta:انہ
میون		noun	muon	platts
نوترینو		noun	neutrino	platts
برار		noun	Hazaragi and Herati form of برادر (birādar /berâdar, “brother, bro”)	platts
تالار		noun	hall	platts
آفرینش		noun	creation, the act of creating something.	arbi
مهربانی		noun	kindness	platts
سمج		adj	stubborn, persistent, obstinate	platts
قالی		noun	carpet, rug	platts
تفریح		noun	recreation; amusement	rishta:ریح
نشت		noun	leak	platts
سهمگین		adj	scary, horrific, awful, dreadful, terrible	rishta:سہم
هراس		noun	fear	platts
بیمناک		adj	scary	rishta:منا
ترسناک		adj	scary	rishta:سنا
پیشکش		noun	gift, present	rishta:پیش
دشوار		adj	difficult, hard	platts
دشواری		noun	difficulty	platts
فواره		noun	fountain	arbi
جفت		adj	with a matching pair; joined as a couple	arbi
بی‌پروا	بیپَروا	adj	reckless, thoughtless, careless	platts
رستاخیز		noun	resurrection	platts
سرکش		adj	unruly	platts
تارنما		noun	website	platts
برادری		noun	brotherhood	platts
تازه‌ها		noun	news	rishta:تازہ
گاهی		adv	sometimes, occasionally	platts
راهبردی		adj	strategic	rishta:راہ
هراسیدن		verb	to fear	rishta:اسی
چم		noun	meaning, sense	platts
درخشان		adj	shiny	rishta:شان
تابان		adj	shining, luminous, radiant	arbi
فرسوده		adj	torn, worn out, shabby, used	rishta:سودہ
ترد		adj	brittle, fragile, delicate	platts
نوچ		adj	wet and sticky, clammy	platts
رخش		adj	coloured red and white; spotted red or white.	platts
تگزاسی		noun	Texan	rishta:اسی
رژ		noun	anger	platts
باشامه		noun	veil	arbi
ناشنوا		adj	deaf	platts
هذیان		noun	delusion	arbi
بارگذاری		noun	upload	rishta:اری
آبجی		noun	sister (either older or younger)	platts
زهرشناسی		noun	toxicology	rishta:زہر
گاگول		noun	fool, idiot	platts
فرمانده کل قوا		noun	commander in chief	rishta:فرمان
سرگرد		noun	major (military)	rishta:گرد
شناوری		noun	swimming	platts
وابسته		adj	dependent, attached, related, connected	arbi
رویایی		adj	dreamy	rishta:ایی
راد		adj	generous, bounteous, liberal	platts
رادمنش		adj	generous, munificent	rishta:ادم
رشوه		noun	bribe	arbi
پکر		adj	upset	platts
مالی		adj	financial	platts
آب اکسیژنه		noun	hydrogen peroxide	rishta:کسی
هیدروژن پراکسید		noun	hydrogen peroxide	rishta:کسی
کانی		noun	mineral	platts
زخمه		noun	plectrum	rishta:زخم
مضراب		noun	plectrum	arbi
زیرا		conj	because	platts
مانند		adj	resembling	platts
نظیر		prep	like	platts
همانند		prep	like, similar	rishta:ہما
سوز		noun	burning sensation	platts
هالو		noun	idiot	platts
فوت		noun	puff	platts
پالایشگاه		noun	refinery	rishta:پال
پالایش		noun	refining	platts
سرکوب		noun	repression; abuse	platts
پلیمر		noun	polymer	rishta:پلی
پاپتی		adj	barefoot	platts
انگل		noun	parasite	platts
کک		noun	flea	platts
تلفظ کردن		verb	to pronounce	rishta:لفظ
راهبرد		noun	strategy	rishta:راہ
باران آمدن		verb	to rain	rishta:نام
هیاهو		noun	noise	platts
داستان کوتاه		noun	short story	rishta:داستان
سیگاری		adj	cigarette smoker	platts
بلغار		noun	Bulgar	arbi
معقول		adj	rational, reasonable	platts
وطنی		adj	domestic, national (internal to a specific country)	platts
وطن‌فروش		noun	traitor, sellout	rishta:وطن
وطن‌فروشی		noun	treason	rishta:وطن
یائسگی		noun	menopause	platts
سرود ملی		noun	national anthem	rishta:ملی
سبک		noun	method, way	platts
چای سبز		noun	green tea	rishta:سبز
تاج‌گذاری	تاجگُذاری	noun	coronation	rishta:اری
شهبانو		noun	queen consort (wife of a reigning king)	platts
کاباره		noun	cabaret	arbi
کایرومون		noun	kairomone	platts
شاهدخت		noun	princess, king's daughter	rishta:شاہد
فرومون		noun	pheromone	platts
بوییدن		verb	to smell	platts
لبخند زدن		verb	to smile	rishta:دزد
زردک		noun	carrot	rishta:زرد
خاگ		noun	egg	platts
بذر		noun	seed	platts
واگیردار		adj	epidemic	platts
منشار		noun	saw	arbi
لپ		noun	cheek	platts
توتون		noun	tobacco	platts
زونی		noun	knee	platts
جمعیت		noun	population	platts
بشریت		noun	humanity	arbi
آدمیت		noun	humanity	platts
مؤدب		adj	polite	arbi
صادر		adj	issued; outgoing	platts
سقط		noun	abortion; usually as سقط جنین (seqt-e janin).	platts
شاب		noun	youth, young person	platts
تقابل		noun	encounter, confrontation	arbi
لمس		noun	touch	platts
قین		adj	difficult, hard	platts
آغاز شدن		verb	to begin, to start	rishta:اغاز
بیمار شدن		verb	to fall ill	rishta:بیمار
خاش		noun	bent of minute particles of wood, straw, rags or other things, chips, parings	platts
افتو		noun	sunlight, sun	platts
چیش		noun	eye	platts
خش		noun	scratch	platts
چردن		verb	to graze	platts
پهپاد		noun	drone (unmanned aircraft)	rishta:پاد
شمیدن		verb	to faint	platts
بلع		noun	swallowing, gulp	platts
ضاد		noun	the letter ض	platts
حزن		noun	grief, sadness	arbi
مدرس		noun	instructor, teacher, lecturer	platts
توافق		noun	agreement, deal	platts
سیلاغ		noun	hole, cavity, bore, orifice, slot	platts
قلا		noun	crow (bird)	platts
خوسیدن		verb	to sleep	platts
چوغ		noun	wood	platts
جوغ		noun	stream	platts
توقف		noun	stop, stopping, halt	platts
زاد		noun	luggage	platts
پوز		noun	snout, muzzle (protruding part of an animal's head)	platts
قصب		noun	reed; cane	platts
خجل		adj	ashamed; bashful	arbi
اکتشاف		noun	exploration	arbi
وجب		noun	span	platts
بطن		noun	ventricle (of the heart or brain)	platts
فرسادن		verb	to send	platts
دولاب		noun	cupboard; closet	platts
اینک		intj	lo! behold!	platts
دله		adj	stray, wandering	arbi
خواهرانه		adj	sisterly	rishta:واہ
برادرانه		adj	brotherly, fraternal	rishta:برا
بنیادگرا		noun	fundamentalist	rishta:گرا
بنیادگرایی		noun	fundamentalism	rishta:ایی
خین		noun	blood	platts
چیندن		verb	to pluck	rishta:چین
مر		particle	Occurs before a word or phrase followed by را (râ), the accusative-dative-genitive marker.	platts
فراواقع‌گرایی		noun	surrealism	rishta:ایی
ملی‌گرایی	مِلّیگَرایی	noun	nationalism	rishta:ملی
ملی‌گرا		noun	nationalist	rishta:ملی
اثبات‌گرا		noun	positivist	rishta:گرا
اثبات‌گرایی		noun	positivism	rishta:ایی
پراگماتیسم		noun	pragmatism	rishta:اتی
گوناگون		adj	different, various, diverse, sundry	platts
بزرگ شدن		verb	to grow up, grow	rishta:بزرگ
نابینایی		noun	blindness	rishta:ایی
مستطیل		noun	rectangle	platts
تداوم		noun	continuation, continuity	platts
جدا شدن		verb	to separate, to be separated	rishta:اشد
جستجو کردن		verb	to search, to look for	rishta:جست
محکومیت		noun	condemnation	platts
ستاره نوترونی		noun	neutron star	rishta:ستارہ
مسلمون		noun	Muslim	rishta:مسلم
انتشار		noun	publication	arbi
پژوهش کردن		verb	to research	rishta:شکر
تناسلی		adj	reproductive	platts
دستگاه تناسلی		noun	reproductive system	rishta:دست
از خاطر رفتن		verb	to fade from memory, to be forgotten	rishta:خاطر
بالا رفتن		verb	to go up	rishta:بال
فروشنده		noun	seller, vendor	rishta:روشن
ورزشی		adj	athletic	platts
درگذشت		noun	death	rishta:درگ
روزنامه‌نگار		noun	journalist	rishta:نام
روزنامه‌نگاری		noun	journalism	rishta:اری
هواشناسی		noun	meteorology	rishta:اسی
واکنش		noun	reaction	platts
دفع		noun	warding off, driving away, repelling	platts
فاحش		adj	egregious	arbi
یکتاپرستی		noun	monotheism	rishta:رستی
چندخدایی		noun	polytheism	rishta:ایی
ندانم‌گرایی		noun	agnosticism	rishta:مگر
کم‌ترین		adv	the least	rishta:تری
درست کردن		verb	to make, to prepare	rishta:درس
وصف		noun	description	platts
تفسیر کردن		verb	to interpret; to explain	rishta:تفسیر
عشق ورزیدن		verb	to make love	rishta:عشق
پا به جهان گذاشتن		verb	to be born	rishta:جہان
پا به سن گذاشتن		verb	to get older	rishta:سنگ
پا در میان گذاشتن		verb	to intervene, to intercede	rishta:ادر
پشت سر گذاشتن		verb	to pass through, to pass by (a period of time, a location)	rishta:سرگ
جا گذاشتن		verb	to leave behind, to forget	rishta:جاگ
اعتماد داشتن		verb	to trust	rishta:اعتماد
اقامت داشتن		verb	to reside, to live	rishta:اقا
کنش		noun	act, action	platts
خوانش		noun	reading	platts
رعنا		adj	handsome; attractive	platts
خانم‌ها و آقایان		noun	ladies and gentlemen	rishta:ایا
شخصی		adj	personal	platts
زبان اوستایی		noun	Avestan	rishta:ایی
اوستایی		adj	Avestan	platts
تمرین کردن		verb	to practice (to use a skill repeatedly or habitually to improve one's proficiency therein)	rishta:مری
سفیدپوست		adj	white; white-skinned; caucasian	rishta:سفید
سیاه‌پوست		adj	black, black-skinned; African	rishta:سیاہ
توصیف کردن		verb	to describe	rishta:توصیف
نگاره		noun	chart	platts
نیایش		noun	praise	platts
آمرزیدن		verb	to forgive	rishta:زید
مفتون		adj	charmed, bewitched, spellbound	platts
چر		adv	why	platts
ثنویت		noun	duality	platts
مرتعش		adj	trembling	platts
مردم‌شناسی		noun	anthropology	rishta:اسی
کینه ورزیدن		verb	to hate	rishta:زید
ناحیه		noun	area, region, zone	platts
تحصیل کردن		verb	to study	rishta:تحصیل
تمام شدن		verb	to be completed, to be finished, to end	rishta:تمام
تمام کردن		verb	to complete, to finish	rishta:تمام
امیدوار بودن		verb	to hope	rishta:امید
پشیمان بودن		verb	to regret, to be sorry	rishta:مان
شاهد بودن		verb	to witness	rishta:شاہد
متعلق بودن		verb	to belong	rishta:تعلق
دراز کشیدن		verb	to lie down	rishta:دراز
زحمت کشیدن		verb	to labor, to toil, to work or try hard	rishta:زحمت
برگزیدن	بَرگُزیدَن	verb	to choose, to select	rishta:زید
هاردکور		adj	hardcore	rishta:ہار
پرانرژی		adj	energetic	rishta:ران
گوشتی		adj	fleshy	platts
اندرکنش بنیادی		noun	fundamental interaction	rishta:اندر
نیروی هسته‌ای قوی		noun	strong nuclear force	rishta:روی
نیروی هسته‌ای ضعیف		noun	weak nuclear force	rishta:روی
اندرکنش ضعیف		noun	weak interaction	rishta:اندر
اندرکنش قوی		noun	strong interaction	rishta:اندر
کوبیدن		verb	to beat, to pound, to thrash	rishta:بید
خال کوبیدن		verb	to tattoo	rishta:بید
دوست‌داشتنی		adj	lovable, lovely, likable	rishta:دوست
خنثی کردن		verb	to neutralize	rishta:کردن
یکتاپرستانه		adj	monotheistic	rishta:انہ
نژادپرستانه		adj	racist	rishta:انہ
سرپرست		noun	supervisor	rishta:سرپ
متوسط	مُتَوَسِّط	adj	medium, middle	platts
هیکل		noun	temple (house of worship)	platts
مکانیک کوانتوم		noun	quantum mechanics	rishta:مکان
تعجب کردن	تَعَجُّب کَردَن	verb	to wonder	rishta:تعجب
فرختن		verb	to sell	rishta:فرخ
ببا		noun	dad, daddy, father	platts
پش		noun	louse	platts
بەت		noun	duck	platts
سفی		adj	white	platts
دلپذیر		adj	nice, pleasant	rishta:پذیر
پسربچه		noun	little boy, lad	rishta:بچہ
دختربچه		noun	little girl	rishta:بچہ
تابیدن		verb	to shine	rishta:ابی
هاپو		noun	doggy	platts
علامت جمع		noun	plus sign	rishta:امت
علامت مساوی		noun	equal sign	rishta:اوی
علامت منها		noun	minus sign	rishta:امت
درشت		adj	big, large	platts
ریز		adj	small, minute	platts
ریزبین		noun	microscope	rishta:بین
شاهکار		noun	masterpiece	platts
رختن		verb	to pour	platts
بلوک		noun	cluster of villages or towns constituting a district under a province (ولایت) (pl. ـات)	platts
ماک		noun	colostrum	platts
جر		noun	cleft, fissure	platts
گنم		noun	wheat	platts
غل		noun	rolling, tumbling	platts
موشک		noun	missile	platts
اشتر		noun	archaic and Hazaragi form of شتر (šotor, “camel”)	platts
خرسند		adj	happy, content, satisfied, pleased	platts
گس		adj	acerb, acrid	platts
دراج		noun	francolin	platts
دیم		noun	face, visage	platts
مزار		noun	tomb	platts
بهرامی		adj	Martian	rishta:امی
سه‌بعدی		adj	three-dimensional	rishta:بعد
قانون‌گذار		noun	legislator	rishta:قانون
کارورزی	کاروَرزی	noun	internship	rishta:کار
تابلوی اعلانات		noun	notice board	rishta:انا
زیویدن		verb	to live	platts
زیواندن		verb	to make alive	rishta:وان
شنگ		noun	trunk of elephant (in Burhān-i-Qāṭiʿ.)	platts
یک بار دیگر		adv	once again	rishta:بار
نزدیک شدن به		verb	to approach	rishta:نزدیک
قار		noun	egret	platts
زرتشتی		adj	Zoroastrian	rishta:زرتشت
شروع کردن		verb	to begin, to start, to commence (something)	rishta:شروع
کر کردن		verb	(transitive) to hide, to conceal	rishta:کردن
ایواه		intj	pooh	rishta:واہ
سوشیانس		noun	Saoshyant	platts
سوشینت		noun	Saoshyant	platts
سوشیانت		noun	Saoshyant	platts
تغار		noun	tub, trough	platts
تجر		noun	winter house; storehouse	arbi
لوظ		noun	accent	platts
پسی		noun	boy	platts
گاش		noun	sheep barn	platts
کوم		noun	desire, wish	platts
کلپ		noun	beak (birds)	platts
گرس		noun	curl, ringlet	platts
پهلوی		adj	ancient, pre-Islamic; of or relating to the age of the Iranian heroes before Islam	platts
پاسدار		noun	guard, sentinel, watchman	platts
بدهی		noun	debt	platts
آمیریان		noun	a surname from Armenian	platts
تشکیلات		noun	organization(s)	rishta:شکیل
آوند		noun	vessel	platts
پیشوند		noun	prefix	platts
شباهنگام		adv	at night	rishta:اہنگ
مله		noun	swimming	platts
هجا		noun	syllable	platts
سنان		noun	spearhead, the iron on a lance or javelin or other weapon	platts
کیچه		noun	alley	platts
اوسن		adj	pregnant	platts
تور		noun	net	platts
آرت		noun	flour	platts
هنی		adv	still	platts
نهاز		noun	fear; awe	arbi
ترسن		verb	to be able; can	platts
گاب		noun	cow	platts
لیسه		noun	slug	arbi
لیک		noun	scream	platts
کنجر		noun	elephant	platts
مندن		verb	to remain	platts
بایستی		verb	should, ought to	platts
سپهر		noun	sky, heaven	platts
نامردانه		adj	uncourageous, unmanly	rishta:نام
بیرونی		adj	outer, external	platts
شبدیز		adj	black	rishta:بدی
خاصه		noun	peculiarity, characteristic, property	arbi
هجده		num	eighteen	platts
دیزی		noun	a type of persian clay pot	platts
آب‌گوشت		noun	abgusht	rishta:گوشت
آمادن		verb	to come, to arrive	platts
سرداب		noun	basement; underground dwelling; crypt	platts
امرو		adv	today	platts
اینه		noun	mirror	platts
ترسا		adj	Christian	platts
اوسار		noun	halter (for animals)	platts
اسپست		noun	alfalfa, lucerne	rishta:پست
اسپریس		noun	racecourse, hippodrome	platts
کرند		adj	of a yellowish red or light brown color; bay (especially of horses)	platts
ابرش		noun	spotted horse	platts
چرمه		noun	white horse	rishta:رمہ
خنگ		adj	dumb, stupid	platts
سمند		adj	Of a yellowish color (especially of horses).	platts
همو		adj	that very one	platts
سلط		noun	bucket	platts
دخدر		noun	daughter	platts
هشد		num	eight	platts
انگشد		noun	finger	rishta:انگ
پشد		noun	back	platts
شهمات کردن		verb	to checkmate	rishta:ہما
کارآگاه		noun	detective, investigator, sleuth	rishta:اگاہ
سپ		noun	cheek	platts
خارگیل		noun	durian	rishta:خار
منگ		noun	rust	platts
کرنجال		noun	crab (crustacean)	rishta:کرن
تیریک		noun	marble	platts
تفکه		noun	saliva	arbi
گولو		noun	cat	platts
شملی		noun	fenugreek	platts
خنج		noun	scratch (act of scratching)	platts
کازو		noun	peanut	platts
هیلو		noun	swing (hanging seat)	platts
فیت		noun	fist	platts
دومن		adv	downward, downwards	platts
اشکفتن		verb	to split	rishta:اشک
شکال		noun	prey	platts
اشتو		noun	hurry	platts
لیر		noun	sludge	platts
اسلیمی		noun	arabesque	platts
اسپل		noun	spleen	platts
آفری		intj	Herati form of آفرین (āfarīn /âfarin, “well done, bravo”)	platts
شاهنشاه		noun	shahanshah	arbi
کیمیاگر		noun	alchemist	rishta:اگر
آب زندگانی		noun	lit. water of life; Ab-i Hayat, elixir of life	rishta:گان
شافتک		noun	whistle (act of whistling)	rishta:افت
دورو		adj	two-faced, two-sided	platts
شونم		noun	dew	platts
توه		noun	frying pan	platts
چش		noun	eye	platts
خوره		noun	leprosy	platts
آذرآبادگان		noun	fire temple	rishta:ذرا
نول		noun	the outer part of the mouth; a beak, bill	platts
توأم		adj	twin	platts
تلو		noun	thorn	platts
نواختر		noun	nova	rishta:اختر
ابرنواختر		noun	supernova	rishta:ابر
اخترمار		noun	astronomer	rishta:اختر
ستاره‌شناس		noun	astronomer	rishta:ستارہ
شه		intj	fie	platts
خنه		noun	house	platts
شکمی		adj	abdominal	platts
شکمبه		noun	rumen	rishta:شکم
پ.ن		noun	P.S.	platts
تفور		noun	clay; earthenware	platts
مرخ		noun	a particular tree	platts
خرنج		noun	scratch (act of scratching)	platts
آسیو		noun	mill	rishta:اسی
بختن		verb	to sift	rishta:بخت
پار		noun	jump	platts
بلگ		noun	leaf	platts
بارو		noun	rampart, bulwark	platts
وایشتن		verb	to return	platts
واگشتن		verb	to return	platts
بیدن		verb	to be (See the Usage Notes)	platts
مغرب‌زمین		noun	the West	rishta:بزم
افغانی		adj	Afghan	platts
کنده		noun	moat	arbi
خوشنویسی		noun	calligraphy	rishta:ویسی
خوشنویس		noun	calligrapher	rishta:خوش
میخی		adj	cuneiform	platts
ماهور		noun	dune	platts
ترسایی		noun	Christianity	platts
نخون		noun	nail, fingernail	platts
دوما		noun	bridegroom	platts
زیرشیروانی		noun	attic	rishta:رشی
بادگیر		noun	windcatcher	platts
چندضلعی		noun	polygon	rishta:ضلع
کاریز		noun	qanat, karez	arbi
نزد		prep	near, by, next to	platts
چوگان		noun	crosier	rishta:گان
ایستگاه اتوبوس		noun	bus stop	rishta:اہا
قربک		noun	frog	arbi
تراشتن		verb	to shave	rishta:ترا
مصمم		adj	resolved, having made up one's mind	arbi
کالواس		noun	kielbasa	platts
کلنت		noun	pick, pickax(e)	platts
واژه‌نامه		noun	dictionary	rishta:نام
مشهود		adj	evident, obvious	arbi
نومد		contraction	did not came	platts
غریبه		noun	stranger	arbi
دلاک		noun	attendant or waiter at a Turkish bath	platts
کلون		noun	latch	platts
چت		noun	roof, ceiling	platts
امس		noun	yesterday	platts
شیطان‌پرستی		noun	Satanism	rishta:رستی
خوردنی		adj	edible	platts
پس از		prep	after	rishta:ساز
گرمابه		noun	hammam, bath	rishta:گرم
پیوست		noun	attachment	platts
کذایی		adj	so-called	platts
چوبدست		noun	walking stick, cane	rishta:دست
طائر		noun	bird	platts
پیوستن		verb	to join; to unite with	platts
اتفاق افتادن		verb	to occur, to happen	rishta:افت
رخ دادن		verb	to occur, to happen	rishta:خدا
روی دادن		verb	to occur, to happen	platts
رخداد		noun	event	rishta:خدا
سه‌ماهه		noun	quarter, trimester	rishta:ماہ
قالیچه پرنده		noun	magic carpet	rishta:رند
مانستن		verb	to resemble	rishta:انس
هیچ		adj	tiny, insignificant, inconsiderable	platts
نیست		adj	annihilated	platts
نشانگان آسپرگر		noun	Asperger's syndrome	rishta:شان
بیگ مک		noun	Big Mac	rishta:بیگ
صاعقه		noun	lightning, thunderbolt	platts
زرناپا		noun	giraffe	rishta:اپا
کیله		noun	a measure (unit of measurement)	platts
چغاله		noun	unripe fruit	rishta:الہ
صدق		noun	truth, sincerity	platts
پسین‌فردا		noun	two days after tomorrow	rishta:ردا
پس پریروز		noun	two days before yesterday	rishta:روز
پسین‌فرداشب		noun	two nights after tomorrow	rishta:ردا
آونگ		noun	pendulum	platts
اندیشیدن		verb	to think, to reflect, to meditate	rishta:اندیشی
تندیس		noun	statue	rishta:دیس
طغرا		noun	tughra	platts
پایزه		noun	paiza	rishta:ایزہ
پیروز		adj	victorious, triumphant	platts
از یک طرف		adv	on the one hand (literally: from one side)	rishta:طرف
از طرف دیگر		adv	on the other hand, then again	rishta:دیگ
هیس		intj	shh	platts
خسروانی		adj	royal	platts
نمو		noun	growth, development	platts
پیک		noun	messenger, courier	platts
نشادر		noun	ammonium chloride, sal ammoniac	platts
کماندار		noun	archer, bowman	rishta:دار
ورد		noun	rose	platts
آهوپای		noun	muqarnas	platts
مصاحبه		noun	interview	rishta:صاحب
یکدیگر		pron	each other, one another	platts
استفهام انکاری		noun	A rhetorical question in which the speaker means to say the answer is negative.	rishta:انکار
انعکاس		noun	reflection	platts
همدیگر		pron	each other, one another	rishta:دیگ
فاعل		noun	subject	platts
چه کسی		pron	who	rishta:کسی
ماندگار		adj	permanent, eternal	rishta:مان
بازرگان		noun	merchant, trader	platts
پرتگاه		noun	precipice, cliff	rishta:گاہ
سپنتا		adj	holy	platts
بازرگانی		noun	merchandise, trade	platts
توهم		noun	illusion	arbi
زال		noun	albino	platts
جوزا		noun	twins	platts
غره		adj	arrogant, proud	platts
تعارف کردن		verb	to practice ta'arof; to be polite and deferential, to compliment or flatter; to be generous, to serve or offer	rishta:عارف
همه‌چیز		pron	everything	rishta:چیز
واسه		prep	for, by reason of, for the sake of	platts
نجوا		noun	whisper	platts
به‌آفریدی		noun	follower of Behafarid, an 8th-century Zoroastrian who started a religious peasant revolt	rishta:فرید
وظیفه		noun	duty, obligation; task	arbi
گوسان		noun	gusan	platts
تازیک		noun	Arab; Arabic	arbi
به سلامت		intj	goodbye	rishta:امت
برزخ		noun	barzakh	platts
سده		noun	century	arbi
کنگر		noun	thistle (Cirsium et Carduus spp.)	platts
اتراق کردن		verb	to lay over	rishta:ترا
اتراق		noun	the act of laying over	platts
متحیر کردن		verb	to surprise or amaze	rishta:کردن
نشانه سجاوندی		noun	punctuation mark	rishta:سجا
دانشکده		noun	college	rishta:دانش
فلان		noun	so-and-so, such-and-such; a generic placeholder name, used when one does not wish to specify a name.	platts
بهمان		noun	so-and-so	arbi
کهربا		noun	amber	arbi
عشاق‌نامه		noun	love letter	rishta:نام
بهاریه		noun	bahariyye	arbi
شاعرانه		adj	poetic, poetical	platts
غیرفصیح		adj	ineloquent, inarticulate	rishta:غیر
راجع به		prep	regarding, about	rishta:راج
پراکندگی		noun	dispersion	rishta:کند
حسب‌حال		noun	autobiography	rishta:حال
شر و ور		noun	nonsense	platts
روزبه		adj	daily fortunate, happier every day	rishta:روز
شکوفه		noun	flower, blossom, bloom	arbi
برخوردار		adj	enjoying the profits from; possessing (something good)	platts
برگشادن		verb	synonym of گشودن	rishta:شاد
ورزا		noun	ox	platts
امرار معاش کردن		verb	to make a living	rishta:اشک
کرد		noun	nomad	platts
کلیک کردن		verb	to click	rishta:کردن
به تازگی		adv	recently	rishta:بہت
مطلع		adj	informed, aware	platts
الگو		noun	pattern	platts
به کار بردن		verb	to use	rishta:ارب
دیار		noun	country, land	platts
بکر		noun	virgin	platts
هراتی		adj	Herati	platts
تکرار کردن		verb	to repeat	rishta:تکرار
فرداشب		noun	tomorrow night	rishta:ردا
به خودی خود		adv	per se, by itself	rishta:خود
موقت		adj	temporary, provisional	platts
لفاف		noun	envelope, wrapping, covering	arbi
گفتمان		noun	discourse	rishta:مان
قرض دادن		verb	to lend	rishta:قرض
دنبال ... بودن		verb	to be looking for something; to be after	rishta:بال
سیمین		adj	silver, silvery	platts
کاک		noun	a kind of layered pastry	platts
داروغه		noun	daroga, police chief	platts
جغه		noun	synonym of بته جقه (botte jeqqe)	platts
جقه		noun	synonym of بته جقه (botte jeqqe)	arbi
رصدخانه		noun	observatory	rishta:خان
فرگرد		noun	chapter (of a book), fargard	rishta:گرد
هامون		noun	plain, level ground	platts
مانی		noun	great painter (one as great as Mani, who illustrated the Arzhang)	platts
پارسا		adj	pious; devout	platts
پدرام		adj	joyous	rishta:رام
میل داشتن	مِیْل داشْتَن	verb	to want, to like, to desire	rishta:میل
پژوهشگر		noun	researcher	rishta:پژوہش
سخت‌کوش		adj	hardworking, diligent	rishta:سخت
کویر		noun	dry lake	platts
چنار		noun	poplar	platts
رئیس‌جمهور		noun	president	rishta:رییس
تکواندو		noun	taekwondo	platts
کشتی فرنگی		noun	Greco-Roman wrestling	rishta:رنگ
کشتی گرفتن		verb	to wrestle	rishta:کشتی
بادیان		noun	fennel	platts
دل به دریا زدن		verb	to risk	rishta:دریا
آبزن		noun	bath, pool	platts
تظاهر		noun	pretending, feigning, dissimulation	arbi
آوازه		noun	fame	arbi
قهوه ترک		noun	Turkish coffee	rishta:ترک
شکل دادن		verb	to form, to give shape	rishta:شکل
شکل گرفتن		verb	to form, to take shape	rishta:شکل
سکس دهانی		noun	oral sex	rishta:دہان
بد آمدن		verb	to dislike; see Usage notes	rishta:امد
مزخرف		adj	golden, decorated, prettified	arbi
اینقدر		adv	this much; so much	platts
سربازخانه		noun	barracks	rishta:خان
خسته‌خانه		noun	hospice	rishta:خان
دستشویی	دَسْتْشویی	noun	sink, washbasin	rishta:دست
آنقدر		adv	that much	platts
تقیه		noun	taqiyya	arbi
انسان کامل		noun	Insan-i Kamil	rishta:کام
عمه		noun	paternal aunt	platts
شوهرخاله		noun	husband of maternal aunt	rishta:الہ
دفن کردن		verb	to bury	rishta:دفن
انجام دادن		verb	to do, to perform	rishta:جام
دنبال ... گشتن		verb	to be looking for	rishta:الگ
سه‌تار		noun	setar	rishta:تار
عجم		noun	Persian; Iranian; Ajam	platts
یکبار		adv	once	platts
قرآنی		adj	Quranic	platts
خود را گول زدن		verb	to deceive oneself	rishta:خود
به زبان آوردن		verb	to bring up, to mention	rishta:اور
به یاد آوردن	بِه یاد آوَرْدَن	verb	to remember, to recall	rishta:اور
سعی کردن		verb	to try (takes a secondary verb in the subjunctive)	platts
عباسی		adj	Abbasid	platts
هم‌اکنون		adv	right now	rishta:ہما
کاربرد		noun	use, usage, application	platts
دارا بودن		verb	to have, to possess (lit. to be possessor of)	rishta:ابو
خدا را شکر		intj	thank God	rishta:اشک
تکیه‌گاه		noun	any object which provides support for another; prop	rishta:تکیہ
مبنا		noun	foundation, base, basis	arbi
وحشتناک		adj	horrible, terrible, awful	rishta:وحشت
به نظر آمدن		verb	to seem, appear	rishta:نظر
پارو		noun	shovel	platts
گرون		adj	expensive	platts
چنان		adj	such as that	platts
تصوف		noun	Sufism	arbi
این‌ها		pron	these	platts
همکاری کردن		verb	to cooperate	rishta:اری
پیچیدن		verb	to twist	platts
به جای		prep	instead of	arbi
سار		noun	starling	platts
تجمل		noun	luxury, sumptuousness, glitz	arbi
خواب بردن		verb	to fall asleep	rishta:خواب
هر دو		pron	both	platts
تماس		noun	contact	platts
تجدید		noun	renewal	arbi
قابل‌فهم		adj	understandable	rishta:فہم
غیررسمی		adj	unofficial	rishta:غیر
هیچ‌کدام		pron	neither, none	rishta:دام
برشمردن		verb	to enumerate	rishta:برش
در هر حال		adv	anyway, anyhow	rishta:حال
انگشت پا		noun	toe	rishta:انگ
کالبدشناسی		noun	anatomy	rishta:اسی
استراحت کردن	اِستِراحَت کَردَن	verb	to rest	rishta:ترا
اماکن		noun	broken plural of مکان (makān /makân)	platts
سوراخ بینی		noun	nostril	rishta:بین
نوروزی		adj	of or pertaining to Nowruz	rishta:نور
شبانگاه		noun	nightfall	rishta:نگاہ
سرودن	سُرودَن	verb	to sing, chant	platts
سراینده		noun	composer (of words)	rishta:ایندہ
توجه کردن		verb	to pay attention; to concentrate	rishta:وجہ
خواهش کردن		verb	to request	rishta:خواہش
یقین داشتن		verb	to be sure, to be certain	rishta:یقین
حیف		noun	pity, shame	platts
چمباتمه زدن		verb	to squat	rishta:بات
پس‌فرداشب		noun	the night after tomorrow	rishta:سفر
پریشب		adv	the night before last	rishta:پری
قزاق		noun	pirate, buccaneer, corsair	arbi
خرفت		noun	idiot, fool, dolt, imbecile	arbi
بازداشت		noun	arrest, detention	rishta:باز
بهاری		adj	vernal, pertaining to spring	platts
مربوط به آینده		adj	futuristic	rishta:ایندہ
بیهوده		adj	ineffective, useless, futile, pointless, trivial	rishta:ہود
صدمه دیده		adj	damaged; injured	rishta:دید
عقیده		noun	belief, creed	arbi
مهاراجه		noun	maharaja	rishta:ہار
شباهنگ		noun	bulbul, nightingale	rishta:اہنگ
ازبکی		adj	Uzbek	arbi
راجستانی		adj	Rajasthani	rishta:جست
ولسوالی		noun	a sub-division of ولایت (wilāyat): district	platts
آهنگین		adj	musical, melodic	rishta:اہنگ
تمییز دادن		verb	to distinguish	rishta:میی
شیشه جلو		noun	windscreen, windshield	rishta:شیشہ
برای اینکه		conj	because	rishta:ایا
قلیا		noun	alkali	platts
رعیت		noun	commoner, subject	platts
تیشه		noun	hatchet	platts
هیچ‌گاه		adv	never, never before	rishta:گاہ
فریبا		adj	charming; seductive	rishta:ریب
هیزم		noun	firewood	arbi
مزرعه		noun	farm	arbi
بوران		noun	blizzard, snowstorm	platts
اکسیر		noun	elixir	platts
توجیه		noun	justification	arbi
خوش‌تیپ		adj	handsome	rishta:خوش
خاتم		noun	a drawing	arbi
آدمکش		noun	assassin, murderer	arbi
جوش دادن		verb	to weld	rishta:جوش
آزمایش واحد		noun	unit test	rishta:ازمایش
کلوچه		noun	cookie	rishta:کلو
لحیم کردن		verb	to solder	rishta:کردن
نسبی‌گرایی فرهنگی		noun	cultural relativism	rishta:ایی
انسان‌شناسی		noun	anthropology	rishta:اسی
انسان‌شناس		noun	anthropologist	rishta:انس
انسان‌شناسی فرهنگی		noun	cultural anthropology	rishta:اسی
آنگاه		conj	then	platts
ناگهان		adv	suddenly	rishta:ناگ
ناگه		adv	synonym of ناگهان	platts
یکدفعه		adv	suddenly	rishta:دفعہ
تکان خوردن		verb	to quake, to shake	rishta:کان
کماکان		adv	still	rishta:اکا
هماهنگی		noun	harmony, coordination	rishta:اہنگ
کمند		noun	lasso, noose	rishta:مند
کرایه		noun	rent, fee for using another's property:	platts
مساعد		noun	favorable, propitious	platts
ترابری		noun	transportation	platts
حمل و نقل		noun	transportation	rishta:حمل
رنگ‌آمیزی		noun	coloring	rishta:امی
پندار		noun	thought	platts
احیانا	احیاناً	adv	possibly, by any chance	platts
اعدام		noun	execution (killing)	platts
اعدام کردن		verb	to execute (kill)	rishta:دام
مغ	مُغ	noun	magus	platts
غژگاو		noun	yak	rishta:گاو
والسلام		intj	that's that, end of story, period	rishta:الس
ترفیع		noun	promotion	platts
شکستنی		adj	breakable	rishta:شکست
قشنگی		noun	beauty; elegance	platts
فرار کردن		verb	to escape, to flee	rishta:کردن
غیرقابل‌فهم		adj	unintelligible	rishta:غیر
شکننده	شِکَنَنده	adj	breakable, fragile	rishta:نند
برگرداندن		verb	to return (something), give back, hand back; send back	rishta:گرد
ترجیح دادن	تَرجیح دادَن	verb	to prefer; would rather...	rishta:ترجیح
شانه‌بسر		noun	hoopoe	rishta:شان
پوپک		noun	hoopoe	platts
گدار		noun	ford, gorge	platts
نشئه		adj	drunk, intoxicated	platts
قرمطی		noun	Qarmatian	platts
خرف		adj	senile	platts
خواب‌آور		noun	soporific (a medication that induces sleep)	platts
آشفته		adj	disturbed, distressed, disquieted, flustered, upset, troubled	arbi
دلفریب		adj	lovely, enchanting, endearing, charming, seductive	rishta:ریب
مصون		adj	immune, exempt	platts
زنبق		noun	the flower iris	arbi
عامیانه		adj	colloquial	platts
فیلمی		adj	of a film	platts
طعم		noun	taste	platts
مادیان		noun	mare; the female of a horse and sometimes other equine animal	platts
کز		contraction	از که	platts
جعل		noun	forgery, counterfeit	platts
جامه‌دان		noun	suitcase, portmanteau	rishta:جام
خاموش کردن		verb	turn off, switch off	rishta:خاموش
کلنگ		noun	pickaxe	rishta:لنگ
هجران		noun	a separation or remoteness from one's friend, beloved, or homeland	arbi
دردمند		noun	sick, ill	rishta:درد
چایدان		noun	tea caddy (a box, jar, pot, or tin used to store tea leaves)	platts
تک‌زنگ زدن		verb	to call a mobile phone and let it ring once (usually to tell the other person to call back, or to let the othe	rishta:زنگ
کبود		adj	blue-gray	platts
مهمان‌پرست		adj	hospitable, guest-friendly	rishta:ہما
بختیار		adj	auspicious, lucky	platts
خواستار		adj	wishful; requesting	platts
آرزومند		adj	wishful, desirous; eager	rishta:ارزو
ناگفتنی		adj	unspeakable	rishta:ناگ
یواش یواش		adv	gradually, slowly	platts
زیگ		noun	cord	arbi
تکوک		noun	rhyton	platts
نردشیر		noun	backgammon	rishta:شیر
تخته نرد		noun	backgammon	rishta:تخت
کرفس		noun	celery	arbi
نکونام		adj	of good repute	rishta:نام
غیرنفتی		adj	non-oil	rishta:غیر
قبا		noun	Quva (a city in Uzbekistan)	platts
له		adj	crushed, smushed	platts
زره		noun	armour	arbi
گنجور		noun	treasurer	rishta:جور
لوکوموتیو		noun	locomotive	rishta:موت
جذاب		adj	attractive	arbi
لرزیدن		verb	to shiver, to shudder; to shake, to tremble	rishta:زید
یاسا		noun	Yassa	rishta:یاس
سنج		noun	cymbal	platts
بلعیدن		verb	to swallow, to devour	platts
تصحیح	تَصْحیح	noun	correction	arbi
میزراه		noun	urethra	arbi
می‌گم		intj	so (used after a pause for thought to introduce a new topic, question or story)	arbi
بی‌وقفه		adj	uninterrupted, continuous	rishta:وقف
اولویت		noun	priority	platts
خزیدن		verb	to crawl, to creep	platts
ظریف		adj	subtly elegant, graceful	platts
حقیقی	حَقیقی	adj	real, actual	arbi
پیکربندی		noun	configuration	rishta:بند
وضعیت		noun	situation	platts
خط کرسی		noun	baseline	rishta:رسی
دریاسالار		noun	admiral	rishta:دریا
عموم		noun	public, community	platts
لزوما	لزوماً	adv	necessarily	platts
پرطرفدار		adj	popular (liked by many people)	rishta:دار
ننه		noun	mother	arbi
گاز طبیعی		noun	natural gas	rishta:طبی
حرفه		noun	career, profession	arbi
زاق		noun	the young of anything	arbi
تلاش		noun	effort	platts
عارض		noun	plaintiff; complainant	platts
مایه		noun	stuff, matter, substance, essence	platts
کازه		noun	hut; cottage	arbi
کاشانه		noun	small house	rishta:شان
تقیه کردن		verb	to practice taqiyya	rishta:کردن
ملوس		adj	cuddly	platts
تاک		noun	grapevine	platts
بی‌صدا		adj	silent, mute	platts
دوران		noun	circulation, rotation	platts
متشکل		adj	organized, formed, constituted of	arbi
نزاع		noun	dispute, quarrel, fight; (especially) street fight, brawl	platts
ترف		noun	qurut, kashk, black kashk	platts
یاسه		noun	yearning	platts
تنیدن		verb	to spin (a thread, a web, a cocoon, etc.)	platts
نیوشا		adj	receptive	platts
کلاه‌گیس		noun	wig	rishta:کلا
کرته		noun	tunic, kirtle	arbi
سپهسالار		noun	sipahsalar	rishta:سال
علت	عِلَّت	noun	cause, reason	platts
تالاب		noun	wetland	platts
خوتکا		noun	teal	platts
کولاک		noun	storm	platts
شناسایی		noun	recognition, identification	platts
ابزار		noun	tool, instrument, implement	platts
فرانک		noun	synonym of پروانه	arbi
آمارگر		noun	amargar	platts
آسیاب		noun	mill	platts
فوت کردن		verb	to pass away	rishta:کردن
گست		adj	disgusting, nasty	platts
فلاخن		noun	sling (weapon)	platts
کلیچه		noun	disk	rishta:کلی
ناب		adj	pure	platts
بزه		noun	sin	arbi
فرز		adj	fast, quick, brisk	platts
برده		noun	slave	platts
توسی		adj	light grey	platts
ناودان		noun	gutter, drainpipe	platts
گاتا		noun	Gatha	platts
پند		noun	knack, trick, gimmick	platts
سریدن		verb	to slide; to slip	platts
قرنفل		noun	carnation (flower)	arbi
ماسه	ماسِه	noun	sand, gravel	arbi
تاجور		noun	king	arbi
تکفور		noun	Armenian king, particularly those of Cilician Armenia	arbi
شوره		noun	nitrous earth; saltpetre	platts
جید		noun	long, slender, beautiful neck	platts
سیارک		noun	asteroid	platts
پازن		noun	ibex	platts
رسیدگی		noun	investigation, examination	rishta:سید
پهن		adj	wide, broad	platts
مجدد		adj	renewed, repeated, revised	arbi
تشی		noun	porcupine	platts
ترک ترک		noun	leaving, desertion	rishta:ترک
عجله		noun	hurry, haste	platts
هرج		noun	riot	platts
مرج		noun	confines	platts
بابونه		noun	camomile	rishta:ابو
تنک		adj	thin	platts
آذرخش		noun	lightning	arbi
آهار		noun	food	platts
فاش		adj	open, obvious	platts
دالان		noun	hall, corridor, vestibule	platts
ازناور		noun	a great lord	arbi
جنگاور		noun	warrior	rishta:اور
بریان		adj	grilled; roasted	platts
جنبیدن		verb	to shake, quiver, vibrate	rishta:بید
بایست		verb	must, had to	platts
چغرات		noun	dripped yogurt	rishta:رات
تمب		noun	hill	platts
برزکوه		noun	high mountain	rishta:زکوہ
مومیایی		adj	of or pertaining to a mummy	platts
حوزه		noun	sphere	arbi
یدک		noun	led horse	platts
خرامیدن		verb	to strut, prance	rishta:امید
رشتن		verb	to color, to dye	platts
آماسیدن		verb	to swell	platts
پژمردن		verb	to wither, to fade	rishta:مرد
سرشتن		verb	to knead	rishta:سرشت
نحو		noun	syntax	platts
ابرنجک		noun	lightning	rishta:ابر
تخریب		noun	destroying, destruction; devastation	arbi
وجهه		noun	side, direction	arbi
جایگزین		noun	surrogate, substitute, replacement	rishta:زین
کف		noun	foam	platts
گشایش		noun	opening; act of becoming open	platts
گرامی		adj	precious, excellent	platts
ضمن		noun	content	platts
توسعه		noun	development, extension, expansion	platts
بنابراین	بِنابَراین	adv	thus, therefore	rishta:برا
حجم		noun	volume, bulk, mass, magnitude	arbi
شکیفتن		verb	to be patient, wait	rishta:شکی
پراکندن		verb	to scatter, disperse	rishta:کندن
آغشتن		verb	to soak, steep	platts
مقاوم		noun	opponent	platts
خشن		adj	rough, rude, coarse, harsh	platts
تافتن		verb	to twist	rishta:افت
نهادن		verb	to put; to place; to lay; to set	platts
نوین		adj	new	platts
شوید		noun	dill	platts
لوز		noun	almond	platts
قلمرو		noun	realm, dominion; territory; jurisdiction	rishta:قلم
تضمین		noun	guarantee	arbi
توزیع		noun	distribution	platts
ویراستن		verb	to arrange, prepare	platts
قلمدان		noun	pen box	rishta:قلم
تحلیلگر		noun	analyst	rishta:لیل
ملوان		noun	sailor	platts
توسکا		noun	betulaceous tree, alder or birch (whereof the disyllables more often alder and the monosyllables birch)	platts
نغز		adj	good	platts
تفسیدن		verb	to become hot	rishta:سید
ناچخ		noun	A medieval polearm, a halberd	platts
نیوشیدن		verb	to listen; to accept	platts
شادمان		adj	happy; jubilant; glad of mind	platts
ژوژ		noun	hedgehog	arbi
بخشودن		verb	to forgive, pardon, have mercy	rishta:بخش
پیوسیدن		verb	to hope	platts
ستردن	سِتُردن	verb	to wipe	platts
زدودن		verb	to remove (dirt, an impurity, body hair, etc.)	platts
توبره		noun	bag, sack	arbi
شنوشه		noun	sneeze	rishta:نوش
اشکفت		noun	cave	rishta:اشک
سکیزیدن		verb	to jump, leap	rishta:زید
بازشناختن		verb	to recognize	rishta:باز
فرناس		adj	unaware, oblivious	arbi
نوش‌دارو		noun	elixir	platts
کامستن		verb	to wish, to desire	rishta:مست
تاوستن		verb	to endure	arbi
سهستن		verb	to seem	rishta:سہس
درود بر تو		intj	well-being to you, peace to you, peace be upon you	rishta:برت
گرویدن		verb	to convert, come to faith	platts
پژوهیدن		verb	to examine, to investigate, to research	rishta:وہی
اوان		noun	time, season	rishta:وان
وخشیدن		verb	to grow, to wax	platts
بامی		adj	beaming, radiant, brilliant, shining	platts
توژ		noun	birchbark	platts
ناژو		noun	pine tree	platts
ژیگول		noun	dandy, beau	rishta:گول
غسل کردن		verb	to take a bath, take a shower, bathe.	rishta:غسل
کپسول		noun	capsule	rishta:پسو
ریه		noun	lung	platts
مویرگ		noun	capillary	platts
سرزنده		adj	lively	rishta:زندہ
کالنگ		noun	clam	rishta:لنگ
داس		noun	sickle	platts
اشتلم		noun	violence	platts
شناور		adj	floating	platts
کاسب	کاسِب	noun	merchant, shopkeeper, tradesman	platts
کاسبی		noun	business of trading	platts
تالاسمی		noun	thalassemia	arbi
فرمانده		noun	commander, general	platts
کارگردان		noun	director, producer	rishta:گرد
رسانه		noun	media; media outlet	rishta:انہ
ارباب		noun	boss	platts
پیکار		noun	battle	platts
مملو		adj	full	arbi
خشاب		noun	magazine, ammunition clip	platts
داروساز		noun	pharmacist	platts
داروسازی		noun	pharmaceutics, pharmacy (science of medicinal substances)	platts
ملافه		noun	bedsheet	arbi
تنبیه		noun	reprimand, reproach, warning	arbi
پولیو		noun	polio	platts
فلج اطفال		noun	poliomyelitis	rishta:اطفال
فلج		noun	paralysis, palsy	arbi
قضاوت		noun	verdict; judgement	rishta:قضا
پایبند		adj	faithful, adherent, committed, bound	rishta:بند
پولادی		adj	made of steel	platts
جه		noun	Kabuli and Hazaragi form of جا	platts
بزرگ‌امید		noun	hopeful	rishta:امید
تشک		noun	mattress, pad	platts
سنگک		noun	small stone	rishta:سنگ
سوخ		noun	onion	platts
مروزی		noun	a person from Merv	arbi
مار در آستین پروراندن		verb	to nourish a viper in one's bosom	rishta:راستی
مولانا		noun	maulana; a title for religious scholars, most famously held by the poet Rumi	platts
لام		noun	27th letter in the Persian alphabet (ل)	platts
شهریه		noun	tuition	arbi
افسردگی		noun	depression	rishta:سرد
هشدار		noun	warning	platts
شهروند		noun	citizen	rishta:شہر
شهروندی		noun	citizenship	rishta:شہر
سقوط	سُقوط	noun	fall, falling, downfall	platts
ساربان		noun	caravanner, caravaneer (leader of caravan)	rishta:ارب
ریاضی‌دان		noun	mathematician	platts
کبد		noun	liver	platts
پلکان		noun	stairs, staircase	platts
داشن		noun	gift, present, donation	platts
قلمبه		noun	lump	rishta:قلم
کومه		noun	heap, mound	arbi
نیاز داشتن		verb	to need, to require	rishta:نیا
رمق		noun	last breath (of life)	platts
رویکرد		noun	approach	platts
تأمل	تَأَمُّل	noun	consideration; reflection; contemplation	platts
کولتور	کُولْتُور	noun	culture	platts
گرداب		noun	whirlpool	arbi
سرود		noun	anthem	platts
سفره‌خانه		noun	A traditional-style Iranian restaurant, where guests are seated on individual raised platform areas covered wi	rishta:سفر
گروگان		noun	hostage	rishta:روگ
سنبله		noun	ear of corn	rishta:بلہ
گروگان‌گیر		noun	hostage-taker	rishta:انگ
گروگان‌گیری		noun	hostage-taking	rishta:انگ
شایعه		noun	rumour	platts
تاپه		noun	stamp, seal	rishta:تاپ
کوچ		noun	migration (originally of nomadic tribes, now generally)	platts
سوخت		adj	burnt	platts
سریع‌السیر		adj	express (train etc.)	rishta:الس
تضاد		noun	opposition, being contrary, being in conflict	arbi
سند		noun	document, deed	platts
ضعف		noun	weakness	platts
همه‌پرسی		noun	referendum	rishta:رسی
رأی‌دهنده		noun	voter	rishta:ہند
نظرسنجی		noun	opinion poll	rishta:نظر
گردنا		noun	spit, skewer	platts
گاماس		adv	slowly	arbi
الوس		noun	white horse	platts
نبید		noun	wine	platts
شرنگ		noun	colocynth	platts
کاس		noun	hog	platts
سینه‌بند		noun	bra	rishta:بند
پستان‌بند		noun	bra	rishta:پست
پستانک		noun	dummy, binky, pacifier (a plastic or rubber teat used to soothe or comfort a baby)	rishta:پست
اسبه		noun	dog	platts
جالیز		noun	A vegetable patch; vegetable garden	arbi
آکج		noun	hook	platts
کانا		adj	stupid, foolish	platts
انتفاعی		adj	for-profit	platts
ساستا		noun	tyrant	platts
نخست‌وزیر		noun	prime minister	rishta:نخست
موافقت‌نامه		noun	agreement	rishta:نام
زن‌ستیزی		noun	misogyny	rishta:تیز
زند		noun	Zand (member of the Zand tribe)	platts
نگندن		verb	to bury	rishta:گند
گردباد		noun	whirlwind, tornado	rishta:گرد
کندو		noun	beehive	platts
نجات		noun	salvation, saving	platts
پایستن		verb	to remain	platts
پانید		noun	condensed juice of sugarcane, syrup, molasses	platts
ذره‌بین		noun	magnifying glass	rishta:بین
سام		noun	fire	platts
اندودن		verb	to besmear	platts
حل کردن		verb	to dissolve	rishta:کردن
تلقی کردن		verb	to regard	rishta:کردن
تلقی		noun	receiving	platts
موقعیت		noun	position, situation	platts
اقتضا کردن		verb	demand	rishta:کردن
موثق		adj	reliable, trustworthy	platts
مهار		noun	halter, longe, bridle	platts
مناقشه کردن		verb	to dispute, quarrel	rishta:منا
یارستن		verb	to be able to	platts
ستور		noun	pack animal, beast of burden	platts
نیان		noun	hidden treasure	platts
فرارون		adj	forward	platts
لاغ		noun	joke, jest	platts
اشتباه لپی		noun	slip of the tongue	rishta:اشتباہ
اقتضا		noun	unhamzated form of اقتضاء (“exigency, demand”)	arbi
بحبوحه		noun	middle part	arbi
لاف		noun	boast	platts
سپریغ		noun	bunch (of grapes or dates)	rishta:پری
غژب		noun	a grape	arbi
کخ		noun	goblin, bogey	platts
نشپیل		noun	fishing rod	rishta:پیل
مزنه		noun	cloud; rain cloud	arbi
شفک		adj	shabby; mean	arbi
باخه		noun	turtle, tortoise	arbi
سندان		noun	anvil	platts
سکان		noun	rudder	platts
وسناد		prep	because of, on account of	platts
خنیاگر		noun	entertainer	platts
خنیا		noun	music	platts
هسر		noun	ice	platts
برف‌روب		noun	snow plough	rishta:برف
شهرک‌سازی		noun	town-building, the construction of (small) towns	rishta:ساز
شهرک		noun	town	rishta:شہر
انتقاد کردن		verb	to criticise	rishta:انت
جشنواره	جَشْنْوارِه	noun	festival	rishta:جشن
جبهه		noun	front, face, façade	arbi
تازیانه		noun	whip	rishta:انہ
شفتالو		noun	nectarine	platts
کروگر	کَروگَر	noun	creator	rishta:کرو
مجسمه‌ساز		noun	sculptor	rishta:ساز
مجسمه		noun	sculpture (work of art created by sculpting), statue	arbi
مجسمه‌سازی		noun	sculpture	rishta:ساز
ادامه		noun	continuation	arbi
موسیقی‌دان		noun	musician	rishta:قید
دروازه‌بان		noun	goalkeeper	rishta:دروازہ
آتش‌نشانی		noun	fire brigade	rishta:شان
آتش‌نشان		noun	firefighter, fireman, firewoman	rishta:شان
لوید		noun	cauldron	platts
مقتول		noun	murdered person, killed person	rishta:تول
سربند		noun	headband	rishta:بند
پیاده‌رو		noun	pavement	rishta:دہر
پمپ بنزین	پُمْپِ بِنْزین	noun	petrol station, garage	rishta:زین
حس		noun	sense	platts
دست‌فروش		noun	pedlar, peddler	rishta:دست
رقص باله		noun	ballet	rishta:صبا
باله		noun	fin	arbi
خانه‌دار		noun	househusband or housewife, homemaker (US)	rishta:خان
ورتاج		noun	mallow	arbi
خوید		noun	seedling	platts
شکستگی		noun	fracture	rishta:شکست
نمک‌سود		adj	salted, salt-cured	arbi
شمر		noun	pond	platts
اسیدپاشی		noun	acid attack	rishta:اسی
خجالتی		adj	shy	rishta:جال
خجالت		noun	embarrassment; shame; bashfulness; shyness	rishta:جال
جواهرفروش	جَواهِرفُروش	noun	jeweller	rishta:واہ
جواهرفروشی		noun	jeweller's, jewellery shop	rishta:واہ
جواهر		noun	jewel, jewellery	platts
جواهری		noun	jeweller's, jewellery shop	platts
بین التعطیلین		noun	a day that falls between two holidays and becomes an unofficial holiday	rishta:بین
دسته چک	دَسْتِهٔ چِک	noun	chequebook	rishta:دست
کوک کردن		verb	to tune	rishta:کردن
خرک		noun	A small donkey.	platts
یبوست		noun	constipation	platts
عزادار		adj	mournful, in mourning	platts
زنجیرزنی		noun	Ritual self-flagellation with chains, especially during the mourning period of Muharram.	rishta:زنجیر
نواربهداشتی		noun	sanitary pad, sanitary towel	rishta:ارب
خونریزی		noun	bleeding, a bleed, haemorrhage	rishta:خون
گرگ‌ومیش		noun	twilight	rishta:میش
میده		noun	fine wheat flour; sifted flour	arbi
مظنونین		noun	broken plural of مظنون (maznūn /maznun)	rishta:نونی
پایگاه	پایْگاه	noun	base	platts
شنگویر		noun	ginger	platts
بشردوستی		noun	humanitarianism	rishta:دوست
بشردوست		noun	humanitarian	rishta:دوست
نیروگاه هسته‌ای	نیروگاه هَسته ای	noun	nuclear power station	rishta:اہہ
پرتو		noun	ray, ray of light	platts
پرتوزا		adj	radioactive	rishta:رتو
مندل		noun	the charmed circle of a conjuror	platts
توصیه		noun	recommendation	platts
سیاه‌چال		noun	dungeon	rishta:سیاہ
ماشین لباس‌شویی	ماشینِ لِباسشویی	noun	washing machine	rishta:لباس
انتحار		noun	suicide	arbi
بمب‌گذار انتحاری		noun	suicide bomber	rishta:اری
انتحاری		adj	suicidal, relating to suicide	arbi
جداگانه		adj	solitary	rishta:انہ
تخمک		noun	ovum, egg cell	rishta:تخم
تخمک‌گذاری		noun	ovulation	rishta:اری
مثانه		noun	bladder, urinary bladder	arbi
دیابت		noun	diabetes	platts
عفونت		noun	infection	platts
بیماری قند		noun	diabetes	rishta:اری
بیماری‌زا		adj	pathogenic	rishta:اری
چیالک		noun	strawberry	platts
ملاطفت		noun	kindness, affection	rishta:ملا
بواسیر		noun	haemorrhoids	platts
آوردگاه		noun	battlefield	arbi
ساق		noun	foreleg, shank, shin	platts
مدور		adj	round, circular	platts
گوگولی مگولی		adj	sweet, cute	rishta:ولی
ادغام		noun	amalgamation, coalescence, merge	arbi
مشاجره		noun	dispute, quarrel, argument, brannigan	rishta:اجر
جواری		noun	sorghum	platts
اندی		adv	otherwise	platts
میزبانی وب		noun	web hosting	rishta:زبان
بردگی		noun	slavery	platts
ضرب‌الاجل		noun	deadline	rishta:اجل
انفجار		noun	explosion	arbi
انفجاری		adj	explosive	arbi
راننده		noun	driver	rishta:انند
نمکدان		noun	salt cellar, salt shaker	rishta:نمک
بانکدار		noun	banker	platts
حمله انتحاری		noun	suicide attack	rishta:اری
ایدر		adv	here	platts
ماهی‌تابه		noun	frying pan	rishta:ماہ
سهل ممتنع		adj	Difficult or complicated (of thing, concept, or task) while looking easy to comprehend, do, or imitate at firs	arbi
کافی‌نت		noun	Internet café	rishta:کافی
دهش		noun	generosity, largesse, liberality	platts
شهود		noun	intuition	platts
صدور		noun	issuance	platts
صور		noun	horn, large trumpet	platts
عجز		noun	weakness, debility, inability, incapacity	platts
فرود		adv	down	platts
فعال		adj	active	platts
نمور		adj	dank, damp	platts
وجوه		noun	fund (money for something)	platts
کر آنگله		noun	cor anglais	rishta:انگ
فیروزه‌ای		adj	turquoise, turquoise-colored	arbi
بازسازی		noun	reconstruction, reconstitution	rishta:ساز
پیکارجو		noun	militant	rishta:کار
پناهجو		noun	asylum seeker	rishta:پنا
پذیرش		noun	acceptance	rishta:پذیر
کتاب‌فروش		noun	bookseller	rishta:کتا
ماهی‌فروش		noun	fishmonger	rishta:ماہ
عمده‌فروش		noun	wholesaler	rishta:عمدہ
میوه‌فروش		noun	fruit seller, fruit-seller, fruitmonger	rishta:میوہ
دادمه		noun	elder	rishta:ادم
شیرینی‌فروش		noun	confectioner, sweet seller, pâtisserie-seller	rishta:رین
زرمان		noun	decrepit old man	rishta:مان
پچین		noun	copy (result of copying; an identical duplication)	platts
گلخانه		noun	greenhouse	rishta:خان
سیستم عامل		noun	operating system	rishta:ستم
ابولا		noun	Ebola (shortening for Ebola virus and Ebola fever)	platts
گاز گلخانه‌ای		noun	greenhouse gas	rishta:خان
اثر گلخانه‌ای		noun	greenhouse effect	rishta:اثر
بارداری		noun	pregnancy	platts
حاملگی		noun	pregnancy	rishta:لگی
اسپرم		noun	fragrant herb; medicinal herb	platts
اچ‌آی‌وی		noun	HIV	rishta:ایو
کلامیدیا		noun	chlamydia	rishta:امید
سیفلیس		noun	syphilis	rishta:سیف
بیماری آمیزشی		noun	sexually-transmitted disease	rishta:اری
دستمال کاغذی		noun	paper handkerchief, tissue	rishta:ستم
تلیسه		noun	heifer	arbi
هپاتیت ب		noun	hepatitis B	rishta:اتی
هپاتیت سی		noun	hepatitis C	rishta:اتی
هپاتیت ویروسی		noun	viral hepatitis	rishta:اتی
مالاریا		noun	malaria	arbi
پشه‌بند		noun	mosquito net	rishta:بند
ورزشگاه		noun	stadium	rishta:ورزش
انرژی اتمی		noun	atomic energy	rishta:اتم
انرژی مکانیکی		noun	mechanical energy	rishta:مکان
لباس زیر		noun	underwear, undergarments	rishta:لباس
کشتارگاه		noun	abattoir	rishta:تار
انیمیشن		noun	animation	rishta:میش
ناآرامی		noun	unrest	platts
تخار		noun	Tocharian (any member of the Tochari, a people who inhabited Bactria)	platts
بوزه		noun	beer	arbi
پلم		noun	elder, elderberry	platts
گیله		noun	berry	arbi
وسط		noun	middle	platts
ناپاز		adj	impure	rishta:اپا
فرناد		noun	ford	platts
توسن		adj	disobedient	platts
لوده		noun	pannier	arbi
قفا		noun	back of the neck; nape	platts
نرخ بهره		noun	interest rate, rate of interest	rishta:نرخ
نرخ ارز		noun	exchange rate	rishta:ارز
آلومینیوم		noun	aluminium	arbi
باستان‌شناسی		noun	archaeology	rishta:اسی
باستان‌شناس		noun	archaeologist	rishta:انش
رآکتور هسته‌ای		noun	nuclear reactor	rishta:کتو
سلاح هسته‌ای		noun	nuclear weapon, nuclear arm	rishta:سلاح
جنگ‌افزار هسته‌ای		noun	nuclear weapon	rishta:جنگ
گداخت هسته‌ای		noun	nuclear fusion	rishta:اختہ
کنشگری		noun	activism	rishta:گری
مامایی		noun	midwifery	platts
ام‌آرآی		noun	MRI	platts
جلوگیری		noun	prevention	platts
پنیرک		noun	mallow, malva	rishta:نیر
تست بارداری		noun	pregnancy test	rishta:اری
خروج		noun	exit	platts
خروج اضطراری		noun	emergency exit	rishta:اری
فوتبال آمریکایی		noun	American football	rishta:ایی
تولید ناخالص داخلی		noun	gross domestic product, GDP	rishta:صدا
تولید ناخالص ملی		noun	gross national product, GNP	rishta:ملی
بساک		noun	wreath, garland	platts
ایستگاه قطار	ایسْتْگاهِ قَطار	noun	railway station	rishta:قطار
ممنوعیت		noun	prohibition, ban	platts
ایالات		noun	broken plural of ایالت (iyālat /iyâlat)	platts
زیستگاه		noun	habitat	rishta:گاہ
خیانت		noun	betrayal, including	platts
خیانت‌کار		noun	traitor	rishta:انت
زایمان		noun	childbirth, labour	platts
آرپی‌جی		noun	RPG, rocket-propelled grenade	platts
سردبیر		noun	editor-in-chief	rishta:سرد
بمب آتش‌زا		noun	incendiary bomb	rishta:بات
آتش‌زا		adj	incendiary	arbi
نقاب‌دار		adj	masked	rishta:ابد
شلیک		noun	volley	platts
شلیک کردن		verb	to shoot, to fire	rishta:کردن
ظاهرا	ظاهراً	adv	apparently	arbi
پشک		noun	cat	platts
سهام‌دار		noun	shareholder	rishta:سہا
سود سهام		noun	dividend (a pro rata payment of money by a company to its shareholders)	rishta:سہا
بخیدن		verb	to card (wool or cotton) (?)	platts
واخیدن		verb	to card (wool or cotton)	platts
استخدام		noun	employment	arbi
شخودن		verb	to scathe, injure, hurt	arbi
زویج		noun	sausage	arbi
هیور		noun	brother-in-law (one's husband's brother)	platts
اتخاذ		noun	adoption, selection, choosing for oneself	arbi
استعمار		noun	colonization	arbi
استقرار		noun	establishment, installment	rishta:قرار
اشتغال		noun	employment, occupation	arbi
التماس		noun	supplication	arbi
انفعال		noun	reaction	platts
انقضاء		noun	termination, expiration, expiry	arbi
بدو		noun	the very beginning	platts
بروز		noun	emergence, appearance (act of appearing)	arbi
حرمان		noun	thwarted plan, frustrated hope, disappointment	platts
خطاب		noun	address; speech addressing someone	platts
دوام	دَوام	noun	durability; durableness	platts
سماع		noun	hearing	platts
طراح		noun	designer	platts
عبوس		adj	morose; grim; austere	platts
قبال		noun	opposite side, facing side	platts
قمار		noun	gambling	platts
لحاظ		noun	perspective, vantage point	arbi
مرور		noun	passing, passing by	platts
وصول		noun	arrival, reaching, attaining	platts
وقوف		noun	awareness; being aware or informed	platts
جسم گلژی		noun	Golgi apparatus	rishta:جسم
دستگاه گلژی		noun	Golgi apparatus	rishta:دست
ورزه		noun	acquiring, accomplishing	arbi
بند «پ»		noun	Paragraph (p) (a fictional clause used as a reference to cronyism).	platts
شفاف		adj	transparent, see-through	platts
نقص		noun	deficiency, imperfection	platts
کوس		noun	Kus, a large ancient Persian drum akin to a timpani.	platts
ربع		noun	quarter, one-fourth	platts
خمس		noun	fifth (one of five equal parts of a whole)	arbi
مد		noun	extent, reach	platts
عمق		noun	depth	platts
لؤلؤ		noun	pearl	platts
سپند		noun	wild rue (Peganum harmala)	platts
محب		adj	loving	platts
عقب		noun	heel	platts
صنع		noun	production, productive power, capacity or process of creation	platts
خبری		noun	predicative	platts
بدل		noun	fake, replica	platts
تبادل		noun	exchange	arbi
نفع		noun	gain, profit, benefit	platts
حشر	حَشَر	noun	strong, accumulated sexual urge	platts
نزع		noun	death throes	platts
قاف		noun	the letter ق	platts
صاد		noun	the letter ص	platts
سحاب		noun	clouds	platts
مستمر		adj	permanent, enduring	arbi
شبه		noun	similar to, -like, quasi-, -oid, pseudo-	platts
مدخل		noun	lemma, dictionary form of a word	platts
ذال		noun	the letter ذ	platts
میلاو		noun	pupil, apprentice	platts
معرض		noun	place of exposure; being exposed	arbi
مسئول		adj	responsible; liable	platts
طمع		noun	covetousness, desire	platts
درج		noun	jewel case, jewel box, casket	platts
مضارع		noun	present/non-past tense	platts
منصوب		adj	appointed, installed, nominated	platts
فاتح		adj	victorious, triumphant	platts
التماس کردن		verb	to beseech, implore, beg	rishta:کردن
نافع		noun	useful, profitable, beneficial, advantageous	platts
جد		noun	ancestor	platts
کاکل		noun	lock, forelock	platts
داعشی		noun	an ISIL militant	platts
الموتی		adj	of or pertaining to Alamut (castle or region)	platts
تسو		noun	hour	platts
منج		noun	bee	platts
حفر		noun	dig, excavation	arbi
مقر		noun	headquarters	platts
خشین		adj	ashen, gray	platts
مطلوب		adj	desired; wished-for	platts
درونه		noun	bow related senses	rishta:رون
مجتمع		adj	assembled, convened	arbi
موظف		adj	charged, bound; having the responsibility to	arbi
لاتو		noun	rope ladder	platts
مؤلف		noun	writer, author	arbi
صفا		noun	purity, clearness	platts
ماش		noun	mung bean (Vigna radiata, ماشسبز (mâš-sabz)) and mungo bean (Vigna mungo, ماشسیاه (mâš-siyâh))	platts
سمت		noun	side; way; hand; direction	platts
کدین		noun	mallet	platts
پتک		noun	sledgehammer	platts
پلوک		noun	sledgehammer	platts
لاخ		noun	lock (of hair)	platts
لوس		adj	spoiled, pampered (e.g. of a child)	platts
شایورد		noun	halo	platts
باطل		adj	null, void, cancelled	platts
غرغر		noun	murmur, muttering	platts
خرطوم		noun	trunk (of an elephant)	arbi
اسکدار		noun	postrider	platts
پخسیدن		verb	to wither	rishta:سید
فرخسیدن		verb	to dance	rishta:فرخ
راک		noun	ram (animal)	platts
دخش		adj	dark, dusky	platts
تعامل		noun	interaction	platts
تحمل		noun	tolerance; endurance	arbi
شکاله		noun	splinter, fragment, shard	arbi
تناسب		noun	proportion	arbi
تردد		noun	regular traffic; movement back and forth	platts
لخت		adj	naked, nude	platts
دژمان		adj	upset, sorry	rishta:دژم
سلندر		adj	vagrant, vagabond	platts
خز		noun	fur (used for clothing)	platts
بشقاب		noun	plate, dish	rishta:قاب
قاطر		noun	mule	platts
متاع		noun	good, possession, merchandise	platts
خات		noun	kite (bird)	platts
نقد		noun	cash (money in hand)	platts
صراف		noun	money changer	platts
حساس		adj	sensitive, easily affected	platts
حبس		noun	imprisonment, incarceration	platts
حصار		noun	fence, barrier	platts
تقاطع		noun	intersection	platts
گریچه		noun	room, chamber	rishta:گری
بیدستر		noun	beaver	platts
جوال		noun	large sack	platts
گردهمایی		noun	meetup	rishta:ایی
بقال		noun	grocer	platts
پالیدن		verb	to seek	rishta:پال
کید		noun	witchcraft	platts
طرد		noun	expulsion, rejection, driving away	platts
گودر		noun	fawn	platts
حاج		noun	a title given to people who have performed the pilgrimage to Mecca (hajj).	platts
منگوله		noun	tassel	rishta:گول
منگال		noun	sickle	platts
زیغ		noun	hatred	arbi
زجاج		noun	glass	arbi
سنبالو		noun	monkey	arbi
سمور		noun	sable	platts
لانجین		noun	a large earthen bowl	rishta:جین
ساتگینی		noun	chalice	platts
گرازیدن		verb	to strut	platts
تبار		noun	lineage, descent, origin, roots	platts
ته‌چین		noun	an Iranian dish, a rice cake composed of rice, yogurt, saffron and other spices, egg, and chicken or other mea	rishta:چین
بستو		noun	a ceramic jar	platts
خلج		noun	Khalaj (person)	platts
رمال		noun	geomancer	platts
طلبات		noun	broken plural of طلب (talab)	platts
لجن		noun	mud, slime	arbi
مقررات		noun	provisions, requirements, stipulations	rishta:رات
نقب		noun	tunnel	arbi
وفور		noun	abundance, plenty	platts
سمر		noun	story, tale, legend	platts
مرتب	مُرَتَّب	adj	arranged, consolidated	platts
احول		adj	squint-eyed	platts
زغار		noun	dampness	platts
ژغار		noun	roar, yell, bellow	platts
فاخر		adj	outstanding, excellent, prime, superb, magnificent	arbi
خالص		adj	pure, unmixed	platts
متعهد		adj	obliged; committed; with the responsibility to	arbi
مسن		adj	old, aged	platts
وفق		noun	accordance; conformity; accommodation	platts
فرع		noun	subsidiary point, secondary matter	platts
اردوگاه		noun	camp, campsite	arbi
مرگبار		adj	lethal, mortal, deadly	rishta:بار
مراسم		noun	ceremony	arbi
گلدار		adj	flowering	rishta:دار
باطن		noun	interior, inside	platts
روبنده		noun	face veil, niqab (a veil which covers the face, worn by some Muslim women as a part of sartorial hijab)	rishta:بند
جک		noun	jug	platts
دلیل		noun	reason, cause	platts
دستگیری	دَسْتْگیری	noun	arrest	rishta:دست
حتما	حتماً	adv	certainly, necessarily, surely	arbi
خشکسالی		noun	drought	rishta:سال
قحطی		noun	famine, dearth	platts
فرخنده		adj	lucky, fortunate, blessed	rishta:فرخ
زده		adj	having holes, worn out, injured	arbi
کانگورو		noun	kangaroo	platts
سلفی		adj	Salafi	platts
متداول		adj	common; in widespread use; fashionable	platts
منصف		adj	just, equitable, fair (of a person)	platts
تواضع		noun	humility	platts
متواضع		adj	humble	arbi
استناد		noun	relying on, drawing upon (e.g. a source)	platts
التفات		noun	enallage; apostrophe	platts
امتداد		noun	extension, prolongation	rishta:امت
انبساط		noun	expansion	platts
انعقاد		noun	coagulation, clotting	platts
حسود	حَسود	adj	envious, jealous	platts
خسران		noun	loss	platts
رواح		noun	evening	platts
صعود		noun	climbing, mounting	platts
عبور		noun	crossing, passing	platts
محو		noun	erasure, effacement, wiping away	platts
نجاح		noun	success, victory	arbi
جراحی		noun	surgery	arbi
تومور		noun	tumour	platts
تخمدان		noun	ovary (female reproductive organ)	rishta:تخم
اعتصاب		noun	strike (work stoppage)	platts
خوش‌خیم		adj	benign	rishta:خوش
يحتمل		adv	most likely, most probably	arbi
ایستگاه فضایی	ایسْتْگاهِ فَضایی	noun	space station	rishta:ایی
ایستگاه مترو		noun	underground station, tube station, metro station	rishta:ہمت
یاد دادن		verb	to teach	platts
محصولات		noun	broken plural of محصول (mahsūl /mahsul)	platts
عنف		noun	violence, force	platts
تحقق		noun	achievement, accomplishment, realization	arbi
تسنن		noun	Sunnism, Sunni Islam	arbi
کرب		noun	field maple (Acer campestre)	platts
تلف		noun	destruction, perishing, waste, death	platts
تهم		adj	valiant, mighty, heroic	arbi
تتق		noun	curtain	platts
تبحر		noun	erudition, specialist knowledge	arbi
تخلف		noun	infraction, violation	arbi
تذرو		noun	pheasant	platts
ترب		noun	radish	platts
ترحم		noun	compassion, commiseration, pity	arbi
رخت		noun	apparatus, goods and chattels of a household	platts
سرقت		noun	theft; robbery; stealing	platts
تسلط		noun	rule, dominion	arbi
تصرف		noun	occupation	arbi
طاعت		noun	worship, act of obedience to God	platts
ظلمت		noun	obscurity, darkness	platts
عاقبت		noun	consequence, repercussion	platts
تعرض		noun	assault; aggression	platts
عزلت		noun	seclusion, sequestered life	arbi
تعهد		noun	commitment, obligation	platts
فرت		noun	loom (weaving frame)	platts
قامت		noun	stature, figure	platts
قدمت		noun	ancientness, antiquity	platts
تقلب	تَقَلُّب	noun	trickery; fraud; falsification	arbi
لعبت		noun	toy, plaything	rishta:لعب
نسبت		noun	relation; connection	rishta:سبت
تنفر		noun	hate	platts
تنقل		noun	snacks	platts
وحدت		noun	unity	platts
خف		noun	amadou	platts
خلوت		adj	uncrowded, with few people	platts
ربوت		noun	hoopoe	platts
اغلب	اَغلَب	adv	often	platts
اقدس		adj	holy, holiest	platts
لق		adj	loose, rickety, rocky, wobbly	platts
تبرزين		noun	battleaxe, axe	platts
پارچ		noun	jug, pitcher (US)	platts
مصور		adj	illustrated, pictorial	platts
یوزپلنگ		noun	cheetah	rishta:لنگ
نصب		noun	installation, setting up	platts
نمد		noun	felt	platts
نهم		adj	ninth	platts
برنا		adj	adolescent, young	platts
نخل		noun	date palm, palm	platts
درنا		noun	crane, Gruidae	platts
نزار		adj	feeble, haggard, thin	platts
نقال		noun	storyteller; narrator	platts
نقض		noun	violation (of a treaty, an agreement)	arbi
ننو		noun	hammock	platts
نورد		noun	cylindrical tool used in rolling things:	platts
سرو		noun	cypress	platts
غرو		noun	reed	platts
غلو	غُلُوّ	noun	exaggeration; hyperbole	platts
فرو		adv	down	platts
اربون		noun	earnest money	platts
لدن		adv	near, close	platts
برزن		noun	quarter (of a town, city)	arbi
لپان		adj	glittering	rishta:پان
لیان		adj	gleaming, brilliant	platts
زبان گنجشک		noun	ash tree	rishta:زبان
سالگرد		noun	anniversary	rishta:گرد
روزمره		adj	everyday, quotidian	rishta:روز
وام‌دهنده		noun	creditor	rishta:امد
ستاره دریایی		noun	starfish (any of various asteroids or other echinoderms)	rishta:ستارہ
پلانکتون		noun	plankton	rishta:کتو
پناهندگی		noun	asylum	rishta:پنا
پناهندگی سیاسی		noun	political asylum	rishta:اسی
یادگیری		noun	learning	platts
بسمل		adj	slaughtered, butchered	arbi
الهیات		noun	theology	platts
گرافیتی		noun	graffiti	platts
تونل		noun	tunnel	platts
بشردوستانه		adj	humanitarian	rishta:دوست
فعل مرکب		noun	compound verb	rishta:علم
قدرت هسته‌ای		noun	nuclear power (a nation that possesses nuclear weapons)	rishta:قدر
قاچاقچی		noun	smuggler, trafficker	rishta:چاق
آب‌های بین‌المللی		noun	international waters	rishta:الم
سانتریفیوژ		noun	centrifuge	rishta:تری
قرارداد		noun	contract	platts
بیچاره		adj	helpless, poor	rishta:چار
مهمانخانه		noun	guesthouse	rishta:خان
جهاندیده		adj	experienced	rishta:جہان
چهارپا		noun	tetrapod, quadruped	rishta:ہار
دوپا		noun	biped	platts
دولتمند		adj	wealthy	rishta:دول
نابود		adj	nonexistent	platts
کزاز		noun	tetanus	arbi
سیاه‌سرفه		noun	whooping cough, pertussis	rishta:سرف
گام ماژور		noun	major scale	rishta:گام
گام مینور		noun	minor scale	rishta:نور
زهد		noun	asceticism	platts
اکتاو		noun	octave	platts
فشار		noun	pressure (physical, figurative)	platts
دجال		noun	Antichrist, false Messiah, dajjal	platts
موشک بالیستیک		noun	ballistic missile	rishta:بال
خبرگزاری		noun	news agency	rishta:خبر
دوجانبه		adj	bilateral	rishta:جان
اخگر		noun	embers, hot charcoal	platts
طحال		noun	spleen, milt	platts
اسپرز		noun	spleen, milt	rishta:اسپر
نت گرد		noun	semibreve or whole note (US)	rishta:گرد
نت سفید		noun	minim or half note (US)	rishta:سفید
نت سیاه		noun	crotchet or quarter note (US)	rishta:سیاہ
نت دولا چنگ		noun	semiquaver or sixteenth note (US)	rishta:دول
خط میزان		noun	bar line, barline	rishta:میز
کسر میزان		noun	time signature	rishta:میز
استعمارگری		noun	colonialism	rishta:گری
برنده		noun	winner	rishta:رند
خواننده اپرا		noun	opera singer	rishta:انند
کنسرتو		noun	concerto	rishta:رتو
کاتالوگ		noun	catalogue	rishta:اتا
خوشبخت		adj	happy with life, fortunate, fulfilled in life	rishta:بخت
پنجم درست		noun	perfect fifth	rishta:درس
چهارم درست		noun	perfect fourth	rishta:ہار
نیم پرده		noun	semitone or half step	rishta:نیم
افلاطونی		adj	Platonic (related to Plato)	arbi
انگار		conj	as if	platts
بوز		noun	wasp	platts
تراش		noun	shaving, scraping, erasing, paring	platts
خیز		noun	leap	platts
سریش		noun	lime, glue	platts
سپار		noun	a plough, ploughshare, mattock	platts
شمار		noun	number, quantity	platts
شکیب		noun	patience	platts
ویرا		adj	aware, learned	rishta:ویر
پرس		noun	curtain, drapes	platts
پروتستانی		adj	Protestant	rishta:ستان
دوازده‌امامی		adj	Twelver	rishta:دوا
کش		noun	rubber band	platts
گذار		noun	transition	platts
گذر		noun	passage, transit, passing (something)	platts
گریز		noun	flight, escape	arbi
عمدا		adv	on purpose, deliberately, intentionally	platts
سوشی		noun	sushi	platts
صهیونی		adj	Zionist, Zionistic	platts
مریخی		adj	Martian	platts
کلاهک		noun	cap	rishta:کلا
زغال اخته		noun	Cornus mas, cornel	rishta:اختہ
ششم		adj	sixth	platts
دهم		adj	tenth	arbi
پنجم		adj	fifth	rishta:نجم
یازدهم		adj	eleventh	arbi
دوازدهم		adj	twelfth	rishta:دوا
چهاردهم		adj	fourteenth	rishta:ہار
پانزدهم		adj	fifteenth	rishta:پان
شانزدهم		adj	sixteenth	rishta:شان
هجدهم		adj	eighteenth	platts
پنجاهم		adj	fiftieth	rishta:اہم
شصتم		adj	sixtieth	platts
هفتادم		adj	seventieth	rishta:ادم
هشتادم		adj	eightieth	rishta:ادم
نودم		adj	ninetieth	platts
صدم		adj	hundredth	platts
هزارم		adj	thousandth	arbi
میلیونم		adj	millionth	rishta:لیون
لعل		noun	red gemstone; ruby, spinel, garnet	platts
خراسانی		adj	Khorasani (of or pertaining to Khorasan or Greater Khorasan)	platts
مصحف		noun	book	arbi
لجباز		adj	headstrong	rishta:باز
شیده		noun	synonym of شید (šid)	arbi
پالاد		noun	led horse, spare horse.	platts
جنیبت		noun	led horse, spare horse	platts
نیله		noun	synonym of نیل	rishta:نیل
نوند		noun	horse, especially a swift one	platts
برذون		noun	a kind of horse	arbi
بیدخ		noun	a swift horse	platts
لاله واژگون		noun	fritillary (plant)	rishta:ہوا
مشکات		noun	A niche for a lamp	platts
ابری‌ساز		noun	marbler	rishta:ساز
ابری‌سازی		noun	marbling, ebru painting	rishta:ساز
پرهیز		noun	abstinence, abstaining, avoidance	rishta:رہی
تلویحی		adj	figurative	platts
کاربردی		adj	applied	platts
عوامانه		adj	vulgar	platts
استصواب		noun	approval, approbation	arbi
مجری		noun	host, MC (of a TV show)	platts
حامل		adj	carrying, bearing	platts
خیک		noun	wineskin	platts
یشم سبز		noun	jade	rishta:شمس
فاطمی		adj	Fatimid	platts
فارغ‌التحصیل شدن		verb	to graduate	rishta:تحصیل
اداره پست	اِدارِهٔ پُسْت	noun	post office	rishta:ادا
اداره کردن		verb	to manage, lead, head, run, be in charge of	rishta:ادا
مدیریت		noun	managing, administering; management, administration	platts
تاگ‌سازی		noun	cloning	rishta:ساز
رمزنگاری		noun	cryptography	rishta:اری
رمزگشایی		noun	decryption	rishta:ایی
رمزگذاری		noun	encryption	rishta:اری
متقارن		adj	symmetrical, symmetric	arbi
نامتقارن		adj	asymmetric, asymmetrical	rishta:نام
مخفی		adj	secret, hidden	platts
محتویات		noun	contents	platts
افشا شدن		verb	to be exposed	rishta:اشد
جوگیر شدن		verb	to get carried away	rishta:جوگی
منطقی		adj	logical	platts
بی‌میل	بیمَیل	adj	unwilling, unpassionate	platts
روحیه		noun	morale, spirit	arbi
تقویت		noun	strengthening, bolstering, reinforcement	platts
تقویت کردن		verb	to reinforce, strengthen, bolster	rishta:تقوی
بی قید و شرط		adj	unconditional	rishta:قید
گرمسیری		adj	tropical	rishta:گرم
مبهم		adj	mysterious, unknown	arbi
حرکت کردن		verb	to move, shift, change places or position	rishta:رکت
نورشناسی		noun	optics	rishta:نور
شورش		noun	rebellion, insurrection	platts
ریوند		noun	rhubarb (roots)	platts
فاخته		noun	dove, especially of genus Streptopelia	rishta:اختہ
اسپرزه		noun	psyllium	rishta:اسپر
دبه		noun	barrel, drum, vat	arbi
لیف		noun	loof, fiber, bark of palm tree or loofah	platts
زنیر		adj	wise	arbi
بالکانه		noun	lattice window	rishta:انہ
پاپاخ		noun	papakha	platts
سر کیسه را شل کردن		verb	to spend more money, to spend money more readily (literally, "to loosen the drawstring of the bag")	rishta:سرکی
استخاره کردن		verb	to perform istikhara	rishta:خار
قارون		noun	Croesus (a rich person)	platts
پرداختن	پَرداختَن	verb	to spend	rishta:ردا
انگیزه		noun	motivation	rishta:انگ
دستمزد		noun	wage, pay; stipend	rishta:ستم
منتشر کردن		verb	to publish	rishta:شرک
آمار		noun	statistics	platts
میتین		noun	mattock	platts
کوکه		noun	a little round cake	arbi
سپرخی		noun	merrymaking, revelry, frolic, spree	platts
جوشیدن		verb	to boil	rishta:جوش
انبر		noun	tongs	arbi
غنودن		verb	to nap, slumber; to sleep	platts
دو تا هندوانه را با یک دست برداشتن		verb	to pick up or lift two watermelons using one hand	rishta:ایک
کادر جستجو		noun	search box	rishta:ادر
سینک		noun	sink	platts
الزاما	الزاماً	adv	necessarily	platts
منزوی		adj	insular, isolated, secluded	platts
تنظیم کردن		verb	to set, adjust (a clock, device)	rishta:تنظیم
منظره		noun	view (something to look at, such as scenery)	arbi
کنار زدن		verb	to draw, pull open, open (the curtains)	rishta:ارز
انزوا		noun	isolation	platts
گمرا		noun	sheepfold	platts
فرتور		noun	reflection	rishta:رتو
الفختن		verb	to collect	rishta:الف
جمع کردن		verb	to collect, to amass	rishta:کردن
تمر هندی		noun	tamarind	arbi
افسردن		verb	to cool down; freeze	rishta:سرد
گساردن		verb	to soothe, allay, quell, quench	rishta:اردن
زوم کردن		verb	to zoom (something) in	rishta:کردن
بازیگری		noun	acting	rishta:گری
احاطه داشتن		verb	to have command of, mastery in, be proficient in, well versed in	rishta:احاطہ
جا افتادن		verb	to integrate, settle in, fit in	rishta:افت
تازه‌وارد		noun	newcomer	rishta:ہوا
ذخیره کردن		verb	to store, stock, stock up	rishta:خیر
جلبک دریایی		noun	seaweed	rishta:دریا
در واقع		adv	in fact, actually	platts
جمع‌آوری کردن		verb	to collect together, gather	rishta:اور
مونتاژ کردن		verb	to assemble (for example, furniture, cars, instruments)	rishta:کردن
غسل تعمید		noun	baptism (the Christian sacrament with water)	rishta:غسل
یوختن		verb	to seek; pursue; hunt; chase	platts
شپلیدن		verb	to whistle	rishta:پلی
برشتوک		noun	A traditional Iranian pastry made with gram flour.	rishta:برش
آویشن		noun	thyme	platts
مخدر		noun	narcotic	platts
گبر		noun	hauberk	platts
جعبه		noun	box (container)	arbi
گاور		noun	opopanax	platts
تعارف تیکه پاره کردن		verb	to practice taarof in an excessive manner	rishta:عارف
رازی		adj	of or pertaining to Ray	platts
رأی دادن		verb	to vote	platts
چراغ نفتی		noun	kerosene lamp	rishta:چراغ
سمت‌الرأس		noun	zenith	arbi
ساده‌زیستی		noun	simple living	rishta:سادہ
ساده‌زیست		adj	having a simple living	rishta:سادہ
تعمید		noun	baptism	platts
لکه		noun	spot, stain	arbi
قمه		noun	machete.	arbi
آفتاب‌گردان		noun	sunflower	rishta:گرد
فرض کردن		verb	to assume, to presume	rishta:فرض
فریاد زدن	فَریاد زَدَن	verb	to yell, shout, scream, cry	rishta:فریاد
بهانه		noun	excuse (explanation designed to avoid guilt)	rishta:انہ
ضمنی		adj	implicit (in meaning)	platts
توشه		noun	provisions (food that you take on a trip)	platts
طرفداری کردن		verb	to favour, side with	rishta:اری
جانب‌دارانه		adj	biased (of a person, organisation, exhibiting bias)	rishta:جان
باربند		noun	luggage rack, roof rack	rishta:ارب
محافظه‌کاری		noun	conservatism	rishta:اری
محافظه‌کار		noun	conservative	rishta:حافظ
جوش آمدن		verb	to come to a boil	rishta:شام
صنعتی		adj	industrial (of or relating to industry)	platts
بازاریابی		noun	marketing (the promotion, distribution and selling of a product or service)	rishta:بازار
لسپردرک		noun	hand towel, handkerchief	rishta:سپر
رسوا		adj	infamous (having a bad reputation)	platts
بلورین		adj	crystalline	rishta:رین
سرگیجه		noun	vertigo	rishta:سرگ
پیکان		noun	arrowhead, spearhead	platts
وصیت‌نامه		noun	will, testament	rishta:نام
بنه		noun	home appliances, household apparatus; baggage, impedimenta	platts
پشتی		noun	backrest (of a chair)	platts
تسلیم شدن		verb	to surrender, give in, give up	rishta:سلیم
دنبال کردن		verb	to go after	rishta:بال
مشته		noun	fur garment with long sleeves	arbi
پوست‌کلفت		adj	resilient (able to withstand disease and difficult conditions)	rishta:پوست
سفت		adj	hard (resistant to pressure, not soft)	platts
سرا		noun	wine	platts
بارگاه		noun	hall of audience, reception hall; place where guests, envoys, etc., are greeted or sent away	rishta:بار
بارگه		noun	palace	rishta:بار
واپسگرا		adj	retrogressive	rishta:گرا
دلواپس		adj	worried, anxious, solicitous	rishta:دلو
سطل آشغال		noun	garbage can	rishta:لاش
سطل زباله		noun	garbage can	rishta:الہ
سطل		noun	bucket; pail; bin	platts
زباله		noun	trash	arbi
بالیستیک		noun	ballistic	arbi
برجسته	بَرجَستِه	adj	notable, prominent	rishta:برج
فرمانروا		noun	ruler	rishta:فرمان
فرماندار		noun	governor	rishta:دار
نامدار		adj	famous	rishta:نام
توانمند		adj	capable	rishta:توا
توانمندی		noun	capability	rishta:توا
مایل		adj	desirous, inclined to, wanting	platts
مشاوره		noun	consultation; deliberation; counseling	arbi
نگارش		noun	writing	platts
تندرو		adj	extremist	platts
چاقی		noun	obesity	platts
باغبانی		noun	gardening	rishta:باغ
باغبان		noun	gardener	rishta:باغ
مسموم		adj	toxic	arbi
هیپوتالاموس		noun	hypothalamus	rishta:تال
یهویی		adv	suddenly	rishta:ہویی
رمز		noun	cipher, code	arbi
اشکیل		noun	hobble	platts
چدار		noun	hobble	rishta:دار
حاوی		adj	contained, containing	rishta:اوی
خونسرد		adj	cold-blooded (having an unregulated body temperature)	rishta:سرد
چراغ راهنمایی		noun	traffic light, traffic signal	rishta:راہ
راهنمایی		noun	guidance	rishta:راہ
معتدل	مُعتَدِل	adj	well proportioned	platts
کاوشگر		noun	probe (a small, usually unmanned, spacecraft used to acquire information or measurements about its surrounding	platts
کاوش کردن		verb	to explore	rishta:شکر
اقدام		noun	action; measure	platts
معلول		adj	disabled; crippled (especially physical)	platts
بازنده		noun	loser (a person who loses; one who fails to win)	rishta:باز
ناموفق		adj	unsuccessful (of a person, that does not have much success, for example in life)	rishta:نام
میانسال		adj	middle-aged	platts
حریص		adj	greedy; covetous	platts
دوچرخه‌سوار		noun	cyclist (a person who rides a cycle, especially a bicycle)	rishta:سوار
هشیاری		noun	consciousness, awareness (the state of being conscious)	platts
گاوصندوق		noun	safe (a box in which valuables can be locked for safekeeping)	rishta:صندوق
یوبه		noun	quest	platts
نهیب		noun	dread, fear, fright	platts
کتان		noun	flax (the plant or fibers of Linum usitatissimum)	platts
طاقت آوردن		verb	to stand, put up with, tolerate	rishta:اور
نابود کردن		verb	to annihilate, eradicate, completely destroy (to reduce to nothing, put an end to; for example, a city, civili	rishta:ابو
از بین بردن		verb	to annihilate, eradicate, completely destroy (to reduce to nothing, put an end to; for example, a city, civili	rishta:بین
ختنه کردن		verb	to circumcise	rishta:تنہ
بینوا		adj	destitute, poverty-stricken, very poor	platts
تشریف داشتن	تَشْریف داشْتَن	verb	to be	rishta:شریف
تشریف آوردن		verb	to come	rishta:اور
تشریف بردن		verb	to go	rishta:شریف
میل کردن		verb	to eat, to consume	platts
مرحمت کردن		verb	to give, to grant	rishta:رحم
سربالایی		noun	uphill (slope)	arbi
سرپایینی		noun	downhill (slope)	platts
آهنی		adj	iron (attributive adjective), ferrous	platts
کشو		noun	drawer (open-topped box in a cabinet used for storing)	platts
زنگ زدن		verb	to call, telephone, ring up	rishta:زنگ
جا دادن		verb	to fit (in a space), make room for	rishta:ادا
آرایش		noun	makeup (colorants and other substances applied to the skin to improve its appearance)	platts
آرایش کردن		verb	to do one's makeup, apply one's makeup	rishta:شکر
قطع کردن		verb	to interrupt, break off (to disturb or halt an ongoing process or action temporarily or permanently)	rishta:کردن
سر کردن		verb	to put up with (someone)	rishta:کردن
فضولی کردن		verb	to pry, stick one's nose in	rishta:فضول
تعیین کردن		verb	to set, decide on, determine	rishta:کردن
صحنه		noun	scene	arbi
غافل		adj	unaware (not noticing; paying no heed)	platts
متروک		adj	abandoned, obsolete	platts
فرو ریختن		verb	to crumble	rishta:فروری
متبرک		adj	blessed	rishta:تبرک
سراپا		adv	from head to toe	platts
واپسین		adj	last	platts
تبعید		noun	exile	platts
شغال باران		noun	sudden downpour, cloudburst	rishta:بار
شلاب		noun	a heavy rain	platts
بتنی		adj	of or pertaining to concrete (attributive adjective)	platts
عملی		adj	practical (based on practice rather than theory)	platts
پشتک		noun	somersault, flip	rishta:شتک
حباب		noun	bubble	arbi
بازیافت		noun	recycling	rishta:افت
اتحادیه		noun	union (something formed by a combination or coalition of parts or members)	arbi
سازنده		adj	productive	rishta:ساز
تقطیر		noun	distillation	platts
پلاس		noun	sackcloth	platts
غریو		noun	clamor, outcry, uproar	platts
غرم		noun	fury	platts
اقلا		adv	at least	platts
بلافاصله		adv	immediately	rishta:اصل
بانمک		noun	cute	rishta:نمک
ناپذیرفتنی		noun	unacceptable	rishta:رفتنی
چغزراوه		noun	duckweed	rishta:اوہ
استفتاء		noun	asking for legal advice	arbi
شتالنگ		noun	ankle	platts
ترکیب		noun	combination	arbi
درپی		noun	piece of cloth	platts
کاچی		noun	a kind of porridge	platts
رخام		noun	marble	platts
شمن		noun	an idolater	platts
مورد		noun	case; instance	platts
نستوه		adj	undefeatable	arbi
کوزابری		noun	ewer	rishta:بری
ارزیز		noun	tin	arbi
لخشک		noun	noodle	rishta:خشک
لاد		noun	layer	platts
پرخش		noun	rump	platts
قوس		noun	arc, curve	platts
تیرکش		noun	quiver	platts
ترکش		noun	quiver	platts
کندر		noun	Boswellia thurifera tree	platts
بروفه		noun	towel	rishta:روف
طوق		noun	torque	platts
ملحق		adj	joined (to something larger)	arbi
آب معدنی		noun	mineral water	platts
نسبت دادن		verb	to attribute	rishta:سبت
مورد علاقه		adj	favorite	rishta:علاقہ
تزیین		noun	decoration	arbi
شفابخش		adj	remedial, medic	rishta:شفا
فراوان		adj	abundant, ample, profuse	platts
مقابله		noun	opposition, confrontation	rishta:ابلہ
شمعدان		noun	candlestick	platts
قلاب		noun	hook	platts
گبه		noun	Gabbeh	arbi
جشه		noun	robe	arbi
کراسه		noun	strip of parchment	arbi
ماربلاش		noun	newt	rishta:اربل
کلاش		noun	crook (criminal)	platts
شلاق		noun	whip, lash, scourge	platts
شخلاسه		noun	hail	rishta:خلا
مرتفع		adj	high, elevated	arbi
پهناور		adj	vast; immense	rishta:اور
بیکران		adj	boundless, immense	rishta:بیکر
از بین رفتن		verb	to be destroyed, to be annihilated	rishta:بین
درست‌کار		adj	honest, righteous	rishta:درس
اشخاص		noun	people, plural of شخص (šaxs)	platts
طنین		noun	echo	arbi
گریه		noun	cry, sob	platts
سپس		adv	then, afterwards	platts
سرانجام		adv	finally, eventually	rishta:جام
صخره		noun	rock, boulder	arbi
خرمک		noun	Nazar (amulet)	platts
املوک	امْلوک	noun	persimmon	platts
بازداشتن		verb	to withhold, to restrain, to prevent	rishta:باز
کروز		noun	liveliness	arbi
کروش		adj	quick, fast	platts
کروغ		noun	spine	platts
لابد		adv	probably, presumably, must; used for an inference or conjecture	platts
رأی‌گیری		noun	voting	platts
همچنان		adv	likewise, in such a manner, thus	rishta:نان
مخاطب		noun	contact (person)	arbi
متصل		adj	connected, joined, linked	arbi
گذراندن		verb	to spend; to pass (especially of time)	rishta:ذرا
بگران		noun	sorrel (color)	rishta:گرا
آبشخور		noun	trough	platts
مستخدم		noun	employee	arbi
ضبط صوت		noun	tape recorder	rishta:ضبط
بنوه		noun	winnowing	platts
بوجاری		noun	winnowing	arbi
چگال		adj	dense	rishta:گال
کانم		noun	a married woman, wife	arbi
مدرک	مَدرَک	noun	document	platts
آبگرمکن		noun	water heater	rishta:گرم
دوقلو		noun	twin (two people born from the same uterus)	platts
بقیه		noun	remnant	arbi
یارا		noun	strength, power, ability	rishta:یار
نارون		noun	a large tree with many branches	platts
روشنگری		noun	enlightenment	rishta:گری
کفگیر		noun	spatula	platts
سرسخت		adj	obstinate, hard-headed, tenacious, headstrong	rishta:سخت
هم‌نیا		noun	sibling	platts
معدوم		adj	annihilated	platts
بلوط		noun	oak	platts
فرخشنه		noun	qatayef	rishta:فرخ
یارانه		adj	subsidized	arbi
نوباوه		noun	firstfruit	arbi
سرخرگ		noun	artery	rishta:سرخ
سیاهرگ		noun	vein	rishta:سیاہ
ثروتمند		adj	wealthy, rich	rishta:ثروت
ورشکستگی		noun	bankruptcy	rishta:شکست
کشتیرانی		noun	shipping	arbi
پستچی		noun	postman	rishta:پست
جیر		noun	suede	platts
میدان هوایی		noun	airport	arbi
خمیر دندان		noun	toothpaste	rishta:خمیر
سحرباز		noun	magician	rishta:سحر
خوکچه هندی		noun	guinea pig	rishta:خوک
عصبانیت		noun	anger, rage	rishta:صبا
کارت اعتباری	کارْتِ اِعْتِباری	noun	credit card	rishta:اعتبار
کارت سبز		noun	green card (United States Permanent Resident Card)	rishta:سبز
شبکیه		noun	retina	arbi
جنگ داخلی	جَنْگِ داخِلی	noun	civil war	rishta:جنگ
هویت		noun	identity	platts
کلاهبرداری		noun	fraud	rishta:اری
بلدرچین		noun	quail	rishta:چین
ال‌ان‌جی		noun	LNG	rishta:نجی
کهن		adj	old, ancient	platts
لواشک		noun	Persian fruit rollup, fruit leather; lavashak	arbi
شیر سویا		noun	soya milk, soy milk	platts
شیر گاو		noun	cow's milk	platts
پوکی استخوان		noun	osteoporosis	rishta:کیا
لبنیات		noun	dairy products, dairy	rishta:بنی
زاج		noun	vitriol (various metal sulphates)	arbi
ماهی قرمز		noun	goldfish	rishta:ماہ
کرکس		noun	vulture	platts
داوطلب		noun	volunteer	rishta:طلب
ورزشکار		noun	athlete	rishta:شکار
گورخواب		noun	A homeless person who has to sleep in a grave for shelter.	rishta:خواب
بازیکن فوتبال		noun	footballer, football player	rishta:باز
بازیکن		noun	player (of a game)	rishta:باز
سالروز		noun	anniversary	rishta:سال
برابری		noun	equality	platts
نابرابری		noun	inequality	rishta:برا
همدلی		noun	common feeling, empathy	platts
تلفن هوشمند		noun	smartphone	rishta:ہوش
رسوایی		noun	scandal, disgrace, dishonour	platts
اعتراف کردن		verb	to confess	rishta:ترا
رضایت		noun	consent	arbi
آلودگی هوا		noun	air pollution	arbi
کنسولگری		noun	consulate	rishta:گری
قانون اساسی	قانونِ اساسی	noun	constitution	rishta:اسی
کمپین		noun	campaign	platts
اروپایی	اُروپایی	adj	European	platts
کارفرما		noun	employer, boss	rishta:کار
فروشگاه		noun	shop, store	rishta:گاہ
درگیری		noun	skirmish, clash, fracas, conflict	platts
ویدیدن		verb	to seek	platts
جنگیدن		verb	to fight	rishta:جنگ
سقز		noun	mastic	platts
ایست قلبی		noun	cardiac arrest	arbi
نقرس		noun	gout	platts
درصد		noun	percent	platts
شکنجه کردن		verb	to torture	rishta:شکنجہ
زیرزمین	زیرزَمین	noun	cellar, basement	rishta:زمین
پرتو ایکس		noun	X-ray	platts
ایزوتوپ		noun	isotope	rishta:توپ
روده		noun	intestines	arbi
روده بزرگ		noun	large intestine	rishta:بزرگ
روده باریک		noun	small intestine	rishta:اری
روده کوچک		noun	small intestine	rishta:رود
گزارشگر		noun	reporter	rishta:ارش
دستگاه گوارش		noun	digestive system	rishta:ارش
پریستان		noun	Paristan, a fairyland belonging to the peris	platts
ریسیدن		verb	to spin; Making yarn by twisting and winding fibers together.	platts
نکوهیدن		verb	to blame	rishta:وہی
ومیدن		verb	to vomit	platts
آرمیدن		verb	to relax	platts
اشنوسیدن		verb	to sneeze	rishta:سید
ژاژیدن		verb	to talk nonsense	platts
پوییدن		verb	to trot (walk rapidly)	platts
ترانه‌سرا		noun	songwriter	rishta:ترا
فرود آمدن		verb	to go down	rishta:امد
شامگاه		noun	evening, dusk, eventide, twilight	rishta:شام
پریود		noun	period (menstruation)	platts
زایمان طبیعی		noun	natural birth, natural childbirth, natural labour	rishta:ایمان
اپیدورال		noun	epidural (anaesthetic)	rishta:دور
سزارین		noun	Caesarean section, Caesarean, C-section	rishta:اری
بند ناف		noun	umbilical cord (connecting a foetus with the placenta)	rishta:بند
سرویکس		noun	cervix	platts
دهانه رحم		noun	cervix	rishta:رحم
سرطان دهانه رحم		noun	cervical cancer	rishta:رحم
بخیه		noun	stitch, suture	arbi
زایمان زودرس		noun	premature birth, premature labour	rishta:ایمان
زودرس		adj	early, premature	rishta:درس
آی‌وی‌اف		noun	IVF	rishta:ایو
افسردگی پس از زایمان		noun	postnatal depression, postpartum depression	rishta:ساز
مرخشه		adj	ominous	arbi
خجسته		adj	fortunate, auspicious	rishta:جست
روستا		noun	village	platts
شلوارک		noun	shorts	rishta:وار
روستایی		adj	rural, country, pastoral, rustic	platts
راک اند رول		noun	rock and roll	rishta:اندر
آشامیدنی		adj	potable	platts
راهپیمایی		noun	rally, march	rishta:راہ
خانه‌تکانی		noun	Traditional thorough spring cleaning in preparation for Nowruz (Iranian New Year).	rishta:خان
شتافتن		verb	to hasten	rishta:افت
شتابیدن		verb	to hasten	rishta:ابی
وژولیدن		verb	to stimulate	rishta:ولید
گزاردن		verb	to express, to announce, to explain	platts
زاویه		noun	angle, corner	arbi
قلوه		noun	kidney	platts
فراموشیدن		verb	to forget	rishta:رام
زاییدن		verb	to give birth	platts
زادن		verb	to give birth	platts
ترنج		noun	citron (fruit)	platts
از چه روی		adv	why	rishta:روی
برای چه		adv	why	rishta:برا
ابیشه		adj	furtive	arbi
کالفته		adj	confused, bewildered	rishta:الفت
کالیو		adj	stupid, dumb	platts
وشتن		verb	to dance	platts
پیشرفته		adj	advanced; sophisticated	rishta:رفتہ
بانکداری		noun	banking	platts
مجوس		noun	Magus, Magian	platts
هاون		noun	mortar (tool used with pestle)	platts
به عنوان		prep	as; in the capacity of	rishta:عنوان
مشرقی		adj	eastern	arbi
راغ		noun	meadow	platts
دارابزین		noun	balustrade	rishta:زین
حوضک		noun	little basin, little pool, little tank	arbi
اشپل		noun	spawn	platts
نوبهار		noun	spring	arbi
صبوح		noun	morning draught	platts
بارسات		noun	monsoon, rainy season in India	platts
تطابق کردن		verb	to conform, to be conform	rishta:کردن
کشمیری		adj	Kashmiri (of or pertaining to Kashmir)	platts
نبات		noun	rock candy, rock sugar	platts
پوپو		noun	hoopoe	platts
کلبتان		noun	tongs	rishta:کلب
کلبتین		noun	tongs	rishta:تین
زیانکار	زِیانکار	adj	harmful	rishta:انکار
بلای عشق		noun	affliction of love	rishta:عشق
اهل درد		noun	"one tormented with love or grief"	rishta:درد
اهالی		noun	broken plural of اهل (ahl)	platts
مخرب		noun	wrecker, destroyer, saboteur	arbi
روند		noun	process	platts
حذر		noun	caution, the act of being careful	arbi
نمودار		noun	diagram	rishta:دار
نمایان		adj	visible, evident, apparent, observable	platts
پدیدار	پَدیدار	adj	visible, evident, apparent, observable	rishta:دیدار
بخل		noun	avarice, stinginess	platts
سوارکار		noun	horseman, jockey	platts
سبزه‌زار		noun	pasture, meadow	rishta:ہزار
گل گاوزبان		noun	Echium amoenum	rishta:لگا
مسخره		noun	clown, buffoon; ridiculous person	arbi
دوباره مجذوب شدن		verb	re-engage	rishta:بار
قبضه کردن		verb	to occupy	rishta:قبض
خخخ		intj	haha, lol (used to indicate laughter)	arbi
پیش ایوان		noun	front porch, courtyard	platts
بی‌عرضه		adj	incompetent	arbi
عرضه		noun	offering, presentation	arbi
باعرضه		adj	competent	arbi
بجنب		intj	hurry up	arbi
سنبادیه		noun	a cult, followers of Sindbad (Sunpadh) the Magus	rishta:ادی
شخشیدن		verb	to slip, trip	platts
پوره		adj	whole	rishta:پور
سنبوسه		noun	sambuseh (Iranian pastry with a triangular shape, similar to Indian samosa)	rishta:بوسہ
کمبود		noun	shortage, lack	platts
کم‌خونی		noun	anaemia	rishta:خون
سازگار		adj	compatible	rishta:ساز
پاراگراف		noun	paragraph	rishta:اگر
گرمایش زمین		noun	global warming	rishta:زمین
روغن نارگیل		noun	coconut oil	rishta:روغن
دژآگاه		adj	bellicose, bloodthirsty.	rishta:اگاہ
حسن نیت		noun	good intentions	rishta:حسن
سوء نیت		noun	bad intentions	platts
کشیده		adj	long	arbi
قالب		noun	mould	platts
رهنامه		noun	periplus	rishta:نام
ماشین آب‌پاش		noun	water cannon	rishta:شینا
وگان		adj	vegan	platts
ارزن		noun	millet	platts
بیماری سلیاک		noun	coeliac disease	rishta:لیا
گلوتن		noun	gluten	rishta:گلو
سلیاک		noun	coeliac disease	platts
بانک مرکزی		noun	central bank	rishta:مرکز
پیشگیری		noun	prevention	rishta:پیش
استارتاپ		noun	start-up, startup (a new company or organisation or business venture designed for rapid growth)	rishta:تار
فلفل سیاه		noun	black pepper	rishta:سیاہ
اسپینر		noun	fidget spinner	rishta:اسپ
پاک‌کن		noun	rubber (AUS, NZ, UK), eraser (US)	rishta:پاک
گوشت خوک		noun	pork	rishta:خوک
خنده‌دار		adj	funny	rishta:دار
گوش‌پاک‌کن		noun	cotton wool bud, cotton bud, Q-tip (US)	rishta:پاک
گوشت گاو		noun	beef	rishta:گاو
تپل		adj	chubby	platts
زوجه		noun	wife	arbi
درقه		noun	targe, target	arbi
پینو		noun	buttermilk	platts
پرگاله		noun	particle	rishta:الہ
بی‌سواد		adj	illiterate	platts
باسوادی		noun	literateness	platts
هلتاک		noun	dried balls made from sour milk.	platts
به یاد داشتن	بِه یاد دَاشْتَن	verb	to remember	rishta:بہی
معجون		noun	mixture	platts
ضربه		noun	stroke, blow, strike	arbi
داوری		noun	arbitration	platts
توانگری		noun	riches, wealth	rishta:گری
نخله		noun	palm tree	arbi
بخور		noun	incense	platts
بنفشه‌ای		adj	violet	rishta:بنفشہ
غصن		noun	branch	platts
کاونجک		noun	muskmelon	rishta:اون
جوانه		noun	sprout	arbi
مقصر		adj	guilty, culpable, responsible, at fault	platts
اهل انصاف		noun	people of just treatment	rishta:انصاف
اهل جهان		noun	the people of the world	rishta:جہان
اهل دل		noun	"man or men of mind; great man or men"	platts
اهل دیوان		noun	people of the divan (officials)	platts
اهل دنیا		noun	"a cosmopolitan"	platts
اهل علم		noun	people of knowledge (knowledgeable people)	arbi
اهل عشق		noun	people of love	rishta:عشق
اهل فساد		noun	"seditious [person(s)]; a rioter"	rishta:فساد
اهل حال		noun	"pleasure-seeking (man or men)"	platts
اهل حسد		noun	people of envy (envious people)	rishta:حسد
سرسبز		adj	covered with grass and/or other vegetation; green	rishta:سبز
شرابه		noun	tassel	arbi
برپا کردن		verb	to set up	rishta:پاک
غریبی		noun	strangeness, peculiarity	platts
صرصر		noun	cold, whistling wind	platts
غریبی کردن		verb	to act or feel shy, reserved, or scared, especially of small children, due to presence of strangers or unrelat	rishta:بیکر
درآمدن		verb	to enter, come inside	platts
مهتر		noun	a chief	arbi
تشدید		noun	gemination (phenomenon of a consonant being articulated for a longer duration of time)	platts
شکرشکن		adj	sugar-breaking	rishta:شکر
بی چشم و رو		adj	ungrateful	rishta:بیچ
زاستر		adv	away; beyond	rishta:استر
تعادل		noun	balance, equilibrium	platts
استفراغ		noun	vomiting, belching	arbi
چوغور		noun	sparrow	rishta:غور
میزد		noun	banquet, celebration	platts
لیچ		adj	wet, soaked, soggy	platts
راب		noun	slug	platts
شوک		noun	jolt, prickle	platts
هواسیدن		verb	to parch; shrivel; wither	platts
سترگ		adj	stark, thick, tough, rugged	rishta:ستر
مشاق		noun	servant, domestic	platts
هراسان		adj	fearful	platts
مفسد فی الارض		noun	someone who has spread corruption on Earth, a broadly defined capital crime in Iran	rishta:ارض
بوری		adj	blond	platts
منقرض		adj	extinct	arbi
شادروان		noun	a foundation	platts
توازن		noun	balance, equilibrium	arbi
رسا		adj	far-reaching, audible, loud (voice)	platts
بیگاه		adj	untimely	arbi
دستباف		noun	handmade knitting	rishta:دست
التزام		noun	obligation, undertaking, pledge	arbi
لواش		noun	lavash (a soft, thin flatbread made with flour, water, yeast, and salt, baked in a tandoor, and sometimes spri	platts
دست‌کم گرفتن		verb	to underestimate	rishta:مگر
خب		conj	so (with the result that)	platts
برکت دادن		verb	to bless	rishta:برکت
لحن		noun	tune, melody	platts
پفلنگ		noun	balloon	rishta:لنگ
چراغ قوه		noun	torch/flashlight	rishta:چراغ
تپانچه		noun	handgun, pistol	rishta:انچ
چانه‌زنی		noun	haggling, bargaining	rishta:انہ
نوروفیبروماتوز		noun	neurofibromatosis	rishta:نور
ستون فقرات		noun	spinal column	rishta:رات
چندزنی		noun	polygyny	rishta:چند
چندهمسری		noun	polygamy	rishta:چند
انسولین		noun	insulin	platts
استروژن		noun	oestrogen (UK), estrogen (US)	rishta:استر
تکامل		noun	evolution	arbi
فرگشت		noun	the evolution (theory)	rishta:گشت
مادرزادی		adj	congenital	rishta:ادر
سلول بنیادی		noun	stem cell	rishta:بنی
بانک خون		noun	blood bank	rishta:خون
تیخ		noun	blade, razor	platts
کیزه		noun	earthen bottle with a long narrow neck for water	arbi
انتخاو		noun	election	platts
تهل		adj	bitter	platts
مخلص		noun	safe place; refuge	arbi
کوگ		noun	partridge (bird)	platts
مزلنگ		noun	eyelash	rishta:لنگ
کوت		noun	heap, stack	platts
ارسی		noun	sash window	platts
چاپگر سه‌بعدی		noun	3D printer	rishta:بعد
گرجه		noun	plum	rishta:گرج
راه حل		noun	solution	rishta:راہ
جزا		noun	punishment	platts
قشر		noun	hull, rind, cortex	platts
عشیره		noun	tribe	platts
لرز		noun	shaking	platts
گزینه		noun	choice	rishta:زین
فالو کردن		verb	to follow	rishta:الو
کلیپ		noun	clip (a section of video taken from a film, broadcast or other longer video)	platts
موج‌سواری		noun	surfing	rishta:موج
عرابه		noun	chariot	arbi
طول موج		noun	wavelength	rishta:موج
موج‌سوار		noun	surfer	rishta:موج
بچه‌گربه		noun	kitten	rishta:بچہ
ویتامین ث		noun	vitamin C	rishta:امین
ویتامین دی		noun	vitamin D	rishta:امین
سنتز		noun	synthesis	arbi
فشار خون		noun	blood pressure	rishta:خون
فشار خون بالا		noun	hypertension, high blood pressure	rishta:بال
دیابت بارداری		noun	gestational diabetes	rishta:دیا
قند خون		noun	blood sugar	rishta:خون
طب سنتی		noun	traditional medicine	rishta:سنتی
ریتوییت کردن		verb	to retweet	rishta:ریت
داروشناسی		noun	pharmacology	rishta:اسی
داروشناس		noun	pharmacologist	rishta:دار
گروه مرگ		noun	group of death	rishta:مرگ
خدایا		intj	oh God	platts
مخملک		noun	scarlet fever	rishta:ملک
سردرد		noun	headache	rishta:درد
شبکه اجتماعی	شَبَکِهٔ اِجْتِماعی	noun	social network	rishta:کہا
دامپزشک		noun	vet, veterinary surgeon, veterinarian (Aus, US)	rishta:دام
دامپزشکی		noun	veterinary medicine	rishta:دام
روابط بین‌الملل		noun	international relations	rishta:الم
حقوق بین‌الملل		noun	international law	rishta:الم
گلبول قرمز		noun	red blood cell, erythrocyte	rishta:بول
هموگلوبین		noun	haemoglobin, hemoglobin (US)	rishta:بین
گلبول سفید		noun	white blood cell, leucocyte or leukocyte	rishta:بول
مکتوب		noun	letter (a written message)	arbi
کمان زنبورکی		noun	a crossbow	rishta:بور
سگک		noun	buckle	platts
سرسره آبی		noun	water slide	rishta:رہا
کمک‌های اولیه		noun	first aid	rishta:ایا
فنجان قاعدگی		noun	menstrual cup	rishta:جان
کوهنوردی		noun	mountaineering	rishta:نور
چارک		noun	quartile	platts
کنجکاوی		noun	curiosity	rishta:اوی
ناباروری		noun	infertility	rishta:ابا
قرص اورژانسی		noun	morning-after pill, emergency contraceptive pill	rishta:اور
وامیدن		verb	to vomit	platts
مقابل		adj	vis-à-vis, face to face, opposite	arbi
کاکا		noun	paternal uncle	platts
سفیده		noun	egg white	rishta:سفید
پسین		adj	latest	platts
حالی		adj	present; current; as of now	platts
خشک‌شویی		noun	dry-cleaning	platts
چرخ خیاطی		noun	sewing machine	rishta:خیاط
رختخواب	رَخْتِخواب	noun	bedroll	rishta:خواب
مراقب	مُراقِب	adj	watchful, vigilant, observant, careful	platts
شطرنج‌باز	شَطرَنجباز	noun	chess-player, chess player	rishta:باز
سازدهنی		noun	harmonica	rishta:ساز
یقه		noun	collar	platts
گریبان		noun	collar	rishta:گری
یقه اسکی		noun	polo-neck (UK), turtleneck (US)	rishta:اسکی
آنژین صدری		noun	angina pectoris	rishta:دری
نخ دندان		noun	dental floss	rishta:دندان
سرشماری		noun	census, headcount	rishta:اری
نخ		noun	thread, string	platts
تیماج		noun	goatskin leather	arbi
شهاب‌سنگ		noun	meteorite	rishta:سنگ
سنگ آسمانی		noun	meteorite	rishta:سنگ
تنیس‌باز		noun	tennis player	rishta:سبا
آرنج تنیس‌بازان		noun	tennis elbow	rishta:سبا
انگشتر		noun	ring (jewellery)	platts
حلقه ازدواج		noun	wedding ring, wedding band (US)	rishta:دوا
نامزدی		noun	engagement, betrothal	rishta:نام
حلقه نامزدی		noun	engagement ring	rishta:نام
بی‌خانمانی		noun	homelessness	rishta:خان
بی‌خانمان		adj	homeless	rishta:خان
گورخوابی		noun	The act of sheltering in a grave to sleep due to homelessness.	rishta:خواب
کارتن‌خوابی		noun	The act of sleeping in cardboard boxes or on broken down cardboard boxes due to homelessness.	rishta:خواب
کارتن‌خواب		noun	A homeless person who has to sleep in a cardboard box for shelter, or who sleeps on broken down cardboard boxe	rishta:خواب
تعویق		noun	postponement, deferral, deferment	platts
تصادفی		adj	random, chance	arbi
کلزا		noun	rapeseed, canola, rape	platts
نوشابه انرژی‌زا		noun	energy drink	rishta:بہا
ضخامت		noun	thickness	rishta:امت
خلاصه		noun	summary	arbi
آتش زدن		verb	to set fire to, to burn	rishta:اتش
گاز اشک‌آور		noun	tear gas	rishta:اور
اسپری فلفل		noun	pepper spray	rishta:پری
کوکتل مولوتف		noun	Molotov cocktail	rishta:مول
بارگنج		noun	container (very large, typically metal, box used for transporting goods)	rishta:بار
خروجی		noun	exit, way-out	platts
خودپسندی		noun	arrogance, conceitedness, selfishness	platts
خودپسند		adj	arrogant, conceited, selfish	platts
عفونت کردن		verb	to be infected, get infected	rishta:عفو
کشیک دادن		verb	to guard	rishta:کشی
پاسبانی کردن		verb	to guard (someone / something)	rishta:پاس
خفه		adj	strangled, choked, suffocated	arbi
پرتوقع		adj	over-expectant; demanding	platts
کبودی		noun	bruise, contusion	platts
پادگان		noun	garrison	rishta:پاد
بازجویی		noun	interrogation	arbi
اشکال	اِشکال	noun	difficulty	platts
بازجویی کردن		verb	to interrogate	rishta:باز
دوده		noun	soot, lampblack	arbi
رادیکال		adj	radical	rishta:ادی
شاورما		noun	shawarma	platts
متشکر		adj	thankful	arbi
متشکر بودن		verb	to be thankful, to be grateful	rishta:شکر
سپاسگزار بودن		verb	to be thankful, to be grateful	rishta:پاس
لثه		noun	gum (of the teeth)	arbi
دندان مصنوعی		noun	false teeth	rishta:دندان
مسواک برقی		noun	electric toothbrush	rishta:اکبر
مینای دندان		noun	tooth enamel	rishta:دندان
سفید کردن		verb	to whiten	rishta:سفید
تلگراف‌خانه		noun	telegraph office (institution providing telegraphic services)	rishta:گرا
ساعت هوشمند		noun	smartwatch	rishta:ہوش
ماهواره		noun	artificial satellite	platts
اینترنت ماهواره‌ای		noun	satellite internet	rishta:رہا
ماهواره‌ای		adj	of, or relating to, satellites	platts
نفتکش		noun	oil tanker	rishta:نفت
سنگواره		noun	fossil	rishta:سنگ
هرج و مرج		noun	anarchy, turmoil, chaos	platts
گهواره		noun	cot (UK), cradle	rishta:ہوا
دیکتاتوری		noun	dictatorship	arbi
خوشبختانه		adv	fortunately	rishta:انہ
شرم‌آور		adj	shameful, disgraceful	rishta:اور
نعلبندی		noun	farriery	rishta:بند
انتفاضه		noun	intifada	arbi
تراجنسی		noun	transsexual	rishta:ترا
بیضی		noun	oval	platts
خاخام		noun	rabbi, Rabbi	arbi
درواخ		adj	healthy, sound	platts
شمرده		adj	counted	rishta:مرد
ناقوس مرگ		noun	death knell	rishta:مرگ
رودنگ		noun	madder	platts
شمه		noun	inkling, slight notion; very small quantity	platts
بی‌سابقه		adj	unprecedented	rishta:بیس
قیماق		noun	kaymak (a creamy dairy product, similar to clotted cream, made in the Balkans, Turkey, the Middle East, Centra	platts
بابابزرگ		noun	grandpa, grandfather	rishta:ابا
نباتات		noun	broken plural of نبات (nabāt /nabât)	rishta:اتا
هلونگ		noun	curd, yoghurt	platts
دولت عمیق		noun	deep state, shadow government, state within a state	rishta:دول
درشته		adj	crushed, ground	rishta:رشتہ
پرینتر		noun	printer (computing)	platts
قحط		noun	famine, dearth	platts
تاراج		noun	plunder	arbi
توپچى		noun	artilleryman, gunner	platts
محقق		adj	ascertained	arbi
بلنجمشک		noun	lemon balm	rishta:مشک
بلنجاسپ		noun	mugwort	rishta:اسپ
پونه		noun	pennyroyal	platts
گرزن		noun	wreath, crown	rishta:گرز
آغیل		noun	a leer; ogle; glare	platts
ورکاک		noun	shrike	arbi
تکز		noun	grapeseed	arbi
اختلال		noun	disruption, disturbance	rishta:تلا
لچ		adj	naked	platts
هشپلک		noun	whistle	rishta:پلک
بیات		adj	stale	platts
گیاده		adj	dishonorable; disrespectful	arbi
غرواس		noun	a kind of grass used to make brushes; brush	platts
جرامین		noun	pasture	rishta:امین
افزایش پیدا کردن		verb	increase	rishta:افزایش
افزایش یافتن		verb	increase	rishta:افت
راوک		noun	light wine; pure wine	platts
سنجیدن		verb	to weigh	rishta:نجی
سخش		adj	tattered	platts
ارده		noun	ardeh, tahini, sesame paste	arbi
رهانیدن		verb	to liberate, to free, to rescue	rishta:رہا
تستوسترون		noun	testosterone	rishta:رون
خمیرمایه		noun	leaven, yeast	rishta:خمیر
سالوس		noun	deceiver; hypocrite	platts
سیصد		num	three hundred	platts
ای بابا		intj	oh man (expresses mild frustration)	platts
لشن		adj	soft	platts
رسیده		adj	aged, mature	rishta:سید
مهرازی		noun	architecture	arbi
مهراز		noun	architect	arbi
خارق‌العاده		adj	phenomenal; supernatural; extraordinary	rishta:خار
پیداوار		adj	visible, open	platts
اوگاریتی		adj	Ugaritian, Ugaritic	platts
بژم		noun	dew	platts
ابزیم		noun	clasp, buckle	platts
پریش		noun	root of the verb پریشیدن (parêšidan, “to distract”)	platts
بهتان زدن		verb	to accuse	rishta:بہت
هماورد		noun	competitor, rival, opponent	platts
ماهچه		noun	little moon	rishta:ماہ
صدمه دیدن		verb	to get injured	rishta:دید
صدمه زدن		verb	to injure	rishta:دمہ
پیشخدمت		noun	waiter	rishta:خدمت
ریباری		noun	a fast horse; steed	platts
رعشه		noun	A shake, quiver, tremor, or tremble.	arbi
مغشوش		adj	disorderly, rumpled, marked by disorder.	arbi
فضانورد		noun	astronaut	rishta:نور
بساخ		noun	comfort; leisure	platts
نزوق		noun	a male horse	arbi
مشوش		adj	anxious, uneasy.	platts
ملول		adj	uninterested, jaded.	platts
بیشترین		adv	the most	rishta:تری
هرول		noun	a kind of legume	platts
هرواج		noun	joy	platts
تفیلا		noun	tefilla, prayer	platts
معوج		adj	distorted, contorted	platts
کیف کردن		verb	to enjoy	rishta:فکر
لرد		noun	field, arena	platts
دراغ		noun	sediments of dairy products; curd	platts
ابشتن		noun	shelter, refuge, sanctuary	platts
یپک		noun	raw silk	platts
پرده‌سرای		noun	pavilion	rishta:پردہ
اماج		noun	A small round piece of dough; a soup made of this	platts
خدشه		noun	scratch, abrasion	arbi
پرواس		noun	enclosure; barrier; hedge	platts
انفست		noun	spiderweb	platts
کارت قرمز		noun	red card	rishta:قرمز
مسی		adj	copper; copper-coloured; of or relating to copper	platts
خانواده سلطنتی		noun	royal family	rishta:خان
چاه نفت		noun	oil well	rishta:چاہ
صرافی		noun	bureau de change	platts
خاورمیانه‌ای		adj	Middle Eastern	rishta:اور
سیم‌گیر		noun	tailpiece, or something which secures a string or wire	rishta:گیر
شیطانک		noun	nut	platts
آزمایش خون		noun	blood test	rishta:ازمایش
مزوزا		noun	mezuzah	arbi
سمد		noun	fine wheat flour	platts
فوتسال		noun	futsal (a form of football played indoors)	rishta:سال
آلتو		noun	alto	platts
کاشی‌کاری		noun	tilework, ornate tilework	platts
آبسنگ		noun	reef	platts
آبسنگ مرجانی		noun	coral reef	rishta:سنگ
جوجه‌تیغی		noun	hedgehog	rishta:وجہ
گیاهخواری		noun	vegetarianism	platts
رآکتور شیمیایی		noun	chemical reactor	rishta:ایی
رآکتور		noun	reactor	rishta:کتو
شیمیایی		adj	chemical	platts
مهندسی هسته‌ای		noun	nuclear engineering	rishta:مہندس
همسریابی		noun	Looking for a husband or wife, a partner.	rishta:یاب
هناییدن		verb	to affect	platts
دوست‌یابی		noun	Looking for friends, implying friends with the potential for forming a romantic attachment	rishta:یاب
خواستگاری		noun	proposal (of marriage), especially khastegari, proposing marriage to a woman following Iranian khastegari cust	rishta:اری
بالاخره	بِالْاَخَره	adv	finally, in the end	rishta:اخر
دیباگ کردن		verb	to debug	rishta:کردن
پورت		noun	port	platts
ساختار		noun	structure	arbi
تأسف		noun	regret, sorriness, sad feelings	arbi
معدنچی		noun	miner	rishta:معدن
جدول تناوبی		noun	periodic table	rishta:دول
آذین		noun	ornament, decoration	platts
مهندسی برق		noun	electrical engineering	rishta:برق
مهندسی کامپیوتر		noun	computer engineering	rishta:کام
مهندسی نرم‌افزار		noun	software engineering	rishta:نرم
مهندسی مکانیک		noun	mechanical engineering	rishta:مکان
مهندسی هوافضا		noun	aerospace engineering	rishta:ہوا
مهندسی شیمی		noun	chemical engineering	rishta:مہندس
مرورگر		noun	browser (a web browser)	rishta:مرو
مادربرد		noun	motherboard	rishta:ادر
مهندس نرم‌افزار		noun	software engineer	rishta:نرم
مهندس برق		noun	electrical engineer	rishta:برق
مهندس مکانیک		noun	mechanical engineer	rishta:مکان
یولاف		noun	oat	platts
شناگر		noun	swimmer	platts
خودتراش		noun	razor	rishta:خود
زبان اشاره		noun	sign language	rishta:زبان
کم‌شنوا		adj	hard of hearing, hearing-impaired	arbi
شنوا		adj	hearing, capable of hearing, listening	platts
جلب		noun	drawing, attracting	platts
بختک		noun	An evil spirit in Iranian folklore equivalent to Germanic mare; nightmare.	rishta:بخت
نویسه‌گردانی		noun	transliteration	rishta:گرد
ارزشمند	اَرزِشمَند	adj	valuable	rishta:ارز
ایوار		noun	evening	rishta:ایو
شبگیر		adj	nocturnal; by night; at night	rishta:گیر
سلب		noun	taking away, deprivation, forfeiture	platts
زمام		noun	power, control, leads, initiative, reins	arbi
بک		noun	frog	platts
فشارسنج		noun	barometer	rishta:رسن
درع		noun	armor; body armor; coat of mail	platts
سین		noun	Name of the 25th letter of the Persian alphabet (س), representing the sound /s/.	platts
عجين		adj	mixed, mingled	platts
تعلل		noun	procrastination	platts
کلاف		noun	skein, hank, a ball of thread	platts
کاف		noun	Name of (ک), the Persian form of the letter kaf, representing the sound /k/.	platts
تبریزی		adj	of or belonging to Tabriz	arbi
عرعر	عَرْعَرْ	noun	the braying / heehaw of a donkey	platts
جعد	جَعد	noun	crisp, curly hair; ringlet; tress	platts
متکا		noun	bolster	platts
نگران		adj	worried; anxious	rishta:گرا
تشنج		noun	convulsion	arbi
نارسایی قلب		noun	heart failure	rishta:ایی
سکته قلبی		noun	heart attack	rishta:سکتہ
مزمن		adj	chronic	arbi
مترسک		noun	scarecrow	arbi
پزشکی		noun	medicine (as a subject of study)	rishta:شکی
فاشرا	فَاشِرَا	noun	Bryonia gen. et spp.	platts
سندروس		noun	the tree Tetraclinis articulata	platts
كتيبة		noun	inscription	arbi
نقش		noun	role; part	platts
رواج		noun	prevalence, popularity	platts
کوله		noun	backpack	platts
کوژ		adj	convex	platts
گوژ		adj	convex.	platts
گوژپشت		noun	humpback, hunchback	rishta:پشت
دلال		noun	coquetry	platts
تورقوزآباد		noun	nowhere	rishta:اباد
مداح		noun	panegyrist, eulogist	arbi
وشق		noun	lynx	platts
کارواش		noun	car wash	platts
مردم‌شناس		noun	anthropologist	rishta:مرد
مرموز		adj	cryptic, mysterious	rishta:موز
سرخس		noun	fern	platts
رواق		noun	portico	platts
تفنن		noun	hobby	arbi
کشک		noun	Kashk, a range of dairy products made from dried drained yogurt or dried sour milk.	platts
هم‌پالکی		noun	People who travel together in a wagon, travelling companions.	rishta:پال
مازنی		noun	Mazanderani person	arbi
مغاره		noun	cave, cavern	platts
سنخ		noun	type, class	platts
پارتی بازی		noun	cronyism; influence or opportunities gained by making connections rather than by merit	rishta:باز
چله تابستان		noun	midsummer	rishta:ستان
چله زمستان		noun	midwinter	rishta:مست
شب چله زمستان		noun	The night of midwinter.	rishta:مست
شاه‌بلوط		noun	chestnut	arbi
وفنوک		noun	club (?), mace (?)	arbi
ادرم		noun	saddlecloth	platts
محاربه	مُحارِبِه	noun	battle, fight, action, combat	rishta:ارب
رخم	رَخَم	noun	gentleness, lovingkindness, affection	platts
خرجین		noun	saddlebag	rishta:جین
شکلاتی		noun	The colour/color chocolate.	arbi
شکلات داغ		noun	hot chocolate	rishta:داغ
رسوب		noun	sediment	platts
رسوخ		noun	being firmly anchored, being entrenched	platts
ادب فارسی		noun	Persian literature	rishta:ادب
ویلان		adj	vagrant	platts
گوالیدن		verb	to grow	rishta:والی
پروردن		verb	to foster, to nurture	platts
کرپا		noun	harvest, crop	platts
انیسون		noun	anise	platts
بادیان رومی		noun	anise	rishta:دیا
رازیانه		noun	fennel	rishta:انہ
پدواز		noun	perch	rishta:دوا
گرچ		noun	lime; plaster; mortar	platts
گیج		adj	dizzy	platts
تارمی		noun	hall; Panjdari	platts
کازود		noun	scissors	arbi
ساج		noun	teak tree and wood (Tectona gen. et spp.)	platts
شبرم		noun	spurge	arbi
شتا		noun	winter	platts
خیری		noun	wallflower	platts
نسترن		noun	dog rose	rishta:ستر
کلیز		noun	bee	platts
تشویش		noun	disquiet, uneasiness	platts
کولخاس		noun	holly	arbi
مطب		noun	doctor's office, clinic	arbi
چموش		adj	restive	rishta:چمو
انک کردن		verb	to abase, abash	rishta:کردن
کنفت		adj	embarrassed	rishta:نفت
خاتوله		noun	evilness, treachery	arbi
خنور		noun	vessel, container, crock, jar	platts
باسترک		noun	common rock thrush	rishta:استر
هیوند		noun	abstinent	platts
ودیعه		noun	deposit, endowment	platts
خوش‌نمک		adj	slightly salty, especially when it makes the food tasty	rishta:نمک
پلارک		noun	scimitar	rishta:لار
کویستن		verb	to beat, pound	platts
کلته		adj	stunted, lame	arbi
بگنی		noun	beer	platts
پید		adj	scattered, dispersed	platts
سامه		noun	asylum	platts
مجدانی		adj	glorious, noble, Majesty, Lord	rishta:جدا
قبراق		adj	vigorous	platts
چندش		noun	shudder	rishta:چند
یمان		noun	bane, curse	platts
آذوقه		noun	provision	arbi
ریستن		verb	to fall down, collapse	platts
دواج		noun	stuffed bed-quilt, sheet, coverlet; or any nappy underlay or covering	platts
دفنوک		noun	ornamental covering of a saddle; saddlecloth	rishta:دفن
سالوک		noun	poor, indigent	platts
انر		adj	horrible	platts
انیر		noun	non-Aryan, non-Iranian	platts
استینه		noun	egg (?) or perhaps a food made with eggs	arbi
چجور		adv	how	rishta:جور
آفند		noun	fight	platts
یغر		adj	bulky	platts
بروشک		noun	bog, marsh	platts
رخنه		noun	crack, crevice	arbi
بابلی		adj	Babylonian	platts
یازیدن		verb	to attain, to reach or come to	platts
همیان		noun	money belt	platts
تخلخل		noun	porosity	arbi
هوار		noun	shout, yell	platts
پرت		adj	thrown to the ground	platts
اگرا		noun	noodle	platts
اریب		adj	oblique	platts
جریب		noun	jerib (unit of surface area)	platts
کاله‌جوش		noun	keledoş	rishta:الہ
راسن		noun	elecampane (Inula helenium)	platts
الپر		adj	shrewd; naughty	platts
الیف		noun	piece, slice, segment	platts
بادرم		noun	babble, chatter	rishta:ادر
بادبیزن		noun	fan (hand-held device)	rishta:ادب
ارغه		adj	shrewd, cunning	arbi
ارود کردن		verb	to pluck (remove feathers)	rishta:رود
شید کردن		verb	to tease; tousle; scatter	rishta:کردن
شیهه		noun	neigh	arbi
دول دادن		verb	to put off, temporize, delay	rishta:دول
خدنگ		noun	mongoose	platts
خیش		noun	plough; ploughshare	platts
جبه		noun	robe, tunica, coat, gown, jubbah	arbi
کالوج		noun	messenger pigeon, homing pigeon	platts
کوپل		noun	feverfew (Tanacetum), chrysanthemum, camomile vel sim.	platts
گیدی		noun	screw pine, Pandanus	platts
هوبره		noun	bustard	arbi
تاور		noun	happening, occurrence, event, circumstance, incident	platts
چاوش		noun	the head of a caravan who loudly sang poems in medieval Persia	platts
کپر		noun	shed, shack, hovel	platts
استحمار		noun	act like a donkey; act stupidly or naively.	arbi
مدام		adj	unending, ceaseless, perpetual; (adverbially) ceaselessly, forever	platts
هدر		noun	wasted effort; work without results	platts
نانوشته		adj	unwritten	rishta:نان
مکار		adj	sly	platts
ترفندباز		noun	trickster	rishta:باز
آبزی		adj	marine	platts
شاه‌ماهی		noun	herring	arbi
ماهی آزاد		noun	salmon	rishta:ماہ
پاس گل		noun	assist	rishta:پاس
ترانزیستور		noun	transistor	arbi
بایگانی		noun	archives	platts
نماهنگ		noun	music video	rishta:اہنگ
همایش		noun	conference	platts
همزه		noun	hamza (Arabic sign representing the glottal stop)	arbi
والیبال ساحلی		noun	beach volleyball	rishta:ساحل
والیبال		noun	volleyball	platts
سنگ کلیه		noun	kidney stone, renal calculus	rishta:سنگ
کاسنی		noun	chicory (any Cichorium plant and especially Cichorium intybus)	platts
فیزیک نظری		noun	theoretical physics	rishta:نظر
برهم‌نهی		noun	superposition	rishta:منہ
دیود		noun	diode	platts
اسمز		noun	osmosis	arbi
هوش مصنوعی		noun	artificial intelligence	rishta:ہوش
جوشکار		noun	welder	rishta:جوش
جوشکاری		noun	welding	rishta:اری
سلول خورشیدی		noun	solar cell	rishta:رشید
پروسکایت		noun	perovskite	platts
شالیزار		noun	paddy field, rice paddy, paddy	rishta:زار
مخلوق		noun	creature, creation (something created)	arbi
اپلای کردن		verb	to apply to study abroad	rishta:ایک
کشتی آزاد		noun	freestyle wrestling	rishta:ازاد
سقا		noun	water carrier	platts
توالت فرنگی		noun	Western-style toilet	rishta:توا
توالت ایرانی		noun	squat toilet	rishta:ایران
اربد		noun	serpent	arbi
تربد		noun	turpeth	platts
همجنسگراهراس		adj	homophobic	rishta:راہ
سنباده		noun	sandpaper	rishta:باد
حرز		noun	amulet, talisman	platts
بیگاری		noun	forced labor	platts
غبغب		noun	double chin	arbi
ابیز		noun	spark	platts
کفاش		noun	shoemaker; cobbler	platts
بیسراک		noun	a camel's colt two years old	rishta:بیس
جلاد		noun	executioner, headsman	platts
پوکی		noun	the state of being hollow, hollowness	platts
بدنه		noun	main body; largest and most important part	arbi
بدست		noun	span (measure)	platts
کابین		noun	marriage-portion, dowry	platts
سورنجان		noun	meadow-saffron, hermodactyl (Colchicum spp.)	arbi
مسلما		adv	certainly; definitely	platts
کنگره		noun	merlon, battlement	rishta:نگر
تکثر		noun	numerosity	platts
مکر		noun	trick, ruse	platts
تیمار		noun	care; nurture; provision	platts
خود نوشتن		verb	to write about oneself	rishta:خود
ستایش		noun	praise	platts
آذرگون		noun	marigold (Calendula officinalis)	rishta:اذر
زرنباد		noun	zerumbet (Zingiber zerumbet)	arbi
جدوار		noun	zedoary (Curcuma zedoaria)	platts
ژدوار		noun	zedoary (Curcuma zedoaria)	platts
سیلو		noun	silo (vertical building for storing grain)	platts
جلاب		noun	julep, jallab	platts
البا		noun	layer	platts
چپت		noun	a traditional leather shoe made in Khorasan	platts
ذوب		noun	melting	arbi
حاشا		particle	God forbid, heaven forbid, far be it...	platts
وروجک		adj	unruly	platts
تخس		adj	mischievous	platts
نیستی		noun	non-existence	platts
خونیرث		noun	Xwanirah, the central and largest of the continents in Zoroastrianism and Old Iranian Mythology, believed to b	rishta:خون
منجنیق		noun	catapult	arbi
سالار		noun	leader	platts
خویش		pron	oneself	platts
سال پیش		noun	last year	rishta:سال
سال گذشته		noun	last year	rishta:سال
استوانه		noun	cylinder	arbi
مرگ بر		intj	down with, death to	rishta:مرگ
مشروب		noun	alcoholic beverage	arbi
دنبال آمدن		verb	to come after, come for, come get	rishta:امد
پاداش		noun	reward	platts
مارمولک	مارْمولَک	noun	lizard	rishta:ارم
درنگ		noun	delay	platts
متغیر		adj	variable (able to vary)	arbi
دماسنج	دَماسَنْج	noun	thermometer	rishta:اسن
دما		noun	temperature	platts
حرارتی		adj	thermal	rishta:حرا
گرمایی		adj	thermal	platts
مازو		noun	gall nut, oak apple, oak gall, gall apple, Aleppo gall	platts
معرفت‌شناسی		noun	epistemology	rishta:اسی
شوکران	شَوْكَرَان	noun	hemlock (Conium gen. et spp., particularly Conium maculatum)	arbi
اوستاد		noun	earlier form of استاد (ustād /ostâd)	platts
عرضحال		noun	petition	arbi
بی گدار به آب زدن		verb	to be rash, to not look before you leap	rishta:بیگ
زقوم		noun	Zaqqum (tree growing in Hell)	arbi
متخلف		noun	offender, violator, delinquent	arbi
دق		noun	extreme grief	platts
مسرور		adj	glad, cheerful, happy	arbi
همیاری		noun	aid, bailout	platts
درمورد		prep	about, concerning, regarding	rishta:مور
تصادف کردن		verb	to have an accident	rishta:فکر
سر خوردن		verb	to get into an accident	rishta:سرخ
غش کردن		verb	to faint, swoon	rishta:شکر
گلگیر		noun	fender, mudguard	platts
لیز		adj	slippery	platts
پیش آمدن		verb	to come forward	rishta:شام
خوش گذشتن		verb	to pass pleasantly (said of time)	rishta:خوش
وارد شدن		verb	to enter; to come in, to go in	rishta:وار
پا شدن		verb	to get up	platts
نزدیک شدن		verb	to approach	rishta:نزدیک
گول زدن		verb	to deceive, to dupe, to fool, to trick	rishta:گول
اذیت کردن		verb	to annoy; to bother	rishta:اذیت
پدید شدن		verb	to appear, come into view	rishta:دید
ناپدید	ناپَدید	adj	invisible, hidden	rishta:دید
ناپدید شدن		verb	to disappear, vanish	rishta:دید
تعمیر کردن		verb	to repair, to fix	rishta:عمیر
سحرخیز		noun	early riser	rishta:سحر
بلندگو		noun	loudspeaker, megaphone	rishta:بلند
امضا کننده		noun	signatory	rishta:نند
خوانا		adj	legible, readable	platts
دارا		adj	possessing; having; possessed of; with the quality of	platts
بینا		adj	sighted, capable of seeing	platts
بچگانه		adj	childish	rishta:انہ
ادامه دادن	اِدامه دادَن	verb	to continue, keep on doing	rishta:ادا
نیمکت		noun	bench	rishta:نیم
تفنگچه		noun	handgun	rishta:تفنگ
حوری		noun	nymph, houri	platts
غاسول		noun	soapwort (Saponaria) gen. et spp.)	arbi
شعبه		noun	branch, section, division	platts
قلاووز		noun	protector of an army	platts
بوش		noun	being, dasein, existence	platts
زنبورک		noun	little wasp	arbi
مازریون		noun	mezereon, spurge-olive (Daphne mezereum)	arbi
مردار سنگ		noun	litharge, lead monoxide	rishta:سنگ
دفاع کردن	دِفاع کَردَن	verb	to defend	rishta:دفاع
زراوند		noun	birthwort (Aristolochia gen. et spp.)	arbi
دارفلفل		noun	long pepper	arbi
خویشتنداری		noun	abstinence, continence, restraint	rishta:اری
ابراز		noun	declaration, expression	arbi
مضحک		adj	provoking laughter, funny	arbi
کله		noun	head	platts
زورا	زوراً	adv	forcefully, forcibly, by force	platts
ناچار		adj	without other choice, constrained	platts
نبش		noun	street corner	platts
ایلخان		noun	ilkhan	platts
روان‌شناس		noun	psychologist	rishta:انش
مشارکت		noun	participation, partnership	rishta:رکت
واقعا		adv	really; actually	rishta:واقع
طالع	طالِع	noun	horoscope; omen; star of fortune (in astrology)	platts
بغض		noun	lump in one's throat	arbi
کمک‌های		noun	aid	rishta:کہا
شهله		noun	fatty meat	arbi
مسدود		adj	closed, blocked, obstructed	platts
اصفهانی		adj	Isfahani	platts
دهلیز		noun	vestibule, portico	arbi
دیبا		noun	brocade	platts
چاره		noun	remedy, help	platts
رعب		noun	terror, horror	platts
جودت		noun	excellence	platts
مکوک		noun	weaver's shuttle	platts
فراصوت		noun	ultrasound	platts
شجاعت		noun	bravery, courage	platts
قوری		noun	teapot	platts
پدرسالاری		noun	patriarchy	rishta:اری
ایدون		adv	thus, so	platts
جاروبرقی	جاروبَرْقِی	noun	vacuum cleaner	rishta:برق
دنگل		adj	disproportionate, of inconcinnous shape	platts
نایژه		noun	bronchus	arbi
اوزون برون		noun	sevruga, starry sturgeon (Acipenser stellatus)	rishta:رون
استراق		noun	stealing	platts
شالی		noun	rice-hull, rice-husk	platts
توک		noun	eye	platts
نیفه		noun	the top middle area of a pair of trousers or drawers where a cord goes through to support the two legs, waistb	arbi
کما		noun	mace, the envelope of nutmeg	platts
مغلوب		adj	defeated	arbi
انزروت		noun	sarcocolla (resin of A. sarcocolla and a few similar shrubs)	platts
از دست دادن		verb	to lose, especially something of emotional value, e.g. a loved one	rishta:دست
حزین		adj	sorrowful; doleful	arbi
خزینه‌دار		noun	treasurer	rishta:زین
دغد		noun	bride	platts
عطار		noun	traditional herbalist or apothecary	platts
شومین		noun	spinach	platts
اسپندان		noun	white mustard (Sinapis alba)	rishta:اسپ
زافه		noun	a pungent desert plant	arbi
جوره		noun	friend	arbi
آتش‌پرست		noun	fire-worshipper	rishta:اتش
بی‌ادب		adj	impolite	platts
فرهیختن		verb	to educate, to teach	rishta:رہی
کبر		noun	caper	platts
گاس		noun	maybe, perhaps	platts
پیشوا		noun	one who is a model, someone whom others follow or imitate, guide, exemplar, initiator, instructor	platts
چنگی		noun	harper, lutanist	platts
چارطاق		noun	a kind of vault resting on four pillars	rishta:چار
شب‌بوی		noun	stock (Matthiola gen. et spp.)	platts
حلتیت		noun	hing, devil's dung (Ferula assa-foetida)	arbi
سورسات		noun	marching rations, requisitions, contributions raised by the army and various officials for war, the reigner wh	platts
تیله		noun	marble	platts
نگون		adj	turned, inverted, hanging down	platts
پسان		adv	later	platts
جنگره		adj	aggressive, rude	rishta:نگر
بدرام		adj	wild	rishta:بدر
دست‌نماز		noun	wudu (ritual washing before prayer)	rishta:دست
کشیش		noun	priest (including Christian priests)	platts
دهمشت		noun	laurel	arbi
برون‌سپاری		noun	outsourcing	rishta:اری
جمع‌سپاری		noun	crowdsourcing	rishta:اری
زنبوردار		noun	beekeeper, apiculturist	rishta:ردا
زنبورداری		noun	beekeeping, apiculture	rishta:اری
حشره‌کش		noun	insecticide	rishta:حشرہ
مستعمره		noun	colony (territory ruled or settled by foreigners)	arbi
استعمار کردن		verb	to colonize / colonise	rishta:عمار
استعمارگر		noun	colonialist	rishta:عمار
مستعمره‌سازی		noun	colonization / colonisation	rishta:ساز
نوردرمانی		noun	phototherapy, light therapy	rishta:نور
شیمی‌درمانی		noun	chemotherapy	rishta:مان
ایمنی‌درمانی		noun	immunotherapy	rishta:ایمن
فاصله‌گذاری		noun	spacing	rishta:اری
پرتودرمانی		noun	radiotherapy, radiation therapy	rishta:رتو
رادیویی		adj	of or pertaining to radios; radio	platts
پرتونگاری		noun	radiography	rishta:اری
برش‌نگاری		noun	tomography	rishta:اری
در این فاصله		adv	in the meantime, meanwhile	rishta:اصل
بلورنگاری		noun	crystallography	rishta:اری
قانون‌گذاری		noun	legislation (the act of legislating)	rishta:اری
قانون‌گذاری کردن		verb	to legislate	rishta:اری
ترجمه ماشینی		noun	machine translation	rishta:ہما
ماشینی		adj	of or pertaining to cars, automobiles	platts
ژن‌درمانی		noun	gene therapy	rishta:مان
رگ‌نگاری		noun	angiography	rishta:اری
آنژیوگرافی		noun	angiography	rishta:گرا
پژواک‌نگاری		noun	echography	rishta:اری
پروستات‌برداری		noun	prostatectomy	rishta:اری
جهش		noun	leap, bounce	arbi
جهش‌یافته		noun	mutant	rishta:افت
پیری		noun	old age	platts
یاخته بنیادی		noun	stem cell	rishta:بنی
نشانگر		noun	identifier, marker	rishta:نگر
سرمایه‌گذار		noun	investor	rishta:سرما
سرمایه‌گذاری		noun	investment	rishta:اری
سرمایه‌گذاری کردن		verb	to invest	rishta:اری
سرمایه‌گذاری جمعی		noun	crowdfunding	rishta:اری
هم‌اتاقی		noun	roommate	rishta:اتا
تکاندن		verb	to shake (something)	rishta:کان
تکان		noun	jerk, a sudden, quick movement	platts
پرتو آفتاب		noun	sunbeam, sunray	rishta:افت
پرتو زدن		verb	to irradiate (expose to radiation)	rishta:رتو
قرقره		noun	spool, pulley	arbi
برق‌رسانی		noun	electrification	rishta:برق
پله‌برقی		noun	escalator	rishta:برق
برق‌کار		noun	electrician	rishta:برق
طعمه		noun	prey	arbi
سه‌راهی		noun	T-junction	arbi
سیم‌سیار		noun	extension block, power strip	platts
پیچاپیچ		adj	convoluted, complicated, spiral, mazelike	rishta:اپی
نوار	نَوار	noun	strip, band (a long, thin piece of land or of any material)	platts
نوار قلب		noun	electrocardiogram	rishta:قلب
نوار مثانه		noun	uroflowmetry, urinary flow rate	rishta:ارم
پستان‌نگاری		noun	mammography	rishta:پست
مهندسی ژنتیک		noun	genetic engineering	rishta:مہندس
مولکولی		adj	molecular	rishta:مول
مهندسی مولکولی		noun	molecular engineering	rishta:مول
سحابی		noun	nebula	platts
زیست‌پزشکی		noun	biomedicine	rishta:شکی
پرتوان		adj	pluripotent	platts
فرازمینی	فَرازَمینی	adj	extraterrestrial	rishta:زمین
بستگان		noun	relatives, relations	rishta:گان
پرتوانی		noun	pluripotency	platts
سراغ		noun	sign, scent, footprint	platts
نهادی	نَهادی	adj	natural	arbi
سگالیدن		verb	to think, consider, discuss	rishta:گال
دایزه		noun	maternal aunt (mother’s sister)	arbi
آغل		noun	pinfold, caverns for cattle	platts
جولا		noun	spider	platts
تماما	تماماً	adv	completely	arbi
دیگدان		noun	stove	rishta:دیگ
باشه		intj	Used to indicate acknowledgement or acceptance. OK	arbi
دنیوی		adj	mundane	platts
تعرفه		noun	tariff, impost	arbi
لوغیدن		verb	to milk	platts
اخراج کردن		verb	to fire	rishta:اخر
اخراج شدن		verb	to be fired	rishta:اخر
افت کردن		verb	to decrease, descent, to have a drop, a decrease in quality	rishta:افت
آویزان کردن		verb	to hang in the air, suspend	rishta:اوی
قرقاول		noun	pheasant (bird)	arbi
جزیه		noun	jizya (a per capita tax levied on a section of an Islamic state's non-Muslim citizens, who meet certain criter	arbi
تیهو		noun	grey partridge (a game bird in the pheasant family, Perdix perdix)	platts
مجار		noun	Hungarian	platts
گواشتن		verb	to digest	platts
اوکراینی		adj	Ukrainian	platts
داغون		adj	wrecked, destroyed, broken	platts
کماشیر		noun	an opopanax-like gum from a certain umbelliferous plant	arbi
جوز هندی		noun	nutmeg	rishta:جوز
پوست جوز هندی		noun	mace, the envelope of nutmeg	rishta:جوز
قاچاق		noun	contraband, illicit substances	platts
راه بردن		verb	to walk	rishta:راہ
عروسک پشت پرده		noun	Any plant of the genus Physalis.	rishta:روس
کاکنج		noun	Alkekengi officinarum (syn. Physalis alkekengi)	arbi
مطبوع		adj	pleasant, agreeable	arbi
آلاوه		noun	tipcat game	platts
پنتی		adj	slovenly	platts
کدخدا		noun	village headman, mayor	platts
خیرات		noun	alms, charity	platts
یک‌رنگ		adj	unicolored	platts
هول		noun	shock, terror	platts
حقوق‌شناسی		noun	jurisprudence	rishta:اسی
کلان‌شهر		noun	metropolis	rishta:نشہ
پارگین		noun	sink, sewer	platts
پرندوش		adv	last night	rishta:رند
ورم		noun	swelling	platts
ششت		adj	vile, detestable, deformed, shameful, bad	platts
کلان شدن		verb	to grow up, grow	rishta:انش
پاشیدن		verb	to sprinkle	platts
وند		noun	affix	platts
نیمروز		noun	noon, midday	rishta:روز
پیشمرگه		noun	peshmerga (Kurdish fighter)	rishta:مرگ
کندوری		noun	a leathern cover for a table	platts
قندیل		noun	lamp	platts
ادبخانه		noun	water closet	rishta:خان
کده		noun	house	arbi
آلوی بخارا		noun	alubukhara	rishta:الو
سرپوش		noun	cover	rishta:سرپ
سرپیچ		noun	socket	rishta:سرپ
سیج		noun	danger	platts
سیجناک		adj	dangerous	rishta:ناک
تأکید		noun	emphasis (special weight or forcefulness given to something considered important.)	platts
سیلابی		adj	of or pertaining to floods or flooding	platts
دشت سیلابی		noun	floodplain	rishta:ابی
سفربر		adj	who undertakes a journey, ready to travel	rishta:سفر
بافت		noun	texture (e.g. of a fabric)	rishta:افت
پراندن		verb	to cause to fly	rishta:ران
موریانه		noun	termite	arbi
میگو		noun	shrimp, prawn	platts
دلیر		adj	brave, courageous	platts
افشاندن	اَفشاندَن	verb	to scatter, disperse	rishta:شان
قشلاق		noun	wintering place, qishlaq	arbi
لقمه		noun	morsel or small sandwich	arbi
جنایتکار		noun	a person who is guilty of a major crime, notably breaking the law	rishta:ایت
بزهکار		noun	a person who is guilty of petty crimes; delinquent	rishta:کار
پیگرد قانونی داشتن		verb	to be prosecutable	rishta:گرد
سینگل		adj	single (Not married or (in modern times) not involved in a romantic relationship without being married or not 	platts
دل کسی را زدن		verb	to become uninteresting, boring, unpleasant, or repulsive as a result of excessiveness or passage of time	rishta:کسی
گزینش		noun	choice, selection	rishta:زین
واداشتن		verb	to compel, to force	platts
وادار		adj	compelled; led to (do something)	platts
رطوبت		noun	humidity, moisture	arbi
غمناک		noun	sorrowful, sad	rishta:منا
زنگار		noun	verdigris, rust	rishta:زنگ
بادیه		noun	desert	platts
جزدان		noun	portfolio	arbi
خیار چنبر		noun	golden shower tree, Cassia fistula	rishta:یار
خوارزمشاه		noun	Khwarazmshah	rishta:خوار
قلمتراش		noun	penknife	rishta:ترا
بیداد		noun	oppression, injustice, tyranny	platts
میشین		adj	belonging to sheep	platts
مجاور		adj	adjacent; neighboring	platts
خزر		noun	Khazar	arbi
کوتوال		noun	castellan	platts
قلقل		noun	gurgle	arbi
بی‌صراط	بیصِراط	adj	lawless, impious	arbi
بخشنده		adj	merciful	rishta:بخش
اشترخار		noun	camelthorn	platts
سداب		noun	harmal (Peganum harmala)	platts
سیلان	سَیَلان	noun	flow; flux	platts
سبزی‌فروش		noun	greengrocer, seller of greens	platts
شکیبنده		adj	patient	rishta:بند
مصراع		noun	hemistich; half of a بیت (beyt, “line of verse”)	platts
متخصص		noun	specialist; expert	arbi
شار		noun	flux	platts
دارایی		noun	property, assets	platts
دولچه		noun	leathern bucket	rishta:دول
پیشتخته		noun	desk, counter in a shop	rishta:تخت
پینکی		noun	slumber	platts
کمخا		noun	damask silk	platts
مجسم		adj	embodied, corporeal, incarnated, given bodily form	arbi
لاری		noun	a Persian silver coin	platts
خوشبختی		noun	happiness	rishta:بخت
برقرار		adj	established	rishta:قرار
قنات		noun	qanat (underground irrigation system)	platts
قناد		noun	confectioner	platts
دباغ خانه		noun	tannery	rishta:باغ
اوباریدن		verb	to swallow without chewing, to devour.	platts
زفر		noun	jaw	arbi
لک		noun	stain or spot	platts
خلاصی		noun	liberation, deliverance	platts
خلاشی		noun	sailor	platts
حاذق		adj	skillful, proficient, adept, shrewd	arbi
خلاشه		noun	rubbish of sticks or thorns	arbi
خلاسی		noun	mulatto	platts
خلاس		noun	thief	platts
خلیدن		verb	to hurt by introducing a sharp point, to sting	platts
عبث		noun	absurdity, nonsense	platts
گوجه سبز		noun	greengage	rishta:وجہ
غافث		noun	agrimony (Agrimonia gen. et spp.), especially the common agrimony (Agrimonia eupatoria)	arbi
گازر		noun	walker, fuller	platts
اخم		noun	frown	platts
اخمو		adj	frowny	platts
بی‌دین		adj	irreligious	platts
شیردال		noun	griffin	platts
موستان		noun	vineyard	platts
ماجراجو		noun	adventurer	rishta:اجر
مشتاق		adj	yearning (for), longing (for), desirous	platts
شاهوار		adj	royal, kingly	platts
فرسودن		verb	to erode, wear out, deplete	platts
حکومت کردن		verb	to rule, dominate	rishta:حکومت
سلطانی		adj	royal	platts
داروینیسم		noun	Darwinism	rishta:اروی
یونجه		noun	alfalfa	arbi
شبدر		noun	clover	platts
ماشک		noun	vetch (Vicia gen. et spp.)	platts
تالان		noun	plunder, sack	platts
ناتمام		adj	incomplete, unfinished, imperfect	rishta:اتما
چلنگر	چِلِنْگَر	noun	a locksmith	rishta:نگر
راهرو		noun	hallway, corridor	platts
برخی		pron	some	platts
همه‌گیری		noun	epidemic	rishta:گیر
دنیاگیری		noun	pandemic	platts
جودر		noun	rye	platts
پس‌ماند		noun	waste	rishta:سمان
ماند		noun	inertia	platts
کیفر		noun	punishment	platts
ناراحت		adj	upset	rishta:راحت
سپری		noun	complete, finished	platts
معراج		noun	ascension to heaven	platts
غلامی		noun	slavery, bondage, servitude	platts
لغز		noun	riddle, enigma	platts
شنگار		noun	bugloss (Anchusa, Alkanna spp.)	platts
دولبند		noun	turban, sash of a turban	platts
تخش		noun	arrow	platts
تعطیلات		noun	holidays	rishta:تعطیل
معادل		adj	equivalent	platts
خیم		noun	essence, nature	platts
استویهاد		noun	the demon of death in the Avesta	arbi
سقر		noun	Hell	platts
مهمیز		noun	spur	arbi
معمم		adj	turbanned: wearing a turban	arbi
کلنجار		noun	a crab	rishta:نجار
کلنجار رفتن		verb	to fumble with your hands, just like how a crab tries to hold things with its claws	rishta:نجار
قرشمال		noun	a gypsy, usually female	rishta:شمال
امیرتومان		noun	a major general, a commander of a division.	rishta:امیر
سرلشکر		noun	a major general, a commander of a division.	rishta:شکر
هنگ		noun	a regiment	platts
آموت		noun	the nest of large birds of pray, e.g. eagles or vultures, which is usually built at high elevations.	platts
موحش		adj	dreadful	platts
شهوت‌انگیز		adj	sexy, steamy, saucy, sexually hot, provocative or tempting	rishta:انگ
شهوت‌برانگیز		adj	sexy, steamy, saucy, sexually hot, provocative or tempting	rishta:برا
بهر		noun	share, portion	platts
مسطح		adj	flat; even; level	arbi
مدافع		noun	defender	arbi
شؤم		adj	ill-omened, inauspicious	platts
قفل‌ساز		noun	locksmith	rishta:ساز
کلیدساز		noun	a keymaker or a locksmith	rishta:ساز
بیجاده		noun	garnet or ruby	arbi
نارسنگ		noun	garnet	platts
پالهنگ		noun	rein	platts
اژدهافش		adj	dragon-like, draconic	rishta:اژدہا
زادروز		noun	birthday	rishta:روز
کنداوری		noun	valour, courage	platts
سکندری		noun	stumble	platts
دیهیم‌ها		noun	diadems	arbi
نیم‌تاج		noun	a tiara	rishta:تاج
کلاه‌خود		noun	a Devil mask	rishta:خود
نحیف		adj	puny	arbi
شیرفش		adj	lionlike, leonine	rishta:شیر
کلاگیس		noun	a wig	rishta:اگی
کف کردن	کَف کردن	verb	to foam or froth	rishta:فکر
شرزه‌شیر		noun	a ferocious, raging lion	rishta:شیر
شرزه‌پلنگ		noun	a ferocious, raging leopard	rishta:لنگ
امیرلشکر		noun	a major general, a commander of a division.	rishta:شکر
کرگ		noun	a rhinoceros	platts
آلایش		noun	adulteration	platts
التهاب		noun	inflammation	arbi
تصویب		noun	approval; acceptance; ratification	platts
نشاندن		verb	to set, to place	platts
پیش رفتن		verb	to progress, to advance, to go forward	rishta:پیش
اشکوب	اُشْکوب	noun	level or storey of a structure	platts
خشنسار		noun	coot	rishta:نسا
چنگر		noun	coot	platts
پرلا		noun	coot	platts
سؤال کردن		verb	to ask, to question	rishta:سوال
ستوه		adj	defeated, beaten	platts
یاقوت کبود		noun	sapphire (blue corundum)	rishta:قوت
شکست‌خورده		adj	defeated, beaten	rishta:شکست
باز آمدن		verb	to come back	rishta:امد
قت		noun	trefoil, clover	platts
بسد		noun	coral	platts
به ستوه آمدن		verb	to become overwhelmed, fed up, plagued, or sick of lingering irritation	rishta:امد
به ستوه آوردن		verb	to swamp, plague, or fatigue	rishta:اور
مجروح شدن		verb	to get wounded or seriously injured	rishta:روح
افگار		adj	wounded or hurt	platts
چیلان		noun	ironware	platts
خیودان		noun	spittoon	platts
کبودچشم		adj	blue-eyed	rishta:چشم
شبانه‌روز		noun	a full day (twenty-four hours)	rishta:روز
شتر دوکوهان		noun	a Bactrian camel	rishta:شتر
کوهان		noun	the hump of a camel, zebu, etc.	platts
گشتاور		noun	torque, moment of force	rishta:اور
تنجار		noun	compressor	arbi
کرپی		noun	dam, jetty, mole	platts
بومهن		noun	earthquake	rishta:بوم
مکانیک سیالات		noun	fluid mechanics	rishta:کسی
سیال		noun	fluid	platts
تعریف کردن	تَعْریف کَرْدَن	verb	to define	rishta:تعریف
مکانیک کلاسیک		noun	classical mechanics	rishta:مکان
جمعا	جمعاً	adv	in full, in total	platts
مکانیک جامدات		noun	solid mechanics	rishta:جام
جامد		adj	solid, in the solid state	platts
مکانیکی		noun	an automobile repair shop	arbi
تیراژه		noun	rainbow	rishta:تیرا
جبین		noun	forehead	platts
مصادره کردن		verb	to confiscate	rishta:ادر
مصادره		noun	confiscation	rishta:ادر
برخال		noun	fractal	rishta:خال
برخ		noun	fraction, portion	platts
زنباره		noun	womanizer, rake	rishta:بار
نشان دادن		verb	to show, to portray, to display	platts
مستند		noun	basis (for a claim)	arbi
حدس		noun	guess, assumption, estimate	platts
پر کردن		verb	to fill	rishta:کردن
سرکنسولگری		noun	consulate general	rishta:گری
نبوغ		noun	genius (extraordinary mental capacity)	platts
پابرهنه		adj	barefoot	rishta:ابر
کوزه‌گری		noun	pottery, the potter's craft or art: making vessels from clay	rishta:گری
قورت		noun	swallowing, gulp	platts
حاجی		noun	a hajji, one who has participated in a hajj.	platts
ماجرا		noun	event, affair (such as a crime affair)	platts
کدبانو		noun	the lady of the house, mistress	platts
دشنه‌آجین		adj	stabbed frequently with daggers on numerous spots, dagger-perforated	rishta:اجی
برساخت		noun	construct	rishta:برسا
چیله		noun	stick, twig, kindling	rishta:چیل
مرشد		noun	spiritual guide, religious master; (Sufism) Sufi shaykh	platts
جزوه		noun	pamphlet	arbi
کبودپشت		noun	the sky	rishta:پشت
باجه		noun	ticket booth	arbi
مه‌مانگ	مِهمانگ	noun	supermoon	rishta:ہما
مامانی		adj	cute, adorable	platts
انجیدن		verb	to chop	platts
علوم سیاسی		noun	political science	rishta:اسی
مساوی		adj	equal	platts
چنانکه		adv	as, like	rishta:نان
همانطور که		adv	just as, exactly like	rishta:ہما
درآوردن	دَرْآوَرْدَن	verb	to take out, to extract	rishta:اور
تختخواب	تَخْتِخواب	noun	bed (furniture for sleeping)	rishta:خواب
عابر		noun	passerby	platts
واری		prep	like, as (similar to)	rishta:اری
انسجام		noun	coherence	arbi
متوقف کردن		verb	to halt, to stop	rishta:فکر
پرجمعیت		adj	heavily populated (having a large population)	rishta:جمعی
شخار		noun	potash; alkali	platts
توتیا		noun	tutty	platts
ایلغار		noun	invasion	platts
سرند		noun	a screen, a riddle, a sieve	platts
به دست آوردن		verb	to obtain	rishta:اور
قدومه		noun	madwort (Alyssum gen. et spp.; even Acanthophyllum bracteatum alias Alyssum bracteatum, and Lobularia maritima	arbi
تودری		noun	madwort (Alyssum gen. et spp.)	platts
چاودار		noun	rye	rishta:اودا
کاکوتی		noun	Ziziphora of various species	platts
مرمی		noun	bullet	platts
غزنوی		adj	of or from Ghazni	platts
خناق		noun	suffocation; asphyxiation	platts
محدود		adj	limited	platts
تا وقتی که		adv	until	rishta:وقت
متضاد		noun	antonym	arbi
دنباله		noun	sequence	rishta:الہ
دمپایی		noun	slippers	rishta:ایی
عذر		noun	excuse, apology	platts
تبختر		noun	swagger, prideful gait	arbi
سروب		noun	word	platts
غیور		adj	gallant, mettlesome, militant	platts
نذل		adj	despicable, lowlife	arbi
دسته‌هاون		noun	a pestle	rishta:اون
پست کردن		verb	to post; to send by post	rishta:پست
سفارشی		adj	recommended	rishta:ارش
پیشتاز		noun	vanguard	rishta:پیش
قبل از		prep	before, prior to	arbi
پیش از		prep	before	rishta:پیش
طول کشیدن	طول کشیدَن	verb	to take a long time	rishta:کشی
دوشک		noun	mattress, bed	platts
معدود		adj	limited in number, a few	platts
گردن فراز		adj	arrogant, haughty	rishta:گرد
متکبر		adj	arrogant	rishta:تکبر
کد پستی		noun	postcode	rishta:پست
باستان		adj	ancient	platts
فکسنی		adj	in poor condition, feeble, rickety	rishta:سنی
پابرجا		adj	enduring, lasting, existing, prevailing	rishta:ابر
جندر		noun	clothes	arbi
گاه‌شماری		noun	calendar, calendrical system	rishta:اری
ویرانه		noun	ruins, ruined place	arbi
مفرط	مُفْرِط	adj	excessive	arbi
مصنوعی		adj	artificial, artificially manufactured	platts
مالیات		noun	taxes, taxation	platts
جریان		noun	course, flow, current (of liquid, electricity, etc.)	platts
پررونق		adj	splendid, prosperous, flourishing	rishta:رونق
غنی	غَنی	adj	wealthy, rich	platts
امكان‌پذير		adj	possible	rishta:مکان
پرورش دادن	پَروَرِش دادَن	verb	to raise, to cultivate	rishta:پرورش
تدریس	تَدریس	noun	teaching, educating, giving lessons	rishta:دری
بازنشستگی	بازنِشَستِگی	noun	retirement	rishta:باز
نگهداری	نِگَهْداری	noun	taking care of	rishta:اری
آشپزی کردن	آشپَزی کَردَن	verb	to cook, to make food	rishta:اشپز
به هم رسیدن	بِه هَم رِسیدَن	verb	to meet, to get together	rishta:سید
محیط	مُحیط	noun	surroundings, environment, atmosphere	platts
پدیدار شدن		verb	to appear, to emerge	rishta:دیدار
تسخیر		noun	conquest, subjugation	platts
دلکو		noun	distributor; a device that distributes electric current, especially to the spark plugs in an internal combusti	platts
فرومایه		adj	abject, base	rishta:روم
پرسون		adj	precise	platts
عام‌المنفعه		adj	pro bono, for the public good.	rishta:الم
بعید	بَعید	adj	unlikely, improbable	platts
حداکثر	حَدِّاَکثَر	adj	at most	rishta:اکثر
قرعه‌کشی		noun	drawing lots, selecting randomly	rishta:کشی
جیغه		noun	an ornament or jewel worn in the turban	platts
جفتک‌چارکش		noun	leapfrog	rishta:چار
سفینه		noun	spacecraft	arbi
پرشور		adj	passionate, ardent	platts
باعث شدن		verb	to cause	rishta:باعث
چندان	چَندان	adv	so, so much; that (to such a degree)	rishta:چند
کرامت	کَرامَت	noun	dignity	platts
برهمن	بَرَهمَن	noun	brahmin (member of Hindu priestly caste)	platts
بازنشسته		adj	retired (no longer working)	rishta:باز
یار غار	یارِ غار	noun	intimate friend, loyal friend	platts
مویز		noun	raisin, currant	platts
ماله		noun	anything with which ground is smoothed; trowel; harrow	platts
تسخیر کردن	تَسخیر کَردَن	verb	to conquer, to capture, to subjugate	rishta:خیر
متحد کردن	مُتَّحِد کَردَن	verb	to unite; to make united	rishta:کردن
توسط		noun	intermediation, intercession	platts
شبیه		adj	similar, resembling	platts
سر و صدا	سَر و صِدا	noun	noise, tumult	rishta:صدا
خودنویس		noun	fountain pen	platts
فرزندخوانده	فَرزَندخوانده	noun	adopted child	rishta:فرزند
معاون	مُعاوِن	noun	deputy, assistant, vice-	platts
توضیح		noun	explanation	arbi
ترک کردن	تَرک کَردَن	verb	to leave, to exit	rishta:ترک
بازدید		noun	survey, inspection	rishta:دید
دوره		noun	period, term	platts
مجبور کردن	مَجبور کَردَن	verb	to force, to compel	rishta:مجبور
صادر کردن		verb	to export	rishta:ادر
وارد کردن	وارِد کَردَن	verb	to enter, to cause to be entered	rishta:وار
علامت تعجب	عَلامَتِ تَعَجُّب	noun	exclamation mark	rishta:امت
قدرتمند	قُدرَتمَند	adj	powerful, mighty	rishta:قدر
ناتوان	ناتَوان	adj	feeble, powerless	platts
به علاوه		prep	besides, in addition to	rishta:اوہ
علاوه	عِلاوه	noun	addition	platts
چلوکباب	چِلُوکَباب	noun	chelow kabab, a popular Iranian kebab dish	rishta:چلو
مختلط		adj	mixed	arbi
صورت‌غذا		noun	menu	rishta:صورت
پیش‌غذا		noun	appetizer (start of a meal)	rishta:غذا
تافتان		noun	taftan bread	rishta:افت
نوشیدنی		noun	drink, beverage	platts
معدنی	مَعدَنی	adj	mineral; relating to minerals	platts
حماسه‌سرا	حَماسهسَرا	noun	epic poet	rishta:حماس
میلادی		adj	Gregorian, relating to the Gregorian calendar	platts
درآمد		noun	income	platts
تدریج	تَدریج	noun	being gradual	arbi
دچار		adj	having encountered, encountering (a problem)	platts
سالگی	سالِگی	noun	year of age	platts
قرار گرفتن		verb	to be put, to be placed	rishta:قرار
زیبیدن	زیبیدَن	verb	to adorn, embellish, beautify	rishta:بید
آبکند		noun	ravine	platts
غرغاو		noun	buffalo	platts
وکالت	وِکالَت	noun	power of attorney; agency	platts
درز		noun	seam, suture	arbi
دهیار	دِهیار	noun	village head, president of the village council	platts
بخصوص		adv	especially, particularly	arbi
سمی		adj	poisonous; toxic, venomous	platts
افتخار کردن		verb	to be proud of	rishta:افتخار
ملاقات کردن	مُلاقات کَردَن	verb	to meet	rishta:ملا
دریافت	دَریافت	noun	receiving	platts
زوبین		noun	javelin	platts
کم‌مایه	کَممایِه	adj	lacking in money; with little capital	arbi
آب و جارو		noun	washing and cleaning, sweeping clean (a building, a house, etc.)	arbi
لاعلاج		adj	irremediable, unpreventable	rishta:علاج
صمیمی	صَمیمی	adj	intimate, sincere	platts
دستکند	دَستکَند	adj	dug by hand, hand-dug	rishta:دست
پالان		noun	packsaddle	platts
زرین		adj	golden	arbi
آهنین		adj	iron, of iron	platts
در حال	دَر حالِ	adv	in the middle of, in the process of, while	rishta:حال
تعظیم		noun	bow	arbi
باز شدن	باز شُدَن	verb	to open	rishta:باز
دست دادن	دَست دادَن	verb	to shake hands	rishta:دست
آختن		verb	to draw out, to pull up, to extract	platts
شهربندان		noun	lockdown (confinement of people as a security measure)	rishta:شہر
شخصیت		noun	personality, character (of a person)	platts
باریجه		noun	ferula, galbanum	arbi
لوترا	لوتَرا	noun	secret language, code language, argot, language known only to its speakers	platts
چلبی		noun	gentleman	platts
درمنه		noun	wormwood (Artemisia gen. et spp.)	rishta:منہ
فاخره		noun	Sichuan pepper (any of the spice plants under the Zanthoxylum genus and their produce)	arbi
مسا		noun	evening	platts
شیب		noun	slope, declivity, tilt, descend	platts
اندیشکده		noun	a think tank	rishta:دیش
خواربار		noun	food; provisions	platts
ترشک		noun	sorrel, dock	arbi
تخصص		noun	specialty, specialization	arbi
دریچه		noun	small door, shutter; (small) window; a small hole for the admission of light; panel, pane; lid, cover for an o	rishta:دری
قطعه		noun	piece, fragment	platts
مدنیت		noun	civilization	platts
دادار		noun	Distributor of justice	platts
گندلاش		noun	velvet maple, Persian maple (Acer velutinum)	rishta:لاش
نهال		noun	sapling, shoot	arbi
شنفتن	شِنُفتَن	verb	to hear	arbi
خیزان		adj	rising, leaping, saltatory	platts
حامله		adj	pregnant	arbi
لحد		noun	grave	platts
زیلو		noun	a type of blanket or carpet	platts
تکواژ		noun	morpheme	arbi
انکار کردن	اِنکار کَردَن	verb	to deny	rishta:انکار
خیالی		adj	imaginary	platts
ختو		noun	horn of narwhal, walrus and certain such animals	platts
مصوت		noun	vowel	platts
ارتباط		noun	connection, relation	arbi
تعیین		noun	appointment (to a post, a responsibility)	platts
آهنربا		noun	magnet	rishta:ربا
فریور		adj	righteous	platts
جنسیت		adj	gender	rishta:جنسی
محصور		adj	surrounded, confined	arbi
تبلیغ		noun	propagation; promotion; advertisement; advocacy	rishta:بلی
حكمران		noun	governor, ruler	rishta:مرا
قاتی		adj	mixed	platts
رندیدن	رَندیدَن	verb	to grate (in cooking: to shred by rubbing)	rishta:رند
شگرد	شِگِرد	noun	method, technique, way	rishta:گرد
انتفاع		noun	profit, benefit (gained from use)	platts
گردونه		noun	horse-drawn cart	rishta:گرد
ارابه		noun	carriage	arbi
گردون		noun	wheel (Any circular device which rotates on its axis.)	platts
سوسنگرد		adj	Susangerd (a city in Iran)	rishta:سنگ
نهور		noun	eye	platts
محاذ		noun	battlefront, warfront	arbi
هیئت		noun	shape, form, (outer) structure	platts
سرپرستی	سَرپَرَستی	noun	supervision, guardianship	rishta:رستی
تشکیل دادن	تَشکیل دادَن	verb	to form; to organize; to establish	rishta:شکیل
عداوت		noun	enmity, animosity, hostility	platts
پوست‌شناسی		noun	dermatology	rishta:اسی
اقلیم‌شناسی		noun	climatology	rishta:اسی
پیری‌شناسی		noun	gerontology	rishta:اسی
دیوشناسی		noun	demonology	rishta:اسی
موسیقی‌شناسی		noun	musicology	rishta:اسی
مستجاب		adj	answered, accepted	arbi
نغم		noun	making a hole, digging out, making hollow; excavation; a mine, a trench	platts
دور انداختن		verb	to throw away	rishta:دور
سفتن	سُفتن	verb	to bore, to pierce	platts
هاسیدن		verb	to fear	platts
رنده کردن		verb	to grate	rishta:رند
وانمود کردن		verb	to pretend	rishta:وان
نادیده گرفتن		verb	to ignore	rishta:دید
چشم‌پوشی کردن		verb	to ignore, to neglect	rishta:چشم
کوشیدن		verb	to try; to strive; to endeavor	platts
از یاد بردن		verb	to forget	rishta:ادب
خرد کردن		verb	to break into pieces, to chop	rishta:خرد
تهدید کردن		verb	to threaten	rishta:دید
مشاهده کردن		verb	to observe	rishta:شاہد
تقلید کردن		verb	to imitate	rishta:تقلید
استخراج کردن		verb	to extract	rishta:راج
رشد کردن		verb	to grow	rishta:کردن
تایید کردن		verb	to confirm	rishta:ایی
ایجاد کردن		verb	to create	rishta:کردن
توصیه کردن		verb	to recommend	rishta:کردن
تشویق کردن	تَشویق کَردَن	verb	to encourage, to incite	rishta:کردن
تقسیم کردن		verb	to divide	rishta:تقسیم
نفرت داشتن		verb	to hate	rishta:نفرت
هلاک کردن		verb	to kill, to eliminate	rishta:کردن
هلاک شدن		verb	to get killed, to get eliminated	rishta:ہلاک
ول کردن		verb	to let go; to release	rishta:کردن
برون‌سپاری کردن		verb	to outsource	rishta:اری
حبس کردن		verb	to imprison	rishta:کردن
حمایت کردن	حِمایَت کَردَن	verb	to support	rishta:ایت
بازنگری کردن		verb	to revise, to amend	rishta:گری
بازگشتن		verb	to return	rishta:باز
بازتاب کردن		verb	to reflect	rishta:باز
تهمت زدن		verb	to accuse	rishta:ہمت
عبادت کردن		verb	to worship	rishta:باد
ستایش کردن		verb	to praise	rishta:شکر
غریدن		verb	to roar	platts
پرهیز کردن		verb	to avoid, to abstain	rishta:رہی
پرهیزیدن		verb	to avoid, to abstain	rishta:رہی
دعوت کردن		verb	to invite	rishta:دعوت
عفو کردن		verb	to forgive, to absolve, to pardon	rishta:عفو
تبرئه کردن		verb	to acquit, to exonerate	rishta:بری
دیدار کردن		verb	to meet, to visit	rishta:دیدار
چخیدن		verb	to struggle	platts
عبور کردن		verb	to pass, to cross over	rishta:بور
گذر کردن		verb	to pass, to cross over	rishta:کردن
شناساندن		verb	to familiarize, to introduce	rishta:اسان
طلبیدن		verb	to demand, to ask for	rishta:بید
جبران کردن		verb	to compensate	rishta:برا
تب کردن		verb	to have a fever	rishta:کردن
دواندن		verb	to make someone run, to cause to run	platts
خفه کردن		verb	to suffocate, to choke	rishta:کردن
خراب شدن		verb	to get destroyed	rishta:خراب
مخلوط کردن		verb	to mix, to blend	rishta:لوط
تبخیر شدن		verb	to evaporate	rishta:خیر
خشکیدن		verb	to dry up, to wither	rishta:خشک
جشن گرفتن		verb	to celebrate	rishta:نگر
ترکاندن		verb	to cause to explode, to cause to blow up	rishta:رکا
بازگو کردن		verb	to retell	rishta:باز
آشنا کردن		verb	to familiarize, to acquaint	rishta:اشنا
پسندیدن		verb	to approve; to endorse; to like	rishta:دید
خنیدن		verb	to resonate	platts
پشنجیدن		verb	to sprinkle	rishta:نجی
رزیدن		verb	to dye, to color	platts
رنجیدن		verb	to get upset; to get annoyed; to be offended	rishta:نجی
رنجاندن		verb	to annoy	rishta:جان
چراندن		verb	to pasture	rishta:ران
مرحله		noun	stage, phase	arbi
بستاوه شدن		verb	to deny	rishta:اوہ
منظومه		noun	poem	arbi
مطرح		adj	under discussion; raised (as a subject of discussion)	arbi
آگاهیدن		verb	to get aware, to get informed	rishta:اگاہ
آگاهاندن		verb	to inform, to let know	rishta:اہا
پیش‌بینی کردن		verb	to predict, to forsee	rishta:بین
سقوط کردن		verb	to fall, to collapse, to descend	rishta:کردن
برآورد		noun	estimation	platts
ازاله		noun	removal	arbi
مشرف		adj	imminent; impending; on the verge of	arbi
فراهم کردن		verb	to supply, to procure	rishta:راہ
دقت کردن		verb	to pay attention, to be careful	rishta:دقت
دین‌داری		noun	religiosity	platts
علنی		adj	public, open	platts
کنونی	کُنونی	adj	present, current, present-day	platts
ایستاندن		verb	to cause to stand	rishta:ستان
گله کردن		verb	to complain	rishta:کردن
فوران کردن		verb	to erupt	rishta:ران
آماده کردن		verb	to prepare	rishta:اما
برآورد کردن		verb	to estimate	rishta:اور
ارزیابی کردن		verb	to evaluate	rishta:یاب
بیمه کردن		verb	to insure	rishta:مہک
عایق کردن		verb	to insulate	rishta:کردن
قضاوت کردن		verb	to judge	rishta:قضا
پرتاب کردن		verb	to throw	rishta:کردن
قفل کردن		verb	to lock	rishta:فلک
از بر کردن		verb	to memorize	rishta:زبر
قتل کردن		verb	to commit a murder	rishta:قتل
آشتی کردن		verb	to make up, to be reconciled after a quarrel	platts
قهر کردن		verb	to break off a friendship or relation.	rishta:قہر
ایستادگی کردن		verb	to resist	rishta:کردن
تیز کردن		verb	to sharpen	rishta:تیز
تردید کردن		verb	to hesitate	rishta:دید
مسخره کردن		verb	to make fun of, to ridicule	rishta:کردن
رها کردن		verb	to release	rishta:رہا
توهین کردن		verb	to insult	rishta:توہین
لمس کردن		verb	to touch	rishta:کردن
قصد کردن		verb	to intend	rishta:کردن
رصد کردن		verb	to observe	rishta:کردن
حظ کردن		verb	to enjoy	rishta:کردن
سرقت کردن		verb	to steal	rishta:کردن
پرت کردن		verb	to throw	rishta:کردن
تمثیل		noun	allegory	arbi
سامع		noun	listener, hearer (person listening to something)	platts
محتاج		adj	needy, in want, poor	rishta:تاج
ضامن		noun	surety, guarantee	platts
تکان دادن		verb	to shake	rishta:کان
تشخیص دادن		verb	to recognize	rishta:صدا
عادت دادن		verb	to accustom, to habituate	rishta:عادت
قرار دادن		verb	to put, to place	rishta:قرار
تعمیر		noun	repair, mending	platts
گسیل کردن		verb	to emit	rishta:کردن
تراگسیل کردن		verb	to transmit	rishta:ترا
راهی کردن		verb	to send, to dispatch	rishta:راہ
روانه کردن		verb	to send, to dispatch	rishta:انہ
رهسپار کردن		verb	to send, to dispatch	rishta:کردن
مسافت	مَسافَت	noun	distance	rishta:افت
کفن		noun	shroud; wrapping of the dead	arbi
تعلیمی		adj	didactic	platts
جام زهر	جامِ زَهر	noun	"poisoned chalice"; difficult decision which goes against one's beliefs or ideology, but must be made nonethel	rishta:جام
سبک خراسانی	سَبکِ خُراسانی	noun	the "Khorasani style" of Persian poetry: the earliest style of New Persian verse, associated with poets from K	rishta:اسان
سبک عراقی	سَبکِ عِراقی	noun	the "Iraqi style" of Persian poetry: the second style of New Persian verse from the twelfth to the fifteenth c	rishta:عراق
سبک هندی	سَبکِ هِندی	noun	the "Indian style" of Persian poetry: the third style of New Persian verse from the fifteenth to the nineteent	rishta:ندی
بهائم		noun	broken plural of بهیمه (bahīma /bahime)	platts
دیدن کردن	دیدَن کَردَن	verb	to visit, to pay a visit	rishta:دید
بلند شدن	بُلَند شُدَن	verb	to rise, in particular:	rishta:بلند
فاصل		adj	separating, dividing	platts
غارت		noun	plunder, raid, pillage	platts
بعثی		adj	Baathist	platts
دلق		noun	a kind of frock worn by Sufi dervishes	platts
همشهری		noun	person from the same town	rishta:شہر
هر چیز		pron	everything (all the things)	rishta:چیز
گروهبان		noun	sergeant	rishta:گرو
اسم فامیل	اِسمِ فامیل	noun	surname, family name	rishta:اسم
بلو		noun	a sharpening stone, whetstone, honestone	platts
نیشتر		noun	lancet	platts
ولسوال		noun	district governor in Afghanistan	platts
تاکنون		adv	hitherto; up to now; so far	platts
چریک		noun	guerrilla; irregular soldier	platts
موازنه		noun	balance, equilibrium	arbi
مبادرت		noun	setting about (to do something); taking upon (a task)	rishta:ادر
تشرین	تِشرین	noun	only used in تِشرینِ اوّل (tešrin-e avval, “October”) or in ellipses thereof	rishta:رین
تجاری		adj	commercial; relating to trade	arbi
همبازی		noun	playmate	rishta:باز
خیریه		adj	charitable	platts
زیرک		adj	clever, nimble, keen, astute	platts
اندازه		noun	size, dimension	rishta:انداز
تأکید کردن		verb	to emphasize	rishta:کردن
عاطل		adj	idle	platts
تهیه		noun	preparation	arbi
آسایش		noun	rest, repose, comfort	platts
تحویل		noun	delivery	platts
آجیل		noun	nuts and dried seeds (e.g. pistachios, walnuts, pumpkin seeds)	platts
بوالعجب		adj	marvelous, strange, peculiar	rishta:بوا
دشنام		noun	insult; verbal abuse	rishta:نام
بدنهور		adj	evil-eyed, having an evil eye	rishta:بدن
ملیح		adj	beautiful, fair, pretty, graceful, lovely, elegant, handsome	platts
یاقوت ارغوانی		noun	amethyst	rishta:ارغوانی
شوریدن		verb	to revolt, to rebel	platts
بادبزن		noun	fan, hand fan	rishta:ادب
مچ دست		noun	wrist	rishta:دست
مزایده		noun	auction	arbi
یوسه		noun	saw, especially for cutting wood or cutting down trees.	platts
زیرسیگاری		noun	ashtray	rishta:اری
آرایشگاه		noun	hairdresser's, hair salon, beauty salon	rishta:گاہ
نظامیه		noun	Nizamiyya (any one of educational institutions founded in the 11th century by Nizam al-Mulk, vizier of the Sal	arbi
فجیع		adj	horrible, awful, calamitous	platts
مرقد		noun	mausoleum, tomb	platts
خالی بستن		verb	to lie, to deceive	rishta:خال
سوتی دادن		verb	To give away (To unintentionally reveal a secret, divulge undisclosed information, or expose someone.)	platts
خودباوری		noun	self-confidence	rishta:اور
اعتماد به نفس		noun	self-confidence	rishta:ادب
آموزه		noun	lesson	arbi
سروده		noun	poem	arbi
ناسزا		noun	insult	rishta:سزا
پرسمان		noun	inquiry	rishta:رسم
گیاخن	گَیاخَن	adj	eloquent and articulate, grandiloquent	platts
نشدنی		adj	impossible	platts
ایران‌شناسی		noun	Iranology; Iranistics; Iranian studies	rishta:اسی
سرکوبگر		adj	repressive	rishta:رکو
سرشار		adj	brimful, overwhelmed	platts
لبریز		adj	brimming, brimful	rishta:بری
دادرسی		noun	trial	platts
رونمایی		noun	debut, unveiling, launch (e.g. of an art piece)	arbi
پشتیبانی		noun	support	rishta:بانی
پشتیبان		adj	supportive	rishta:پشت
آغوز		noun	colostrum	platts
باقالی		noun	broad bean, fava bean (Vicia faba)	platts
پشتیبانی کردن		verb	to support, back up	rishta:انیک
سازه		noun	structure, construct	arbi
کپل		adj	chubby	platts
سوزناک		adj	woeful	rishta:زنا
هولناک		adj	scary	rishta:ناک
مهیب		adj	frightening	platts
آتشین		adj	fiery	platts
ولایات		noun	broken plural of ولایت (wilāyat /velâyat)	platts
فروزنده		adj	shining, luminous, lustrous	rishta:روز
گسسته		adj	separated	rishta:سست
تابناک		adj	radiant	rishta:بنا
سزاوار		adj	worthy, deserving	platts
محافظه		noun	conservativeness	arbi
تباهی		noun	devastation	arbi
تخته سیاه		noun	blackboard	rishta:تخت
اينست		contraction	is this	platts
معما		noun	riddle; enigma; puzzle	platts
الیوم		adv	today	platts
نامور		adj	celebrated	platts
جویبار		noun	stream, brook	platts
ساطور		noun	cleaver	platts
پیامک		noun	SMS; short text message	rishta:پیا
اندونزیایی		adj	Indonesian	rishta:ایی
دستی		adj	portable, handheld (device and equipment that are small and light enough to be carried by hand)	platts
نگین		noun	gemstone, gem (specially one that is used to make rings and other ornamental jewelry)	platts
تحصن		noun	sit-in, sit-down (type of protest)	arbi
تعمیم		noun	generalization	arbi
متقاعد		adj	convinced, persuaded	arbi
حیثیت		noun	prestige, reputation, standing	platts
فوطه		noun	apron, towel, waistwrap (especially worn in baths)	platts
موجب		noun	cause; reason; motive	arbi
استیضاح		noun	impeachment	arbi
نعلبکی		noun	saucer (small dish)	rishta:نعل
مانع		noun	obstacle, hindrance (both physical and figurative)	platts
کجاوه		noun	a kajawah, howdah	arbi
شوشتری		noun	a native of Shushtar	platts
مندرج		adj	contained, inserted, written (in a text)	rishta:مند
جینگیلی		adj	curly	platts
رمیدن		verb	to run away	platts
توس		noun	birchbark	platts
توش		noun	strength, force	platts
متقابل		noun	reciprocal, reciprocating	rishta:قاب
لالا		noun	sleep	platts
منشأ		noun	origin, source	platts
هواپیمای جت		noun	jet plane	rishta:ہوا
عمودی	عَمودی	adj	vertical	platts
تمدید		noun	prolongation, extension	arbi
دوشیرمه		noun	devshirme	rishta:دوش
شفيع		noun	intercessor, mediator	platts
رزانه		noun	dye	rishta:انہ
فیوت کردن		verb	to pick up flirtatiously, to tease	rishta:کردن
فراخ		adj	wide, broad	platts
محاربات		noun	broken plural of محاربه (muhāraba /mohârabe)	rishta:بات
کنج		noun	corner	platts
نقشه جهان		noun	world map	rishta:جہان
نافه		noun	caudal gland of the musk deer (which produces musk)	arbi
طره		noun	lock of hair; ringlet; tress	platts
مشکین		adj	musky; musk-scented	platts
جانان		noun	one’s beloved; darling; sweetheart	platts
سالک		noun	wayfarer; voyager	platts
صید		noun	hunt; hunting	platts
آشنایی		noun	acquaintance, friendship	platts
فیریدن		verb	rejoice	platts
روبرو		prep	face-to-face	platts
آکواریوم		noun	aquarium	platts
توغ		noun	horsetail	platts
توپخانه		noun	artillery	rishta:خان
خرگاه		noun	tent, pavilion, tabernacle	rishta:گاہ
پاچیله		noun	shoe, sandal	rishta:چیل
هزاره		noun	millennium	arbi
دربند		noun	bar of a door, bolt	rishta:بند
ماشه		noun	pliers	arbi
غرش		noun	roar (of an animal)	platts
جندره		noun	the bar of a door	rishta:درہ
هین		intj	behold, beware, io	platts
یدکی		adj	accessory, auxillary	platts
بدیعی		adj	pertaining to the figures of speech	platts
آسمانگون		adj	sky blue	rishta:اسما
آسمانرنگ		adj	sky blue	rishta:اسما
اهل خبره		noun	"expert; connoisseur"	rishta:خبر
اهل صنعت		noun	"an artisan, an artificer, a craftsman"	rishta:صنعت
اهل قبور		noun	"the dead"	rishta:بور
اهل معرفت		noun	"(the) learned or wise"	rishta:عرف
اهل قلم		noun	"writers"	rishta:قلم
آشکار کردن		verb	to reveal, to expose, to discover	rishta:اشک
علیه	عَلَیْه	prep_phrase	on him, upon him	platts
راوی		noun	narrator (of a novel, etc.)	rishta:اوی
مسلح کردن	مُسَلَّح کَرْدَن	verb	to arm (to supply with armour or weapons)	rishta:کردن
دوک		noun	spindle	platts
نهی	نَهْی	noun	prohibition	platts
قندول		adj	cute	platts
دامگاه		noun	place full of snares and nets; (poetic, figurative) the world; the treacherous world	arbi
برزیلی		noun	Brazilian	arbi
منتو		noun	manti (Central Asian dumpling)	platts
اسارت		noun	captivity	platts
خودبین		noun	self-conceited	platts
استغفرالله		intj	astaghfirullah	rishta:اللہ
غیب		noun	the unseen; the mysterious and invisible, known only to God and the prophets and imams	platts
خداداد		noun	gift from God	rishta:ادا
محیی		noun	a reviver	platts
میسر		adj	possible; feasible; procurable, available	platts
ذهبی		adj	synonym of طلائی	arbi
درون		noun	interior, inside, inner, inward, bowels, core, heart	platts
صراحی		noun	wine-flask; carafe	platts
عربده		noun	quarrel; brawl (especially of drunks)	arbi
برین		adj	highest; sublime	platts
حلقه به گوش		noun	slave; bondsman	rishta:ہبہ
داج		noun	darkness, obscurity; dark night	platts
زردوز		noun	a gold embroiderer	rishta:زرد
کثافت		noun	filth	rishta:افت
خرقه		noun	mantle; cloak; habit (usually of a dervish or saint, especially one ragged from asceticism)	arbi
صفوی		adj	Safavid	platts
آب‌انبار		noun	An underground chamber to reserve rain water, cistern	rishta:ابان
ماسوره		noun	bobbin, reel	arbi
شرجی	شَرجی	noun	humid, hot southeasterly wind blowing on the Persian Gulf coast	platts
بوبو		noun	mother	platts
پس دادن		verb	to give back; to return	rishta:سدا
کرت	کَرت	noun	Kartid (member of a dynasty that ruled Khurasan in the 1200s and 1300s, related to the Ghurids)	platts
بنام		adj	named	platts
خدارا	خُدارا	intj	by God! for God’s sake!	platts
کشتی شکسته		adj	shipwrecked	rishta:شکست
فدا		noun	sacrifice; offering	platts
جرعه		noun	draught, sip, gulp (of a drink)	arbi
قفقازشناسی		noun	Caucasology	rishta:اسی
عنقا		noun	synonym of سیمرغ (simorġ, a mythical bird)	platts
ننگ	نَنگ	noun	infamy, dishonor, ignominy, shame	platts
فرجام	فَرجام	noun	end; conclusion	platts
دردادن	دَردادَن	verb	synonym of دادن (dâdan)	rishta:درد
مضطرب		adj	agitated; disturbed; confounded; distraught	arbi
تخمین		noun	estimating, estimation, appraisal, evaluation	arbi
گشن		noun	male, man	platts
افزار		noun	wear	rishta:زار
جنگ‌افزار		noun	weapon	rishta:جنگ
سیاه کاسه		noun	miser, niggard	rishta:سیاہ
تقاضا		noun	demand; request	arbi
چومپ		noun	chomp	rishta:چوم
همزمان		adj	simultaneous, synchronic	arbi
گوشت‌خوار		noun	carnivore	rishta:خوار
رودبار		noun	river bank	platts
رزمگاه		noun	battlefield	rishta:گاہ
مکاشفه		noun	revelation, disclosure	arbi
تأله	تَأَلُّه	noun	theosis; deiformity (becoming Godlike, the ultimate stage of human perfection in certain schools of Islamic ph	platts
موافقت		noun	agreement; consent	rishta:افق
سوپر		noun	supermarket	platts
خفته		adj	asleep, sleeping	arbi
قوچ		noun	ram, buck	platts
قیافه		noun	exterior appearance of a person (often denoting character as well); physiognomy	arbi
تدبیر		noun	plan; strategy; policy	arbi
ملس	مَلَس	adj	sweet-and-sour; tart	platts
میکروپنیس		noun	micropenis	rishta:کرو
ماکروپنیس		noun	macropenis	rishta:کرو
سکسوال		adj	sexual	rishta:سوال
خارپشت		noun	porcupine; hedgehog	rishta:خار
بهیمه		noun	beast; quadruped	arbi
بنجل		noun	junk, odds and ends	arbi
آت و آشغال		noun	junk, trash, dreck	arbi
پول‌شویی		noun	money laundering	platts
طفولیت		noun	childhood	arbi
ترکمن		noun	Turkmen (member of one of various Turkic ethnic groups in Central and West Asia)	arbi
میرآب		noun	irrigation supervisor	arbi
خسروی		adj	“akin to the Sasanian kings”; (figurative) regal, kingly	platts
ورجاوند		adj	magnificent, impressive	platts
سرابستان		noun	garden attached to a building	rishta:ستان
سرنگون		adj	head downward, upside down, inverted	rishta:رنگ
فسقلی		adj	small, tiny	rishta:قلی
تفرقه		noun	separation, division, dispersal (in the passive sense)	rishta:فرقہ
نفیس		adj	precious, costly	platts
ترجمه حال		noun	biography	rishta:حال
باز هم		adv	again	rishta:باز
شست‌و شو کردن		verb	to wash	rishta:کردن
شستشو		noun	washing	platts
خسیل		noun	hay	platts
نبیگ		noun	Book( not limited to a collection of sheets of paper bound together like the given definition, can also indica	platts
حصیر		noun	mat woven of rushes, palm-leaves, etc.	platts
باطوم		noun	Batumi (the capital city of Adjara, Georgia)	arbi
صدا کردن		verb	to make noise	rishta:صدا
طویله		noun	barn	platts
پیس		noun	vitiligo	platts
لامسه		noun	touch	arbi
اقتباس		noun	adaptation (of a literary work, a work of fiction)	arbi
منسوب		adj	related	platts
از طرف		prep	from the side of	rishta:طرف
ناکامل		adj	imperfect, incomplete	rishta:کام
غیرمنقول		adj	immovable	rishta:غیر
سابقه		noun	personal history; a record (of)	arbi
حکومتی		adj	governmental	platts
غیرحکومتی		adj	non-governmental	rishta:غیر
غیرقانونی		adj	illegal	rishta:غیر
غیرانسانی		adj	inhuman	rishta:غیر
غیراختیاری		adj	involuntary	rishta:غیر
غیرطبیعی		adj	unnatural	platts
دیدنی		noun	visit	platts
پرسان		adj	asking	platts
سوزان		adj	burning; aflame; ablaze	platts
گرفتار		adj	seized; captured; arrested	rishta:تار
فاقد		adj	devoid; lacking	platts
ایرمان		noun	friend, companion	platts
سیاه‌پوش		adj	dressed in black; black-robed	rishta:سیاہ
خونخوار		adj	blood-sucking	platts
بی‌نتیجه		adj	fruitless	rishta:بین
بی‌موقع		adj	untimely; inopportune	platts
گریان		adj	weeping; in tears	platts
خریدار		noun	buyer; purchaser; customer	platts
فنا		noun	annihilation, evanescence, extinction, perishment	platts
گیس بافته	گیسِ بافته	noun	plait; hair braid	rishta:سبا
خواهری		noun	sisterhood	platts
بانووار	بانُووار	adj	ladylike; womanly	platts
افسونگر		noun	charmer, enchanter; captivator	rishta:نگر
دریافتن		verb	to understand; to realize; to find out	rishta:دریا
دردسر	دَردِسَر	noun	headache; hassle; bother; nuisance	rishta:درد
مغزپسته‌ای		adj	having the color of pistachio kernels, shelled pistachios; pistachio green	rishta:پست
مغز پسته		noun	pistachio kernel, shelled pistachio	rishta:پست
تسلیحات		noun	armaments	rishta:تسلی
پسته‌ای		adj	synonym of مغزپستهای (maġz-e-peste-'i)	rishta:پست
انتقام‌گرایی		noun	revanchism	rishta:مگر
بازاری		adj	relating to the bazaar	platts
انحطاط		noun	decline; degeneration	arbi
تاوان		noun	punishment, penalty, compensation.	platts
تلطیف		noun	awarding, rewarding; decorating (with a prize, medal, etc.)	arbi
گرمسیر		noun	tropical region; tropics	rishta:گرم
رؤیت		noun	sight	platts
زنهار		intj	beware	rishta:ہار
باشی		noun	Used in the titles of certain high-ranking officials in Safavid and Qajar times, with the meaning of "head of"	platts
باولی		noun	stepwell	platts
قرق		noun	place reserved for exclusive use	platts
زراه		noun	ocean	arbi
عرصه		noun	court, square, area, open space	arbi
حق نمک		noun	"right of salt"; mutual rights and obligations between a host and a guest, or between a patron and a client; l	rishta:نمک
مسکین		adj	extremely poor; indigent	platts
فسنجان		noun	a Persian dish consisting of pomegranate and chicken. Also found in Iraqi and Jewish cooking.	rishta:جان
سیل کردن		verb	to look, to watch, to gaze	rishta:کردن
آتشدان		noun	brazier, firepot	platts
شیریخ		noun	ice cream	platts
جهت		noun	side; direction	platts
دوآب		noun	doab; tract of land between two rivers	platts
اعمال		noun	use, application, imposition, exertion	platts
تو را		pron	تو (to) with the direct-object particle را (râ)	platts
شاور گرفتن		verb	to take a shower or bath.	rishta:اور
راه دروازه		noun	gateway	rishta:راہ
دالی		intj	peekaboo	platts
خشو		noun	mother-in-law	platts
ایور		noun	brother in-law	rishta:ایو
تافتون		noun	colloquial-un form of تافتان	rishta:افت
الیجو		noun	dear, sweetheart	arbi
ایورم		noun	first-person singular possessive of ایوَر (êvar)	platts
یازنه		noun	brother in-law	arbi
برادر شوهر		noun	brother-in-law	rishta:برا
اپوش		noun	Apaosha; the personification of drought and the principle enemy of the yazata of rain, Tishtrya	platts
هزارگی		noun	Hazaragi (a Persian dialect spoken in and around the Hazarajat region of Afghanistan; The Persian characterist	rishta:ہزار
خفیف		adj	light, not heavy	arbi
کوریایی		adj	Korean	platts
منتشر		adj	issued, published	arbi
شید		adj	splendid, brilliant, bright, luminous	platts
بودنه		noun	quail	arbi
گرودمان		noun	the highest realm of Heaven; the realm of infinite light	rishta:رود
پالیز		noun	orchard; a garden where fruits are grown	platts
متولد شدن		verb	to be born	rishta:تول
گڈی		noun	Hazaragi retroflex form of گدی	platts
توشک		noun	mattress, pad	platts
تاجک		noun	Tajik	arbi
مومیاکاری		noun	mummification	rishta:اری
پادوسپان		noun	padhuspan, a Sasanian office below spahbed	rishta:پاد
آبه		noun	mother	platts
گریگوری		adj	Gregorian	platts
آه کشیدن		verb	to sigh	rishta:کشی
ناکامی		noun	failure (to attain a goal)	arbi
نسبی		adj	relative	platts
خوشوقتم		intj	pleased to meet you	rishta:وقت
توت زمینی		noun	strawberry	rishta:زمین
پکه دستی		noun	hand fan	rishta:دست
خوشوقت	خوشوَقت	adj	happy, pleased	platts
قسما		adv	partly	platts
مهموز		adj	hamzated	arbi
یاری		noun	aid, support, assistance	rishta:اری
شتوی		adj	wintry, hibernal	platts
زلزله‌ای		adj	seismic	rishta:زلزلہ
زلزله‌شناس		noun	seismologist	rishta:زلزلہ
مستشار		noun	advisor, councillor	arbi
مدار		noun	orbit	platts
مسند		noun	something to sit or recline on, e.g. seat, bench, cushion, pillow, throne	platts
استالین‌گرا		noun	Stalinist	rishta:گرا
استالین‌گرایی		noun	Stalinism	rishta:ایی
ناصرگرا		noun	Nasserist	rishta:گرا
ناصرگرایی		noun	Nasserism	rishta:ایی
بعث‌گرایی		noun	Baathism	rishta:ایی
بعث‌گرا		noun	Baathist	rishta:گرا
قطب‌گرا		noun	Qutbist	rishta:گرا
قطب‌گرایی		noun	Qutbism	rishta:ایی
مائوگرا		noun	Maoist	platts
مائوگرایی		noun	Maoism	platts
مأمن		noun	shelter, safe place	platts
آسایشگاه		noun	sanatorium, sanitarium, nursing home, hospice	rishta:گاہ
استراحتگاه		noun	resort (a relaxing environment for people on vacation)	rishta:ترا
راه زدن		verb	to plunder on the road; to waylay and loot (e.g. a caravan); (poetic) also used in poetic metaphor.	rishta:راہ
مؤید		adj	assisted, victorious	platts
یارب		intj	o Lord; a supplication to God for aid.	platts
یاعلی		intj	O Ali; a request for intercession from Ali ibn Abi Talib, the first divinely appointed imam in Shi'ism, the se	rishta:علی
تعلیق		noun	suspension, abeyance, stopping	platts
قلاده		noun	animal collar, leash	arbi
معتزله		noun	the Mu'tazila	arbi
برآشفته		adj	angry	rishta:برا
ایران‌شناس		noun	Iranologist	rishta:انش
ضدقهرمان		noun	antihero	rishta:قہر
ضدماهواره		adj	anti-satellite, antisatellite	rishta:ہوا
ضدیخ		noun	anti-freeze, antifreeze	rishta:ضدی
مردستیزی		noun	misandry	rishta:تیز
مردم‌ستیزی		noun	misanthropy	rishta:مست
زیرگروه		noun	subgroup (a group within a larger group)	rishta:گرو
در نتیجه		adv	as a result	rishta:تیج
قبله زرتشت	قِبلهٔ زَرتُشت	noun	fire, the “qibla of Zoroaster”	rishta:بلہ
مستبد		adj	despotic; autocratic (of a person)	arbi
نقشبندی		adj	Naqshbandi	platts
نقشبند		noun	painter	platts
اثناعشری		adj	Twelver	platts
به هم برآمدن		verb	to be moved (by emotion)	rishta:برا
بدروزگار		adj	wicked; evil	rishta:روز
فرشگرد		noun	Frashokereti, the final renovation of the world, wherein evil is destroyed, and the world is purified	rishta:گرد
خدابنده		noun	part of two royal names	rishta:ابن
چپلک		noun	sandal, a kind of slipper	rishta:پلک
کمپل		noun	blanket	platts
هرآینه		adv	indeed; verily	rishta:ہرا
هور		noun	sun; sunlight	platts
به هیچ وجه		adv	by no means, not at all	rishta:وجہ
تلفنی		adj	phone (as in phone conversation, phone call), telephonic	arbi
سرحال		adj	happy, amused, in a good mood	rishta:حال
درراه		adv	in the road	rishta:راہ
گوشی		noun	mobile phone, smartphone	platts
غفلتا	غفلتاً	adv	carelessly	rishta:غفلت
برخورد		noun	encounter	platts
زلال		adj	pure, limpid (of liquid)	platts
ارزه		noun	Arzah, the eastern division of the seven realms	arbi
به سوی		prep	expresses movement to a place: to; towards; into	platts
تردید داشتن		verb	to have doubts, to hesitate, to be in two minds.	rishta:دید
به طور کلی		prep_phrase	on the whole	rishta:طور
بندرت		adv	rarely	rishta:بند
ناچارا		adv	inevitably, necessarily	platts
اباضیه		noun	Ibadism, the doctrines associated with Ibadis, such as the acceptance of fewer hadiths, and the addition of Ja	arbi
برگزار شدن		verb	to be held	rishta:ارشد
جغرافیادان		noun	geographer	rishta:ادا
جغتایی		adj	of or relating to Chagatai (Mongol ruler)	platts
آلتایی		adj	of or relating to the Altay (mountain range); Altaic	platts
لاک		noun	trough, wooden vessel	platts
خودپرداز		noun	ATM, cash machine	rishta:خود
نخبه		noun	elite	arbi
قطب‌نما	قُطْبنَما	noun	compass	rishta:قطب
بریتانیایی		adj	British	platts
آب ژاول		noun	bleach	platts
فرآورده		noun	product	rishta:اور
گناهکار		noun	sinner	rishta:کار
پاورچین		adv	on tiptoe	platts
رصد		noun	observation, monitoring	platts
علامت سؤال	عَلامَتِ سُؤال	noun	question mark	rishta:سوال
یکسان		adj	same; alike	platts
جوشن		noun	cuirass; breastplate	platts
صادرات		noun	export, exports, exportation	platts
واردات		noun	import, imports, importation	platts
بوتیمار		noun	bittern	platts
خبردار		adj	informed, aware	rishta:خبر
رمزارز		noun	cryptocurrency	rishta:ارز
کمون		noun	latency	platts
وسیله		noun	means, medium	arbi
استغنا	اِستِغنا	noun	disregard for the help of others; independence, ability to be independent	platts
اتاق خواب	اُتاقِ خواب	noun	bedroom	rishta:خواب
پرخاش		noun	quarrel, dispute, argument	platts
شرکت کردن		verb	to participate	rishta:رکت
سررشته		noun	skill, competence	rishta:رشتہ
شهربانی		noun	shahrbani, (city) police	rishta:شہر
دار السلطنت		noun	royal capital	rishta:الس
چهر		noun	origin; lineage	platts
عنفوان		noun	prime, splendor (of youth)	platts
گاماس گاماس		adv	slowly, unhurriedly	rishta:اما
سگدید		noun	presentation of a recently deceased body to a dog, whose sight is considered purifying	rishta:دید
ضدحمله	ضِدِّحَمْله	noun	counter-offensive	rishta:حمل
استره		noun	razor (shaving knife)	arbi
نیلی‌گاو		noun	nilgai (type of Indian antelope)	rishta:نیل
دندانساز		noun	denturist	rishta:ساز
وسوسه		noun	temptation	arbi
چنگیزی		adj	of or relating to Genghis Khan	rishta:چنگیز
ریشخند		noun	ridicule; mockery	platts
کوک		noun	the act of tuning a musical instrument	platts
آجه		noun	grandmother, grandma	platts
تغایی		noun	maternal uncle	platts
آموزشگاه		noun	school, college, educational institution	rishta:اموزش
یادبود		noun	memorial, commemoration	platts
یادمان		noun	monument	platts
اواسط		noun	middle part, middle period	platts
جاروب		noun	broom	platts
هپولی کردن		verb	to plunder	rishta:ولی
اروند		noun	grandeur; pomp; magnificence	platts
مقاوله		noun	agreement	arbi
کته		noun	kateh; plain boiled rice	platts
راحت‌الحلقوم		noun	lokum, Turkish delight	rishta:راحت
قیام		noun	uprising, insurrection	platts
از بر		adv	by heart	platts
خالصانه		adj	sincere, pure; (adverbially) sincerely	rishta:انہ
داچی		intj	peekaboo	platts
زولبیا		noun	jalebi	arbi
قطعیت		noun	certainty; definitiveness	platts
بلم		noun	raft	platts
دوبه		noun	dhow	arbi
جمول		noun	twin	platts
خلجی		adj	Khalaj	platts
دفتر مرکزی		noun	headquarters	rishta:دفتر
فدائی		noun	one who willingly risks or sacrifices his or her life for another person	platts
فنیقی		noun	Phoenician (person)	arbi
مو شکافتن		verb	to split hairs	rishta:افت
عریانی		noun	nakedness; nudity	platts
خیره		adj	dazzled	platts
مضرت		noun	injury, hurt	rishta:مضر
مسئولیت		noun	responsibility	arbi
اصالت		noun	genuineness; authenticity	platts
فناوری		noun	technology	arbi
مدنی	مَدَنی	adj	civil; civic; social (as opposed to governmental)	platts
پخش		adj	scattered	platts
دبیرستانی		noun	high schooler	rishta:بیر
انیمه		noun	anime (Japanese animation)	arbi
حدقه		noun	eye socket, orbital cavity	arbi
مناجات		noun	intimate individual prayer, often in the form of hymns and poetry	rishta:منا
تیغه		noun	blade	arbi
گدی		noun	doll	platts
چتل		adj	dirty, unclean	platts
دست نخورده		adj	virgin, untouched	rishta:وردہ
استم	اِستَم	noun	oppression, injustice	platts
همش		adv	always; all the time	platts
تبعیض		noun	discrimination; bias; prejudice	arbi
چقر		adj	deep	platts
عشق مجازی		noun	human love; physical love (as opposed to love towards God)	rishta:عشق
قاصر		adj	coming short; failing (to do); helpless, weak	platts
مادر کیکان		noun	cockroach	rishta:ادر
چپ کردن		verb	synonym of چپ شدن (čup šudan, “to shut up”)	rishta:کردن
داغ کردن		verb	to heat	rishta:داغ
واز کردن		verb	to open	rishta:واز
واز شدن	واز شُدَن	verb	to open	rishta:واز
محتوا		noun	content	platts
دسترس		noun	reach (of someone); disposal	platts
سایر		noun	the rest (of); other	platts
جزئی		adj	unimportant; trifling; slight	platts
مسیر		noun	route, course; itinerary	platts
آرزو کردن		verb	to desire	rishta:ارزو
مهین		adj	contemptible, abject	platts
قدم زدن		noun	to walk	rishta:قدم
بستگی		noun	dependence; relationship of dependence	platts
گزند		noun	harm; damage	platts
مراعات		noun	observance; regard; heed (for the law, a rule, etc.)	platts
خصوصیت		noun	close relationship; intimate friendship	platts
بند کردن		verb	to close, to shut	rishta:بند
معروف و مجهول		noun	a vowel classification system in which certain semi-vowel characters represent two vowel phonemes. The ma'ruf 	rishta:روف
گدیپران		noun	kite	rishta:دیپ
لنگی		noun	turban	platts
خالی کردن		verb	to empty, deplete	rishta:خال
معطل کردن		verb	to wait	rishta:معطل
احترامی		adj	respectful	arbi
بی‌احترامی		adj	disrespect	rishta:ترا
خواب کردن		verb	to sleep	rishta:خواب
جیغ		noun	yell, shout, holler	platts
گل کردن		verb	to extinguish	rishta:کردن
کار داشتن		verb	to (have) need (for)	rishta:ردا
قبیله		noun	tribe	arbi
پایدار		adj	permanent; lasting; stable; durable	platts
بی‌صبر		adj	impatient	rishta:صبر
لولی		noun	fille de joie	platts
لولیدن		verb	to writhe, to wriggle, to fidget, to toss	rishta:ولید
خضرا		adj	green	arbi
همواره		adv	always; constantly	platts
ارسال		noun	sending; dispatch	platts
ارمغان		noun	gift; present	platts
بی‌خواب		adj	sleepless	rishta:خواب
قهوه‌یی		noun	Dari standard spelling of قَهْوَهای (qahwa-'ī)	arbi
فولادی		adj	grey (usually but not exclusively metallic grey)	platts
راسو		noun	weasel	platts
پوستین		noun	winter fur or leather coat	platts
براده		noun	filing	platts
لوت کردن		verb	to loot	rishta:کردن
استفساریه		noun	A request to interpret a law brought to the legislative body involved	rishta:اری
سترون		adj	Unable to reproduce or procreate; barren	platts
خوج		noun	wild pear	platts
اعلامیه		noun	declaration, proclamation; manifesto	arbi
گلدسته		noun	bouquet	rishta:دست
استوا		noun	equality	platts
منثور		adj	written in prose, prosaic.	arbi
بی‌روح		adj	prosaic, boring	platts
میده کردن		verb	to break, to smash, to shatter	rishta:کردن
می‌بخشین		intj	excuse me	rishta:بخش
بی‌فرهنگ		adj	void of culture or uncultured, uneducated.	rishta:فرہنگ
پرسیاوشان		noun	maidenhair fern (Adiantum capillus-veneris)	platts
خون سیاوشان		noun	dragon's blood (Dracaena cinnabari)	rishta:شان
پیه		noun	fat, tallow	platts
بیگلربیگی		noun	beylerbey or beglarbegi, a medieval and early modern title:	rishta:بیگ
عالی‌جناب		noun	Excellency	rishta:جناب
سمور آبی		noun	otter	rishta:ابی
آبخوست		noun	island; especially an uninhabitable one	platts
نوبی		adj	Nubian	platts
دست‌بند		noun	bracelet	rishta:بند
دولخ		noun	whirlwind	platts
ناورد		noun	a course in field, race	platts
میش بهار		noun	houseleek (Sempervivum), stonecrop (Sedum spp., Hylotelephium spp.), perennial flowering succulents of the Sed	rishta:بہار
الفبای آوانگاری بین‌المللی		noun	International Phonetic Alphabet	rishta:ایا
کٹه		adj	Hazaragi retroflex form of کته	platts
کټه		adj	Hazaragi retroflex form of کته	platts
اتاله		noun	an estimation	platts
اټاله		noun	Hazaragi retroflex form of اتاله	platts
اٹاله		noun	Hazaragi retroflex form of اتاله	platts
گډیپران		noun	Hazaragi retroflex form of گدیپران	rishta:ران
گڈیپران		noun	Hazaragi retroflex form of گدیپران	rishta:ران
ثقت الاسلام		noun	Siqatul Islam	rishta:اسلام
پائین		adv	downward, downwards	platts
شیر چای		noun	milk tea	platts
دمساز		noun	confidante; intimate	rishta:ساز
گنجیدن		verb	to be contained; to be held	rishta:نجی
همزبان		noun	speaker of the same language	rishta:زبان
سرگذشت		noun	adventure	rishta:سرگ
چتری		noun	bangs	platts
مشفق	مُشْفِق	adj	kind; tender; compassionate	rishta:شفق
تاسه		noun	anxiety; disquietude	platts
چوتی		noun	braid or braids (of hair)	platts
سبزی خوردن		noun	sabzi khordan (a salad commonly served as a side dish in Iranian, Turkish and Armenian cuisine)	rishta:سبز
سوفار		noun	nock, the notch at the rearmost end of an arrow that fits on the bowstring	platts
خون‌بها		noun	price of a person's life; (specifically) blood money, wergeld (monetary compensation to the family of a murder	rishta:بہا
چاولی		noun	noodle squeezer, noodle press	platts
شقی		adj	miserable; wretched	platts
روزکی		noun	a short while; often as روزکی چند (ruzaki chand, “a few short days”)	arbi
فلمنکی		adj	Netherlandish, Dutch	arbi
عاشقانه		adv	amorously	arbi
ترمه		noun	cashmere	arbi
شریان		noun	artery	platts
موتروار		noun	driver	rishta:موت
آبخور		noun	irrigable land	platts
پیشینه		noun	past, background, past record	rishta:پیش
یاد داشتن		verb	to remember	rishta:یاد
ستیزه		noun	quarrel; dispute; contention	arbi
مابین		noun	interstice (space between two things)	arbi
ریسمان		noun	rope	platts
لوزینه		noun	a confection of almonds	rishta:زین
حبل‌المتین		noun	the Quran	rishta:تین
گمنه		noun	bulgur	rishta:منہ
نپی		noun	codex, scripture	platts
یکدل		adj	unanimous	platts
یکدلی		noun	unanimity	platts
سروری		noun	lordship, sovereignty, leadership, command	platts
هویدا		adj	visible; apparent; manifest	platts
متهم		adj	accused; charged; suspected	arbi
مته		noun	drill, auger, borer	platts
عنبرنسارا		noun	donkey dung (used in traditional medicine)	rishta:سارا
رفاه		noun	welfare, prosperity, well-being	arbi
گیرودار		noun	brawl; squabble	platts
درخواستن		verb	to request; to ask	rishta:درخواست
روهینگیا		noun	Rohingya (people)	rishta:گیا
متوضا		noun	place for ritual ablution (in a mosque)	arbi
باجگاه		noun	place for collecting tolls	rishta:گاہ
آفریده		noun	creature; (particularly) human creature, human	arbi
چراغدان		noun	niche for a lamp	rishta:چراغ
خرتوت		noun	large mulberry tree	platts
داکتر دندان		noun	dentist	rishta:دندان
ناضل		noun	a warrior, champion, combatant	arbi
راستاد		noun	salary, consideration	platts
آبگیر		noun	pool; pond	platts
ذبل		noun	scallop	arbi
فرمانبر		noun	subject (e.g. of a ruler)	rishta:فرمان
غایبانه		adv	in absence, invisibly	rishta:انہ
باشگاه		noun	club, association	rishta:گاہ
وفاداری		noun	loyalty; troth (to a promise or a lover)	rishta:وفا
نیم بوسه		noun	"half a kiss"; a very short kiss	rishta:بوسہ
جاهدار		noun	dignitary; holder of rank	rishta:دار
صرفا		adv	merely, only	platts
بررسی		noun	check; verification	platts
تحلیل		noun	analysis	arbi
هدفمند		adj	purposeful; targeted	rishta:مند
قریب‌الوقوع		adj	imminent	rishta:الو
لغو کردن		verb	to cancel; to repeal; to abrogate	rishta:لغو
روابط عمومی		noun	public relations	rishta:عمومی
بارانداز		noun	wharf, quay, waterfront	rishta:انداز
همیدون		adv	likewise; also	platts
راهوار		adj	sauntering, ambling	platts
ریچار		noun	preserve, confiture, jam	platts
نامبردار		adj	famed; renowned; celebrated	rishta:نام
سرخ رو		adj	ruddy; with a flushed face; blushing	platts
ماشاو		noun	sieve, searce	platts
متقارب		adj	convergent	arbi
لعین		adj	accursed; execrable	platts
افکار عمومی		noun	public opinion	rishta:عمومی
نرمش		noun	stretching; warm-up (before exercise)	platts
متعادل		adj	balanced	platts
تأسیس		noun	foundation; founding; establishment	platts
دیواناگری		noun	Devanagari	platts
پاکباز		noun	fair dealer, fair player; someone who plays without cheats; (extension) honorable lover	rishta:باز
طلاق دادن		verb	to divorce (his wife)	rishta:طلاق
پرورشگاه	پَرْوَرِشْگاه	noun	orphanage	rishta:پرورش
ناتوانی		noun	disability	platts
قیطان		noun	braid, lace (such as ones embroidered on the hems of robes)	platts
محکوم		adj	convicted; condemned	platts
معاذالله		adv	God forbid	rishta:معاذ
ولیعهد		noun	crown prince; heir apparent	platts
انتصاب		noun	appointment (to a post); designation	arbi
قطعنامه		noun	resolution	rishta:نام
خوناب		noun	blood mixed with water; thin blood	platts
خرده گرفتن		verb	to find fault; to criticize pedantically	rishta:خرد
حوصله سر رفتن		verb	to become bored	rishta:وصل
مخلفات		noun	side dish	rishta:خلفا
خودخواه		adj	selfish; egotistic	rishta:خود
اشغالی		adj	occupied; under occupation	platts
تردید		noun	hesitation	platts
به شمار آمدن		verb	to be considered; to be counted as; to be included in	rishta:ارام
مطرح کردن		verb	to bring up (a subject of discussion); to express	rishta:طرح
ناز و نیاز		noun	amorous conversation between a lover, who is نیاز (niyâz, “in need, forlorn”), and his beloved, who is ناز (nâ	arbi
فروماندن		verb	to be helpless; to be incapable of; to be unable to	rishta:روم
خلاقانه		adj	creative, innovative	rishta:اقا
زنهارخوار		noun	oath-breaker	rishta:ہار
مورخ		noun	historian	platts
حاکی		adj	suggesting, indicating, indicative (of)	platts
حفاری		noun	digging	arbi
استوایی		adj	equatorial; tropical	platts
متمدن		adj	civilized	platts
رد صلاحیت		noun	disqualification	rishta:صلاح
اشتک		noun	baby (small child)	platts
سراسیمه		adj	confused; stunned	rishta:اسی
ببر بیان		noun	Babr-e Bayan, the leopard-skin armor worn by the hero Rustam	rishta:بیان
بالین		noun	pillow	platts
خلنج	خَلَنْج	noun	a kind of black dove with checkered wings	platts
الک		noun	sieve, searce	platts
شاکی		noun	plaintiff	platts
متهم کردن		verb	to accuse; to charge; to indict	rishta:کردن
عاطفه		noun	kind feeling; affection	arbi
حزب باد		noun	opportunistic group or political party, fickle	rishta:باد
حق‌السکوت		noun	hush money	rishta:الس
ناشی		adj	resulting, arising	platts
فوق الذکر		adj	aforementioned	rishta:ذکر
مستور		adj	covered, hidden, concealed	platts
چنل		noun	Social media channel	platts
ارادتمند		adj	friendly, sincere	rishta:مند
رقابت		noun	competition; rivalry	rishta:قاب
تلفات		noun	broken plural of تلف (talaf)	arbi
محرک		adj	motivating, stimulating, driving	arbi
فروپاشی		noun	collapse (of a system)	rishta:روپ
برانداختن		verb	to overthrow	rishta:برا
ترور		noun	assassination	platts
دقیق		adj	exact, precise, punctual	arbi
حزیران		noun	June	rishta:ران
ایار		noun	May	rishta:ایا
نیسان		noun	April	platts
ایلول		noun	September	platts
تشرین اول	تِشرینِ اوّل	noun	October	rishta:اول
تشرین ثانی	تِشرینِ ثانی	noun	November	rishta:رین
کانون اول	کانونِ اوّل	noun	December	rishta:اول
کانون ثانی	کانونِ ثانی	noun	January	rishta:کان
ثانی		adj	second	platts
هم‌معنی		noun	synonym	rishta:معنی
ریمن		adj	impure, filthy	platts
سیاه‌چشم		adj	black-eyed	rishta:سیاہ
سرخ‌چشم		adj	red-eyed	rishta:سرخ
شهلاچشم		adj	having eyes of شهلا (šahlâ) color	rishta:شہلا
قورمه		noun	preserved meat; korma	arbi
قروت		noun	ball-shaped dried yoghurt or curd, kashk	platts
سوسلنگ		noun	wagtail (Motacilla alba)	platts
علی رغم		prep	despite; in spite of	rishta:علی
لذا		conj	so, therefore	platts
سیچغنه		noun	sparrowhawk	rishta:غنہ
پیرامون		noun	vicinity, environs	platts
گش		adj	fine-looking, fair	platts
جیک		noun	chirp, twitter	platts
بیده		noun	twisted strands of alfalfa or grass used as fodder in winter	platts
مثال زدن		verb	to give an example	rishta:مثال
تارک		noun	crown (top of the head)	platts
دوردست		adj	remote, far-off	rishta:دور
مغایر		adj	in conflict; contradictory	platts
تقلیل		noun	diminution; reduction	arbi
عینی		adj	identical, exact same	rishta:عین
مراجعه		noun	reference	arbi
بازجو		noun	interrogator	arbi
توقیف		noun	arrest	platts
غرامت		noun	compensation; indemnity	rishta:امت
بحکم		prep	because of, due to	platts
سوغون		noun	an unexperienced or impetuous horse which has yet to be trained and cooled	platts
حاصلخیز		adj	fertile (of land)	rishta:اصل
برخلاف		prep	contrary to	rishta:خلا
برگزار		adj	held	rishta:زار
برگزار کردن		verb	to hold	rishta:زار
دیر کردن		verb	to be late; to come late; to arrive late	rishta:کردن
سین کردن		verb	to see; to read (a text message)	rishta:کردن
تأخیر		noun	delay	platts
وسیله نقلیه		noun	transportation device; vehicle	rishta:قلی
از قبیل		prep	like, such as	rishta:بیل
فاضلاب		noun	wastewater, sewage water	rishta:فاضل
صناعت		noun	industry	platts
کارساز		adj	helpful, productive, with results	rishta:ساز
ازدیاد		noun	increase	platts
احداث		noun	establishment, creation	platts
گندنا		noun	leek	platts
شوخ		adj	shameless, saucy, brazen	platts
کیلین		noun	daughter-in-law	platts
کیمه		noun	ship, vessel	arbi
کامه		noun	a kind of sauce or pickle made of vinegar and sour milk	arbi
غیبه		noun	chunks of iron	arbi
دوال		noun	strap, thong	platts
دیرباز		noun	long ago, ancient times	rishta:باز
رکود		noun	depression, slump, bust	platts
مستمع		noun	listener (e.g. to a radio program); audience member (e.g. at a lecture)	rishta:ستم
کرباس		noun	cotton-cloth, canvas	arbi
محترمانه		adj	respectful; (adverbially) respectfully	rishta:انہ
به چشم خوردن		verb	to appear; to catch someone's eye	rishta:چشم
مالیات‌دهنده		noun	taxpayer	rishta:لیا
نیمکره		noun	hemisphere	rishta:نیم
غافلگیرکننده		adj	surprising	rishta:لگی
مرتبط		adj	connected; associated	rishta:مرت
یکدست		adj	pure, unmixed	platts
تعمیرگاه		noun	repair shop	rishta:عمیر
مقایسه		noun	comparison	arbi
دست دوم		adj	secondhand	rishta:دست
بافتنی		adj	textile; related to weaving or something woven	rishta:افت
فنک		noun	fennec	arbi
ترکیب‌بند		noun	A form of classical Persian poetry, composed of multiple stanzas which each have their own rhyme, with a diffe	rishta:بند
خدمتکار		noun	domestic worker, servant, butler, maid	rishta:خدمت
خلاقیت		noun	creativity	rishta:خلا
حساسیت		noun	allergy	rishta:اسی
نام و نشان		noun	given name and title/lineage; (by extension) identity, full name (before the adoption of Western surnames)	rishta:نام
خردسال		noun	minor, underage; (originally) youth of tender years	rishta:سال
بزرگسال		noun	adult	rishta:سال
کهنسال		adj	very old; venerable	rishta:سال
تبدیل کردن		verb	to change; to alter	rishta:بدی
محرک بی‌حرکت		noun	prime mover; unmoved mover	rishta:رکت
چلیدن		verb	to go; to walk	rishta:چلی
حریم		noun	privacy	platts
افراطی		adj	radical, extreme	platts
حماسه		noun	epic poem	arbi
ظنین		adj	suspicious; mistrustful	arbi
جوشش		noun	boiling	platts
نخوت		noun	haughtiness, dignity, pride, vanity	platts
انبازی		noun	partnership; companionship	arbi
پاینده		adj	lasting, permanent, perpetual, firm	rishta:ایندہ
معشوقه		noun	mistress; female extramarital lover	arbi
فیلمنامه		noun	screenplay, scenario	rishta:نام
گنجوی	گَنْجَوِی	adj	of, from or relating to Ganja	platts
آغازیدن		verb	to start, to begin	rishta:اغاز
ناخودآگاه		adj	unconscious	rishta:خود
نکبت		noun	adversity, calamity	platts
بیانیه		noun	declaration, manifesto, official statement	platts
خودجوش		adj	spontaneous	rishta:خود
فاجعه		noun	calamity, disaster	arbi
وثیقه		noun	bail	platts
مرتکب		noun	perpetrator (of a crime or misdeed)	platts
تخلیه		noun	emptying, action of making empty:	arbi
گاوباز		noun	bullfighter	rishta:باز
گاوبازی		noun	bullfighting	rishta:باز
دادخواه		noun	plaintiff	rishta:واہ
دادگستر		adj	just, spreading justice	rishta:ستر
دادگستری		noun	the administration of justice	rishta:تری
بیداد کردن		verb	to commit injustice	rishta:بید
خیانت کردن		verb	to betray, including:	rishta:انت
شهرداری		noun	municipality	rishta:شہر
کروان		noun	stone curlew	platts
چرکسی		adj	Circassian	rishta:کسی
کوتوله		noun	dwarf, midget	arbi
مجذور		adj	square, squared (of a number)	arbi
خسارت		noun	loss, damage	platts
صرفه		noun	advantage; profit	arbi
حسابرس		noun	auditor	rishta:ابر
شبه جزیره	شِبْهِ جَزیرِه	noun	peninsula	arbi
وخامت		noun	bad state; deplorable state	platts
خاطی		adj	sinning	platts
شاطی		noun	shore	platts
مصرف شدن		verb	to be consumed; to be spent	rishta:صرف
نوسان		noun	oscillation, upward and downward movement	platts
بدهکار		adj	in debt	rishta:کار
بازپرداخت		noun	refund	rishta:ردا
باربر		noun	sack truck, hand truck	platts
استراق سمع		noun	eavesdropping	rishta:ترا
گوارش		noun	stomachic; electuary	platts
محکوم له	مَحْکُومٌ لَه	noun	the winning party of a case	rishta:کومل
محکوم علیه		noun	the losing party of a case	rishta:علی
پیچاندن		verb	to twist	rishta:چاند
کمابیش		adv	more or less	rishta:ابی
بازار شام		noun	very crowded place	rishta:بازار
متمرکز		adj	concentrated	rishta:تمرکز
کیفیت		noun	quality	platts
کمیت		noun	quantity	platts
خصوصی‌سازی		noun	privatisation	rishta:ساز
عرض کردن		verb	to petition, to request	rishta:عرض
انحصار		noun	monopoly	arbi
برهه		noun	moment, while, short interval	arbi
استخراج		noun	extraction	arbi
علیه الصلات والسلام		noun	blessings and peace be upon him	rishta:علی
مسلک		noun	way, path (especially religious)	platts
پهنا		noun	width, breadth, expanse	platts
بوزیدان		noun	sweet pellitory (Pseudohandelia umbellifera, once Pyrethrum umbelliferum, Tanacetum umbelliferum)	arbi
شقاقل		noun	parsnip	platts
رنجور		adj	ill, sick	rishta:جور
رنج		noun	pain, toil, trouble	platts
موسیقایی		adj	musical	platts
موسیقی‌شناس		noun	musicologist	rishta:موسی
حمایل		noun	baldric, shoulder belt, crossbelt; belt, band, or sash worn over one's shoulder	platts
کریاس		noun	threshold; vestibule; doorsill	platts
غلغلستان		noun	place where everybody is crying or shouting	rishta:ستان
لابه		noun	humble supplication; entreaty	arbi
دلریش		adj	sick at heart; sore at heart	rishta:ریش
کنگاش		noun	council; assembly; consultation; meeting for advice	platts
فریاد کردن	فَریاد کَردَن	verb	to shout, yell, cry, clamour, vociferate	rishta:فریاد
یاوه		noun	idle talk, nonsense	rishta:اوہ
جاه		noun	high post; high office	platts
منجی		adj	from or relating to Munji (province or people)	platts
مبادا		conj	lest, so that... not	platts
چهارباغ		noun	chaharbagh (a traditional square-shaped layout of Persian gardens comprising four square gardens separated by 	rishta:باغ
معاشرت		noun	social intercourse; companionship	platts
دنیا و مافیها		noun	the world and everything in it; all of material existence	rishta:دنیا
رضائی		noun	a cover for head in winter	platts
جهان مطاع		adj	A laudatory epithet for royal commands or proclamations.	rishta:جہان
ذروه		noun	apex, acme	arbi
قولنجان	قُولَنْجَانْ	noun	ginger	platts
کاردار		noun	chargé d'affaires	platts
فرخار		noun	place with beautiful people; especially used in conjunction with بت (bot, “idol, beauty”)	rishta:فرخ
مستاجری		noun	a leasehold, rent, tenancy	arbi
جالی		noun	mesh, net	platts
دیانت		noun	religiousness, piety	platts
کتمان		noun	hiding, concealing	arbi
پیامد		noun	consequence, impact	platts
خودداری		noun	self-restraint, self-control	platts
هوری		noun	A kind of small logboat used in the Persian Gulf.	platts
شکرستان		noun	sugarcane plantation	rishta:شکر
بازتابی		noun	act of reflection; reflecting	rishta:ابی
حاکمیت		noun	sovereignty	platts
شامه		noun	sense of smell	platts
یخچه		noun	hailstone	platts
ظرفشویی		noun	kitchen sink, basin	rishta:ظرف
گراته		noun	trouble	rishta:گرا
انقباض		noun	contraction (of muscles)	arbi
آخه		conj	because, but, after all, in conclusion	platts
سوگوار		adj	mournful; mourning	platts
سیار		adj	itinerant, wandering	platts
پرماجرا		adj	eventful	rishta:اجر
بندرگاه		noun	port, harbour	rishta:بند
ماشین تحریر	ماشینِ تَحْریر	noun	typewriter	rishta:تحریر
شنیع		adj	repugnant, terrible, heinous	platts
تصریح		noun	clear explanation; clarification	platts
کورکور		noun	kite (bird)	platts
وخیم		adj	perilous, dangerous, serious (e.g. of health)	platts
آسوده		adj	calm, peaceful	arbi
ماشین ظرف‌شویی	ماشینِ ظَرْفشویی	noun	dishwasher	rishta:نظر
درا		noun	bell	platts
اشم وهو		noun	Ashem Vohu, one of the four great Avestan mantras	platts
جددین		noun	infidel, non-Zoroastrian	rishta:دین
یشتن		verb	to worship, to perform Zoroastrian rituals	platts
وارونه		adj	upside down, inverted	arbi
سال نو	سَالِ نُوْ	noun	New Year	platts
جنگ جهانی دوم	جَنْگِ جَهانیِ دُوُّم	noun	World War II	rishta:جہان
اسباب بازی	اَسْباب بازی	noun	toy	rishta:سبا
دور و بر		noun	environs, nearby, surroundings	platts
مصاف		noun	battle lines; (metonymic) battle	arbi
مره	مَرَه	pron	Kabuli and Hazaragi form of مَرَا	platts
انتقادی		adj	critical	platts
بذله		noun	witticism, bon mot, joke	arbi
در سایه		prep	due to, owing to, in the wake of	arbi
مداوم		adj	continuous	platts
مستغرب		adj	bizarre, odd, peculiar	arbi
ابیا		noun	woodcock	rishta:ابی
نگهدار	نِگَهْدار	noun	protector	rishta:دار
شاهیدن		verb	to reign	platts
شترنگ		noun	chess	platts
ریش‌تراش		noun	a shaver; an electric razor	rishta:ترا
ایاغ		noun	drinking-cup	rishta:ایا
چشم بد دور		intj	touch wood, knock on wood	rishta:دور
تا به حال		adv	up to now	rishta:حال
کیف پول	کیفِ پول	noun	wallet, purse	rishta:پول
آگاهی		noun	knowledge, awareness, information	platts
ترن هوایی		noun	rollercoaster	arbi
کابر		noun	yearling ewe	platts
گیسه		noun	young female goat	arbi
مرکز خرید	مَرْکَزِ خَرید	noun	shopping centre	rishta:مرکز
ایستگاه پلیس	ایسْتْگاهِ پُلیس	noun	police station	rishta:پلی
مزمور		noun	psalm	arbi
دش‌آگاهی		noun	misinformation	rishta:اگاہ
عزت نفس		noun	self-esteem	rishta:عزت
ناگفته		adj	unsaid	rishta:ناگ
ایول		intj	bravo, good job	rishta:ایو
میثاق		noun	agreement, treaty, compact	platts
قیمومت		noun	tutorship, guardianship, trusteeship	rishta:موم
محفوظ		adj	preserved, protected, guarded	arbi
معتقد		adj	convinced, persuaded, believing	arbi
محض		adj	pure, outright, absolute	arbi
اخطار		noun	warning	platts
دستورالعمل		noun	written instructions	rishta:دست
یادآوری		noun	remembrance, recollection, commemoration	platts
خوارشماری		noun	disparagement; belittling	rishta:اری
مسالمت		noun	peacefulness, peaceableness	rishta:سال
ینگه		adj	only used in ینگه دنیا (yenge donyâ, “the New World, America”).	platts
دست کشیدن		verb	to stop, to cease (an activity)	rishta:دست
فروند		noun	Used to count ships; by extension, also aircraft and spacecraft.	platts
اوارچه		noun	cashbook, a book of receipts and disbursements	rishta:وار
خوبی		noun	goodness, kindness	platts
صیقل		noun	polish, lustre	platts
پذیرا		adj	accepting, receiving, receptive	rishta:پذیر
علمی تخیلی		adj	science-fiction	rishta:تخیل
عرش و فرش		noun	Heaven and Earth	rishta:عرش
نغول		noun	depth	platts
کاستی		noun	diminution, decrease, loss	platts
مختص		adj	special, particular, proper to, specific	arbi
بعضا		adv	sometimes, occasionally	platts
نیکو		adj	good, excellent, nice, fair	platts
خویدوده		noun	xwedodah (close-kin marriage)	rishta:وید
مرحوم		adj	the deceased, the late	arbi
گرداندن		verb	to change, to transform	rishta:گرد
پاراشوت		noun	parachute (device designed to control the fall of an object or person)	platts
غیبت		noun	absence	platts
مردود		adj	rejected	platts
موقوف		adj	delayed, postponed, stopped	platts
صورت پذیرفتن		verb	to take place	rishta:صورت
کانون		noun	hearth, fireplace	platts
جلیقه نجات		noun	life vest	rishta:جلی
طراحی		noun	designing, sketching, modelling	platts
تراکم		noun	accumulation	arbi
روضه		noun	eulogy of the Battle of Karbala	arbi
سته		noun	berry soft fruit, e.g. grapes and strawberries	platts
قسمت کردن		verb	to share	rishta:قسمت
چنانچه		conj	if, in the case that	rishta:انچ
عمل کردن		verb	to act; to behave	platts
چارچوب		noun	frame, framework	rishta:چار
درخواست کردن		verb	to request; to ask for	rishta:درخواست
پیگیری		noun	follow-up	platts
جدا از		prep	besides, apart from, in addition to	rishta:جدا
اعزام		noun	dispatch, dispatching (to a far place)	platts
یافت شدن		verb	to be found	rishta:افت
فراگرفتن		verb	to take	rishta:اگر
غنی‌سازی		noun	enrichment	rishta:ساز
منفعل		adj	ashamed	platts
توحش		noun	wildness, savagery, barbarism	platts
مردمی		noun	humaneness, courtesy; quality of being a good person	platts
مطرب		noun	minstrel	platts
ماهین		adj	month, moon	platts
پراته		noun	paratha	rishta:رات
متجاوز		noun	rapist	arbi
قیل و قال		noun	brawl, dispute, commotion, tumult	arbi
تقلب کردن		noun	to cheat	rishta:قلب
متخاصم		adj	antagonistic, in conflict, hostile	arbi
قبیل		noun	kind, sort, type	platts
دستخوش		adj	subject to (especially something negative); victim (of)	rishta:خوش
متمادی		adj	prolonged, of long duration	arbi
تجلیل		noun	praise, glorification, honoring	rishta:جلی
مبرم		adj	urgent, pressing	arbi
قواره		noun	cut piece of cloth	platts
مؤثری		noun	nominalization of مؤثر (mu'assir /mo'asser, “effective”): effectiveness	platts
کتیرا		noun	gum tragacanth	platts
باتأنی		adj	deliberate, leisurely, stately	platts
عاطفی		adj	emotional, sentimental	platts
انفرادی		adj	solitary	arbi
اعتصاب غذا		noun	hunger strike	rishta:غذا
کسنی	کَسنی	noun	hing (oleo-gum-resin of Ferula spp.)	platts
توانگر		adj	rich	rishta:نگر
ارد		noun	twenty-fifth day of the month	platts
بینایی		noun	eyesight, vision	platts
مناظره		noun	debate, disputation; discussion	arbi
چیره		adj	prevailing, victorious	platts
مقتضیات		noun	exigencies, requirements, circumstances	rishta:ضیا
پشته		noun	mound	rishta:پشت
هوس کردن		verb	to crave	rishta:کردن
شیاد		noun	fraud, imposter	platts
مصا		noun	matzah	platts
لباده		noun	cape	arbi
مفروض		adj	assumed, supposed	arbi
مطابق		adj	in accordance (with), conforming	arbi
مبتنی		adj	based (on something)	arbi
سلسله مراتب		noun	hierarchy	rishta:مرا
بسنده کردن		verb	to be satisfied	rishta:کردن
شیوع		noun	prevalence	rishta:شیو
افتتاحیه		noun	opening ceremony	arbi
شاخص		noun	index, standard	platts
تف کردن		verb	to spit	rishta:فکر
عمدی		adj	intentional, deliberate	platts
آموسنی		noun	cowife	platts
وادار کردن		verb	to oblige, to persuade, to make (someone do something)	rishta:ادا
رفو		noun	finedrawing, darning	platts
مگ		noun	Arakanese	platts
فعلی		adj	current	platts
درو		noun	harvest, reaping	platts
نمایشگاه		noun	fair, exhibition, gallery (both the place and event)	rishta:گاہ
مصرفی		adj	consumer, relating to consumption	arbi
گاوسار		noun	mace adorned with the head of an ox	platts
رویانیدن		verb	to cause to grow, to bring forth	platts
موزون		adj	rhythmical, cadenced	arbi
نباتی		adj	relating to vegetables or plants	platts
فاتحه		noun	beginning, exordium, introduction	arbi
کاهل		adj	indolent, lazy	arbi
امساک		noun	parsimony, stinginess	platts
کاواک		noun	cavity	platts
سکایی	سَکایی	adj	Scythian	platts
سرای سپنج		noun	the fleeting world	rishta:رایس
جهاندار		noun	"possessor of the world": a laudatory title of kings.	rishta:جہان
تحکم		noun	domineering, highhandedness	arbi
دد		noun	wild animal; wild beast	platts
قدسی		adj	celestial, heavenly	platts
سرافراز		adj	proud, triumphant	rishta:فراز
در صورتی که		conj	if, in the case that; introduces a hypothetical.	rishta:صورت
مصلا		noun	musalla; place for public prayer, especially a field outside the building of the mosque	platts
طاجین		noun	tajine	arbi
بیداری		noun	wakefulness, vigilance, watch	platts
فره		adj	much, many, fele, abundant	arbi
دخالت		noun	interference, intervention	platts
نمادین		adj	symbolic	platts
نسبت به		prep	relating to; with regards to	rishta:سبت
افترا		noun	calumny, aspersion, slander	platts
خلاص شدن		verb	to be released, to be delivered, to be rescued	rishta:خلا
دلتنگی		noun	longing, missing (a person, a place)	rishta:تنگ
مشاطه		noun	lady's maid	arbi
علوم خفیه		noun	the occult; the occult sciences	rishta:خفیہ
مقبره		noun	graveyard, cemetery	arbi
رفتار كردن		verb	to behave (in a certain way)	rishta:تار
از طریق		prep	via, through, by means of	platts
زهکشی		noun	water drainage	rishta:کشی
ناشناس		adj	unknown, unidentified	arbi
مخموری		noun	languor from alcohol; intoxication	arbi
کلگی		noun	headstall, headgear	platts
تسلیت		noun	condolence; consolation	arbi
اهمال		noun	negligence	platts
جذب کردن		verb	to attract	rishta:جذب
همچون		prep	such, as	rishta:چون
بیگ‌زاده		noun	offspring of a beg	rishta:بیگ
پالوانه		noun	swift, apodid	rishta:الو
روایت کردن		verb	to narrate; to tell; to relate	rishta:ایت
طنز		noun	satire (genre)	arbi
تصویرگر		noun	illustrator	rishta:تصویر
خاصیت		noun	property, feature, nature	platts
مسگر		noun	coppersmith	platts
منزلت		noun	degree, rank	rishta:منزل
عاطر		adj	fragrant, aromatic	platts
حسینیه		noun	husayniyya	arbi
بدرقه		noun	escort, company (sending someone off on the road)	rishta:بدر
تکیه‌خانه		noun	synonym of تکیه (takye)	rishta:خان
جاودانه		adv	eternally, forever	rishta:انہ
حماسی		adj	epic	platts
راحتی		noun	comfort, comfortableness, repose, ease	platts
در نظر گرفتن		verb	to take into account; to bear in mind	rishta:نظر
عشوه		noun	coquetry, flirting	platts
توییت کردن		verb	To post an update to Twitter, to tweet	rishta:کردن
برزگری	بَرْزْگَری	noun	agriculture; farming	rishta:گری
مشام		noun	sense of smell	platts
گرداننده		noun	circulator	rishta:گرد
کارکرد		noun	function, role, effectiveness	platts
عملکرد		noun	function, role	rishta:ملک
همکاری		noun	cooperation, collaboration	rishta:اری
متوقف		adj	halted, paused, stopped	arbi
کیش‌مات		noun	checkmate	platts
نمایشی		adj	dramatic (relating to drama or theater)	platts
ارزیابی		noun	evaluation	rishta:یاب
سخنران		noun	orator	rishta:ران
اجبار		noun	compulsion, force	platts
با خیال راحت		adv	safely, undisturbed, untroubled	rishta:خیال
تحسین		noun	admiration, applause, praise	arbi
جنایت جنگی		noun	war crime	rishta:ایت
مواجه		adj	encountering, facing, confronting	arbi
خاطرنشان		adj	fixed in the mind or memory	rishta:شان
کوچیدن		verb	to migrate, to move	platts
کوچ کردن		verb	to move, to migrate	rishta:چکر
کیس		noun	crease, wrinkle, fold	platts
شکنجه‌گر		noun	torturer, tormentor	rishta:شکنجہ
کارآمد		adj	efficient, effective, skilled	arbi
تنگنا		noun	tight place; defile, gorge, bottleneck	platts
خانگاه		noun	older form of خانقاه (xānaqāh)	rishta:نگاہ
کمین		noun	ambush	platts
به سرای باقی شتافتن		verb	to pass away	rishta:افت
گرد کردن		verb	to gather together, to bring together	rishta:گرد
تهیه‌کننده		noun	film producer	rishta:نند
فیلمبردار		noun	cameraperson, cinematographer, videographer	rishta:ردا
خلنگ	خَلَنْگ	adj	bi-coloured, piebald	rishta:لنگ
دمدمه		noun	clamor, noise, disturbance	rishta:دمہ
تلبیس		noun	fraud, imposture	rishta:بیس
ظرفیت		noun	capacity	rishta:ظرف
مثابه		noun	position, place	platts
اشاره کردن		verb	to point (with a finger)	rishta:اشارہ
نحوه		noun	manner, method	platts
اطرافی		adj	outlying, on the outskirts of	platts
ابرقدرت		noun	superpower	rishta:ابر
گرانبها		adj	valuable, precious	rishta:گرا
برائت		noun	exemption, freedom (from)	platts
دست و پا کردن		verb	to sort out, to arrange, to get done	rishta:توپ
دست و پا زدن		verb	to struggle, to make every effort	rishta:توپ
تخمین زدن		verb	to estimate, to assess, to guess	rishta:تخم
منقلب		adj	capsized, reversed	arbi
حائز		adj	owning, possessing	platts
منفجر کردن		verb	to explode, to cause to explode	rishta:کردن
نافرمانی		noun	disobedience, insubordination	rishta:فرمان
عضویت		noun	membership	platts
غلبه		noun	victory, triumph	platts
شیون		noun	lament, lamentation, wail	platts
از سر گرفتن		verb	to resume, to start again	rishta:سرگ
یادآور شدن		verb	to remind (of)	rishta:اور
طریق		noun	road, way, passage	platts
خلاص کردن		verb	to finish, to complete	rishta:خلا
حومه		noun	suburb	arbi
محموله		noun	shipment, cargo	rishta:مول
خشکی		noun	dryness, aridity	platts
بس کردن		verb	to stop, to desist	rishta:کردن
قرار شدن		verb	to be agreed	rishta:قرار
به جا آوردن		verb	to perform, to carry out	rishta:اور
سر و کار داشتن		verb	to deal	rishta:ردا
جنجال		noun	tumult, commotion, brawl	platts
سپری کردن		verb	to finish, to complete	rishta:پری
نیمه		adj	half	arbi
لایق		adj	worthy, fit, deserving	platts
ناگزیر		adj	helpless	rishta:ناگ
ترمیم		noun	emendation, correction, repair	arbi
متحول کردن		verb	to transform	rishta:حول
ناراضی		adj	unhappy, disgruntled, dissatisfied	rishta:اراضی
حکمرانی		noun	dominion, rule, sway	rishta:مرا
بهبود بخشیدن		verb	to improve	rishta:بخش
منازعه		noun	conflict, dispute	arbi
منتفی		adj	ruled out, rejected	arbi
مجان		adj	gratuitous	platts
جوانمرد		adj	brave, generous, manly	rishta:جوا
جوانمردی		noun	generosity	rishta:جوا
بارگی		noun	excellent horse	platts
مستغرق		adj	drowned	arbi
تشییع		noun	escorting a funeral procession	platts
مرگ و میر		noun	mortality (number of deaths as a rate)	rishta:مرگ
صراحت		noun	clearness, explicitness, definiteness	platts
سرپیچی		noun	disobedience, refractoriness	rishta:سرپ
نبود		verb	Used other than figuratively or idiomatically: see ن, بود: he/she/it was not, there was no	platts
دستگیر		adj	arrested, under arrest	rishta:دست
دست زدن		verb	to touch	rishta:دست
فرو نشاندن		verb	to quell, to quench, to suppress	rishta:شان
پردازش		noun	processing	rishta:ردا
موهبت		noun	boon, gift, blessing	platts
متوقف شدن		verb	to be stopped; to stop	rishta:وقف
با این حال		adv	nevertheless, but, however, nonetheless	rishta:حال
جویینه		noun	swan	arbi
چتنی		noun	chutney (spicy condiment)	platts
ظالمانه		adj	cruel, tyrannical, oppressive; (adverbially) cruelly, tyrannically, oppressively	rishta:ظالم
اغراق		noun	exaggeration	platts
ملموس		adj	tangible	arbi
گزنده		adj	biting (of an animal)	rishta:زندہ
تاریخ انقضا		noun	expiration date	rishta:اری
تاریخ مصرف		noun	expiration date	rishta:صرف
نشانه رفتن		verb	to aim at; to take aim at	rishta:شان
ردیابی		noun	tracing, detection	platts
تضعیف		noun	weakening	arbi
فیلمساز		noun	filmmaker	rishta:ساز
همتا		noun	peer, match, equal	platts
تسهیل		noun	facilitation	arbi
قفلی		noun	mould	platts
تهیه کردن		verb	to prepare, to make ready	rishta:کردن
سنگر		noun	trench, dugout	platts
نماز دیگر		noun	ʿaṣr prayer (the Islamic afternoon prayer)	rishta:دیگ
به دست آمدن		verb	to be obtained, to be achieved	rishta:امد
چای صبح		noun	breakfast (first meal of the day)	rishta:صبح
لاجرم		adv	necessarily, of necessity	rishta:اجر
بررسی کردن		verb	to investigate, to check	rishta:رسی
شکوفا		adj	blossoming, in blossom	arbi
پرینت گرفتن		verb	to print, to print out	rishta:پری
ناشناخت		adj	unknown, unidentified	rishta:اشنا
اعمال کردن		verb	to use, to exert, to apply	platts
روزه گرفتن		verb	to fast	rishta:روز
ارسال کردن		verb	to send, to dispatch	rishta:سال
مقایسه کردن		verb	to compare	rishta:کردن
خواهان		adj	wanting, desirous	platts
خاوران		noun	synonym of خاور (xâvar)	platts
فتان		adj	fascinating, charming, seductive, tempting	arbi
ذکر کردن		verb	to mention, to indicate	rishta:ذکر
شرمسار		adj	ashamed	rishta:شرم
بجای		adj	in lieu	platts
جامدانی		noun	jamdani	platts
مالکانه		adj	possessory	rishta:مالک
غالیچه		noun	a small carpet	rishta:غالی
نوحه		noun	mourning, lamentation, wailing	platts
برباد دادن		verb	to dissipate, to squander, to waste away	rishta:باد
اعجوبه	اُعْجُوبَة	noun	miracle, wonder	arbi
فریادرس		noun	someone who comes to another's relief; redeemer, reliever, savior	rishta:فریاد
عسس		noun	night watch, nocturnal patrol, nocturnal police	platts
خلوتگاه		noun	private place, place of retirement, retired place	rishta:گاہ
شامورتی		noun	cheat, scoundrel, swindler	platts
دری‌زبان		adj	Dari-speaking	rishta:زبان
غین		noun	the letter غ	platts
گاف		noun	The name of the letter: گ	platts
بقه		noun	breeding bull, sire bull	arbi
خبیث		adj	impure, wicked, perverse	arbi
مولوی		adj	judicial	platts
فوجدار		noun	an officer or the police in Hindustan, and chief magistrate of a chaklah	rishta:جدا
پس آمدن		verb	to return, to come back	rishta:امد
افسانه‌ای		adj	legendary	rishta:افسانہ
دگرگون کردن		verb	to change, to transform, to alter	rishta:کردن
بندگی کردن		verb	to serve, to worship	rishta:بندگی
حمل کردن		verb	to transport, to carry	rishta:ملک
تراوش		noun	oozing, leaking, exuding	platts
خانه‌خدا		noun	master of the house, householder; pater familias	rishta:خان
ثلاثه		num	three	arbi
خیل		noun	horsemen, squadron of cavalry; (by extension) army (in general)	platts
موی‌لب		noun	moustache	arbi
عائد به		prep	این همایش یک روز دوام میکند، و در جریان آن، بحث و بررسیها عائد به فضای اطلاعاتی برگزار میشود.
in hamâyeš yek r	arbi
بدرنگ		adj	Used other than figuratively or idiomatically: بد (bad, “bad”) + رنگ (rang, “color”).	rishta:بدر
عاریت		noun	something borrowed or lent; loan	platts
ساغر		noun	wine cup; wine goblet	platts
قبا کردن		verb	to tear or rip open a shirt (out of love-ecstasy)	rishta:کردن
پیرانه سر		noun	old age	rishta:انہ
عده		noun	number (of people)	platts
ریزش		noun	pouring down, overflow, spilling	platts
الحاح		noun	importunity, soliciting	arbi
محوطه		noun	enclosure, enclosed space	arbi
تهیدست		adj	poor, indigent	rishta:دست
زهی		intj	bravo! well done!	arbi
تماشاخانه		noun	playhouse, theater, stage	rishta:خان
کاکو		noun	Shiraz and Kerman form of کاکا (kâkâ)	platts
الغیاث		intj	help!	platts
پیر مغان		noun	innkeeper; in particular, a stock figure in poetry who runs the tavern, possesses eccentric wisdom, and initia	rishta:پیر
مساعدت		noun	assistance, aid	platts
پیشکار		noun	steward, majordomo	rishta:شکار
گوارا		adj	easily digested; (loosely) delicious, tasty	platts
ستاد		noun	headquarters	platts
اذعان		noun	acknowledgement, admission	platts
با وجود	بَا وُجُودِ	prep	in spite of	platts
اکمال		noun	completion, perfection	platts
استکمال		noun	perfecting	arbi
آتشی		adj	red, dark red	platts
محک		noun	touchstone	platts
ابوالهول		noun	sphinx	arbi
اربعه		adj	fourfold, quadruple	arbi
صبیه		noun	daughter	platts
صبی		noun	boy, lad, youth	platts
صمیم		noun	pith, interior, core	platts
حسرت کشیدن		verb	to yearn for someone or something	rishta:حسرت
پارسی بان		noun	A Persian speaker (from Afghanistan, i.e. A Dari speaker)	rishta:رسی
پاک دل		noun	sincere	platts
حکیم‌جی		noun	herbalist, medicine man	rishta:حکیم
لمعه		noun	flash of light	arbi
عریان		adj	naked, nude	platts
مرسل		adj	dispatched, sent; (Islam) especially of prophets	platts
سیاهی لشکر		noun	extra, background actor	rishta:شکر
صاحبقران		noun	"Master of the Conjunction": a laudatory royal title, especially associated with the fourteenth-century warlor	rishta:بقر
ترکتاز		noun	plundering expedition, chevauchee	platts
آبدار		adj	juicy, succulent	platts
ساداوران		noun	Persian walnut (Juglans regia)	platts
احتضار		noun	being on death's doorstep	arbi
نقش و نگار		noun	ornamentation; decorations and adornment; paintings and images	rishta:نگار
پرند		noun	damask silk	platts
طاقت داشتن		verb	to stand, put up with, tolerate	rishta:طاقت
جریده		noun	newspaper	arbi
طناز		adj	coquettish, playful	arbi
خرت و پرت		noun	trinkets, baubles, frippery	rishta:توپ
مبهوت		adj	astonished, confused, confounded	rishta:بہو
سرگشته		adj	confused, befuddled	rishta:سرگ
برآمدن		verb	to come up, to come from downwards	rishta:برا
آته		noun	Hazaragi form of اتا (atā, “father”)	platts
زریون		noun	gold-colored	arbi
میدانی		adj	relating to a square or plaza	platts
یاد کردن		verb	to remember, to commemorate	rishta:کردن
دهقانی		noun	agriculture, tillage	arbi
ژئوپلیتیکی		adj	geopolitical	rishta:لیتی
دریغ		noun	refusal to give, withholding, denial	platts
مولایی		noun	lordship	platts
خوی کردن		verb	to sweat	rishta:کردن
فارغ البال		adj	at ease, tranquil, relaxed	rishta:بال
پراپر		adj	filled to the brim	platts
کونین		noun	the two kinds of existence: the material world and the spiritual world	platts
تسکین		noun	soothing, alleviation, appeasing, calming down, comfort	arbi
عادت کردن		verb	to get used (to)	rishta:عادت
پیف		intj	ew, ugh, yuck, pew	platts
میکده		noun	pub, tavern	arbi
نام بردن		verb	to name; to mention or say (someone or something's) name	rishta:نام
نافذ		adj	penetrating, passing through	arbi
مسلط شدن		verb	to rule, to govern	rishta:مسلط
مسلط کردن		verb	to set up (someone) to rule; to cause to dominate	rishta:مسلط
سحر حلال		noun	poetic genius; poetry	rishta:سحر
نازپرورده		adj	sheltered; brought up delicately; spoiled	rishta:ناز
جمعیت خاطر		noun	peace of mind, composure	rishta:جمعی
ایثار		noun	generosity, selflessness, altruism	platts
جحیم		noun	Hell	platts
زمینه		noun	background (e.g. of a picture)	arbi
ماه پاره		noun	piece of the moon; shard of the moon	rishta:ماہ
آب زدن		verb	to sprinkle with water; to moisten	arbi
مسخر		adj	conquered, subjugated	platts
نگار کردن		verb	to paint	rishta:نگار
چای‌بر		noun	a large multi-litter or gallon sized container for tea.	platts
چای‌جوش		noun	teakettle (kettle mainly used mainly for tea)	rishta:جوش
کامل العیار		adj	sterling, of a high grade of purity	rishta:ملا
کجک		noun	elephant goad, ankus	platts
سیه بهار		noun	lush, verdant spring	rishta:بہار
کیمخت		noun	chamois, shagreen	platts
سبو		noun	pitcher, jar, pot	platts
هیربد		noun	herbad, lowest-ranking Zoroastrian priest	rishta:ہیر
دوستدار		noun	lover, loving friend	platts
جاوی		adj	Jawi (relating to the Arabic script used for Malay and some other Austronesian languages)	rishta:اوی
گلناری		adj	vivid red, bright red; red like the pomegranate flower	rishta:اری
قرین		adj	connected, joined, coupled	platts
سنجاق قفلی		noun	safety pin	rishta:سنجاق
ابهت		noun	magnificence, grandeur, imposing presence	platts
خرج کردن		verb	to spend (e.g. money)	rishta:کردن
همبستر		noun	sexual partner	rishta:بستر
اعشاریه		noun	point (decimal point)	platts
خون خوردن		verb	to suffer, to anguish	rishta:خون
مسلمانی		noun	Islam	rishta:سلمان
شحنه		noun	military governor of a town	arbi
تیپ		noun	brigade	platts
افتاده		noun	humbled person, oppressed person	rishta:افت
قانع		adj	convincing, persuasive	platts
مهجور		adj	deserted, abandoned, forsaken	platts
راه دادن		noun	to give way, to allow someone to pass or enter	rishta:راہ
مقیاس		noun	scale (i.e. on a map)	platts
تغییر اقلیم		noun	climate change	rishta:اقلیم
متمایل		adj	with an incline; inclined	platts
شهره		adj	famed, renowned	arbi
خواری		noun	abjectness, contempt, baseness, abasement	platts
خون کردن		verb	to kill; to murder	rishta:خون
پوشاندن		verb	to clothe, to dress	platts
اوریگامی		noun	origami	arbi
عقاب فیلیپینی		noun	Philippine eagle	rishta:عقاب
فیلیپینی		adj	Philippine, Filipino	rishta:فیل
فرزانگی		noun	wisdom	rishta:انگ
تکلم		noun	speaking, speech, conversation	arbi
دیده		noun	eye	arbi
تقریب		noun	approximation	arbi
رقعه		noun	patch (for mending cloth)	platts
شنگرف		noun	cinnabar, vermilion	platts
چلیپا		noun	cross, crucifix	platts
گسیل		noun	dispatching, sending away	arbi
مایان		pron	synonym of ماها (mâhâ)	platts
ماها		pron	us, (only) us; usually excluding the listener, or including only a subset of some larger group.	platts
سرایت		noun	transmission, contagion, infection (of a disease)	platts
ارتیشدار		noun	warrior	rishta:دار
ملکوت		noun	kingdom, dominion, reign	platts
زغیر		noun	flax (Linum usitatissimum)	platts
عکس العمل		noun	reaction	rishta:عکس
خلوص		noun	purity	platts
الکی		adj	arbitrary, pointless, without reason	platts
باروری		noun	fertility (a female's ability to have offspring, or actual number of production)	platts
معضل		adj	problematic	arbi
الزامی		adj	mandatory, compulsory, obligatory	platts
ناکجا		noun	nowhere	rishta:ناک
ناکجاآباد		noun	middle of nowhere	rishta:اباد
ساده‌انگاری		noun	considering simplistically; oversimplification	rishta:اری
تطبیق		noun	adaptation, conformation, accommodation	rishta:طبی
تکدی		noun	begging, mendacity	platts
پشیمان شدن		verb	to regret	rishta:انش
تحت‌الشعاع		adj	overshadowed, eclipsed	rishta:تال
کاوش		noun	excavation, dig	platts
مقرون به صرفه		adj	affordable (of prices)	rishta:صرف
کلافه		adj	stuffy, boiling hot, oppressively hot	arbi
آب و هوایی		adj	climatic; related to the climate	platts
مخترع		noun	inventor	platts
مشرق زمین		noun	the East, the Orient	rishta:زمین
یکپارچه		adj	solid, concrete, structurally sound	rishta:پارچہ
فیمابین		prep	in between	rishta:ابی
طرفین		noun	the two parties (relating to a dispute, a case, a treaty, a negotiation, etc.)	rishta:طرف
گودال		noun	pit, hollow, depression	platts
پاسبانی		noun	watching over, guarding	platts
خرام		noun	elegant gait	platts
قویا	قویاً	adv	strongly	rishta:قوی
قضیه		noun	case, matter, issue, affair	arbi
شیرجه		noun	diving, plunging (into water; also metaphorical)	arbi
سوگواری		noun	mourning	platts
سوگواری کردن		verb	to mourn	rishta:اری
نفی		noun	negation	platts
حقانیت		noun	righteousness, legitimacy (of one's actions)	rishta:نیت
اجمال		noun	abridgment, synopsis, summary	platts
کندوکاو		noun	inquiry, search	platts
جا زدن		verb	to fake, to pass off as, to pretend to be something else	arbi
مزیت		noun	good point, benefit	arbi
سبعه		num	seven; synonym of هفت (haft)	platts
عقده		noun	complex, knot	arbi
پریخوان		noun	exorcist	rishta:پری
سوزنک		noun	gonorrhoea	rishta:وزن
فرق کردن		verb	to be different	rishta:کردن
ریاکار		adj	hypocritical	platts
کجایی		adj	from where?	platts
بی خیال		adj	unconcerned, nonchalant	platts
تن کردن		verb	to wear, to put on (clothes)	rishta:کردن
حسابی		adj	arithmetic; relating to arithmetic	arbi
حین		noun	time, moment	platts
محکم		adj	tight, firm, fast	platts
سفالین		adj	earthen (especially of earthenware)	rishta:سفال
نیابتی		adj	proxy	platts
استدلال کردن		verb	to argue (that)	rishta:استدلال
نصوح		adj	sincere, truthful	platts
وثوق		noun	reliability, confidence, trust	platts
آهنگ کردن		verb	to intend (to do something); to be about to, to be prepared for	rishta:اہنگ
چت کردن		verb	to chat	rishta:کردن
تلفیق		noun	composition, composite, something put together	arbi
درخور		adj	suitable, fitting, appropriate	platts
سنگ صبور		noun	A legendary stone said to listen and react to the stories of sad people.	rishta:سنگ
آتیه		adj	future	platts
درزمال		noun	clothes iron, flatiron	rishta:مال
برکندن		verb	to dig up, to dig out	rishta:کندن
یکنواخت		adj	monotonous, uniform	platts
چانه کسی گرم شدن		verb	to keep talking a lot for a long time	rishta:کسی
سردرختی		noun	fruit from trees	rishta:سرد
بستری		adj	hospitalized	platts
در به دری		noun	wandering, going from door to door	rishta:دری
بامبول		noun	monkey business, trickery, fraud	rishta:بول
کرجی		noun	small boat, barge	platts
مادرمرده		adj	whose mother has passed away	rishta:ادر
سر سوزن		noun	point of a needle	rishta:وزن
پیشگام		noun	pioneer, trendsetter, harbinger, groundbreaker, trailblazer	rishta:پیش
شست		noun	thumb	platts
پرتاب		noun	throw, toss, hurl, shot	platts
حفر کردن		verb	to dig	rishta:کردن
منسجم		adj	coherent, cohesive	arbi
صاحب این قلم		noun	I, the writer; used by the author in self-reference.	rishta:صاحب
شفاهی		adj	oral, spoken	arbi
دوستکام		noun	beloved	rishta:کام
بهارنارنج		noun	orange blossom, flower of the orange tree	rishta:بہار
خاستگاه		noun	origin, source (e.g. of a phenomenon)	rishta:گاہ
به وقوع پیوستن		verb	to occur, to come into being	rishta:بہو
تزکیه		noun	purification, cleansing, sanctification	rishta:زکی
شهودی		adj	intuitive	platts
تلاقی		noun	intersection, confluence, junction, place of meeting	platts
تزیینی		adj	decorative	arbi
تشعیر		noun	decorative marginalia	platts
استثنایی		adj	exceptional, outstanding	platts
اغراق کردن		noun	to exaggerate	rishta:کردن
همه‌گیر		adj	omnipresent, ubiquitous	rishta:گیر
پاتوق		noun	hangout, haunt; favorite place one goes regularly	platts
رایحه		noun	scent, odor, fragrance	arbi
بزرگداشت		noun	commemoration, homage	rishta:بزرگ
خیره کردن		verb	to cause to stare:	rishta:خیر
خطور کردن		verb	to occur, to strike, to come (to mind)	rishta:طور
درمسال		noun	dharamshala	rishta:سال
گودواره		noun	gurdwara	rishta:دوا
انحلال		noun	dissolution (e.g. of an organization)	rishta:حلال
معطلی		noun	delay	platts
سحرگاهی		noun	suhur	rishta:سحر
مصنوع		adj	manufactured, crafted	platts
نعل در آتش		noun	"horseshoe in the fire"; restlessness, uneasiness	rishta:رات
دسیسه		noun	intrigue, scheme, complot	arbi
دارالفنون		noun	university	rishta:الف
مستظرف		adj	elegant, fine	arbi
صدراعظم		noun	Chancellor	rishta:اعظم
چند و چون		noun	conditions, particulars, facts	rishta:چند
درایت		noun	tact, discernment	platts
دگراندیش		noun	dissident, dissenter	rishta:گرا
کارمزد		noun	wage, commission	rishta:ارم
تعویض		noun	replacement, exchange	platts
مصرف‌گرایی		noun	consumerism	rishta:صرف
طراحی کردن		verb	to plan, to design	rishta:کردن
حراج		noun	sale (discount)	platts
فراخور		adj	suitable, fit, suited	rishta:اخور
بخش‌بندی		noun	segmentation	rishta:بخش
منادی		noun	herald	platts
خواهشمند		adj	requesting, asking	rishta:خواہش
ایاب و ذهاب		noun	return, two-way, round-trip	rishta:ایا
ساماندهی		noun	organization (act of organizing)	rishta:اما
تأسی		noun	following the lead of, taking as a model, imitating	platts
اسف		noun	sorrow, grief	platts
تلاطم		noun	choppiness, roughness	rishta:تلا
ناچیز		adj	insignificant, trifling, trivial	rishta:ناچ
عامه		noun	public, populace, common people	platts
جان نثار		adj	devoted for the sake of someone; nowadays mainly used in taarof phrases.	rishta:جان
متناقض		adj	contradictory	arbi
صحرایی		adj	desert	platts
زایمان کردن		verb	to give birth	rishta:ایمان
مستمند		adj	afflicted, needy	rishta:ستم
زرق و برق		noun	garishness, gaudiness	rishta:برق
مهراوه		noun	sun temple	platts
ترویج		noun	circulation, propagation, causing to circulate	arbi
کباده		noun	bow-like metal equipment used for exercise	rishta:باد
دزدیده		adj	stolen	rishta:دید
وردار		noun	Kashan form of برادر (barâdar)	platts
سقاخانه		noun	traditional public water fountain	rishta:خان
شمایل		noun	good qualities, virtues	platts
له له		noun	The sound of a dog panting.	arbi
عبادتخانه		noun	place of worship, temple	rishta:خان
بهدین		noun	Zoroastrian ("those of the good faith")	rishta:ہدی
هیوادوال		noun	fellow (Afghan) citizen	platts
تقدیم		noun	offering, proffering, dedicating	arbi
مژدگانی		noun	gift to someone who brings good news	rishta:گان
سنگ تمام گذاشتن		verb	to finish something perfectly (literally, “to lay the finishing stone”)	rishta:سنگ
آتش گرفتن		verb	to catch fire	rishta:اتش
گسی		noun	dispatching, sending away	platts
زبانه		noun	something resembling a tongue:	rishta:زبان
خانمان		noun	house and furniture	rishta:خان
دسترخوان		noun	tablecloth	rishta:دست
هوسکار		noun	amateur, enthusiast, aficionado	rishta:سکا
هاری		noun	rabies	platts
تزریق		noun	injection	arbi
بلاصاحب		adj	ownerless	rishta:بلا
دهات		noun	countryside; rural area	platts
صدد		noun	purpose, intention, design	platts
منطبق		adj	matching, congruent	rishta:طبق
ابقا		noun	maintaining, retaining (e.g. a position of power)	platts
خنده کردن		verb	synonym of خندیدن (xandidan)	rishta:کردن
دمادم		adj	incessant, at every moment	platts
لالستان		noun	tulip-garden	rishta:الس
لاله‌ستان		noun	tulip-garden	rishta:لالہ
بنفشه‌ستان		noun	violet-garden	rishta:بنفشہ
احداث کردن		verb	to create, to construct	rishta:کردن
مرغ چمن		noun	nightingale	rishta:چمن
خویشاوند		noun	relative, kinsman, kinsperson	platts
مرکبات		noun	citrus fruits	rishta:بات
فردم		noun	first	platts
شمولی		adj	universal, inclusive	platts
متمایز		adj	distinguished, distinct	arbi
مغذی		adj	nutritive, relating to nutrition	platts
شکوفه دادن		verb	to blossom, to bloom	rishta:فہد
بالا آوردن		verb	to throw up, to vomit	rishta:اور
لقا		noun	face, visage, countenance	platts
هندوایرانی		adj	Indo-Iranian	rishta:دوا
هندوآریایی		adj	Indo-Aryan	platts
عیاری		noun	slyness, cunning	rishta:اری
آقایی		noun	generosity, the personality of a gentleman	rishta:ایی
ساپورت کردن		verb	to support (various senses)	rishta:پور
مدیریت کردن		verb	to manage, to handle effectively	rishta:ریت
آفتاب مهتاب ندیده		adj	sheltered, naive, innocent	rishta:دید
قاطی		adj	mixed, mingled, blended	platts
میل شدن		noun	to be eaten	rishta:میل
فلفل‌دلمه‌ای		noun	bell pepper	rishta:مہا
نهادینه		adj	embedded, institutionalized	rishta:ہادی
تعزیر		noun	discretionary punishment	platts
سرسری		adj	ill-advised, unwise	platts
واله		adj	enamored, distraught (e.g. with love)	platts
تنعم		noun	life of luxury	platts
تقدیم کردن		verb	to present, to offer	rishta:قدیم
نجوا کردن		verb	to whisper	rishta:جوا
طراوت		noun	freshness	platts
قلم کردن		verb	to snap in half (as one would snap a reed pen)	rishta:قلم
زبانزد		adj	celebrated, talk of the town	rishta:زبان
جیش کردن		verb	to pee	rishta:شکر
قرائت		noun	reading (way to read or understand a text)	platts
صیام		noun	fast (period of abstinence)	platts
زیبنده		adj	befitting, becoming (of), suiting	rishta:بند
سنگدل		adj	stony, hardhearted, heartless, cruel	platts
جامه گلگون		noun	A metonymy for the beloved.	rishta:جام
خانی		noun	khanship	platts
مقدور		adj	predestined	platts
کاتالانی		adj	Catalan	arbi
اکسیتانی		adj	Occitan	platts
توبال		noun	metal flakes, dross, filings	platts
آخر شدن		verb	to be finished, to come to an end	rishta:اخر
صرفه‌جویی		noun	thrift, economizing, saving money	rishta:صرف
آشام		noun	drink	platts
غریق		adj	drowned	platts
به اصطلاح		adv	so-called, supposedly	rishta:اصطلاح
شاشو		adj	enuretic, bedwetting	platts
علیم		adj	knowledgeable, knowing, learned	platts
رسم کردن		verb	to draw	rishta:رسم
ایوبی		adj	Ayyubid	rishta:ایوب
قایم موشک		noun	hide and seek	rishta:قایم
ارجاع		noun	anaphora (An expression that can refer to virtually any referent)	platts
تجاهل‌العارف		noun	feigned ignorance (as a rhetorical device)	rishta:عارف
دورکار		noun	telecommuter, remote worker	platts
فتراک		noun	saddle strap, a long rope used to fasten items to a horse's back.	arbi
درمانده		adj	distressed, hopeless, helpless	rishta:مان
دولتخواه		noun	well-wisher	rishta:واہ
عشرت		noun	pleasure, enjoyment	platts
گوشه چشم		noun	canthus, corner of the eye	rishta:چشم
چون منی		noun	someone like me	rishta:منی
مداخله		noun	intervention	rishta:داخل
جان دارو		noun	antidote, cure	arbi
حالیا		adv	presently, as of now	platts
اندکی		adv	few	platts
اندک		adj	few, little, scanty	platts
استفراغ کردن		verb	to vomit	rishta:کردن
فرو کردن		verb	to sink	rishta:کردن
چاقو زدن		verb	to stab	rishta:چاق
فشار دادن		verb	to push	rishta:ردا
پوسیده		adj	rotten	rishta:سید
گره زدن		verb	to tie	rishta:گرہ
شناور بودن		verb	to float	rishta:اور
جاری بودن		verb	to flow	rishta:اری
یخ زدن		verb	to freeze	platts
باد کردن		verb	to swell	rishta:باد
پرماه		noun	drill, auger, borer, gimlet	platts
پرمایه		adj	rich, opulent	platts
سر کشیدن		verb	to quaff, to gulp down (a drink)	rishta:سرکشی
از دست رفتن		verb	to disappear, to be lost	rishta:دست
چونکه		conj	because, since	rishta:چون
خنجال		noun	scratching (with nails)	rishta:جال
بی‌رنگی		noun	colorlessness	platts
نارنگستان		noun	orangery	rishta:رنگ
یگانگی		noun	oneness, uniqueness, unity	platts
نویسندگی		noun	writing	rishta:نویس
ریم		noun	filth	platts
همزه‌دار		adj	hamzated	rishta:دار
هویار		adj	having a good property	platts
بیچارگی		noun	helplessness	rishta:چار
سروقد		adj	of a stature like a cypress; tall, slender, and beautiful	platts
نگال		noun	coal	platts
سایبان		noun	shade (of a tree or foliage)	arbi
گواهی		noun	testimony, testimonial	platts
لایعقل		adj	unreasonable, irrational	platts
به درد خوردن		verb	to avail, to come in handy, to be useful	rishta:درد
شکنجه دادن		verb	to torture	rishta:شکنجہ
کم لطفی		noun	poor treatment, unjust treatment	rishta:لطف
کالبدشکافی		noun	dissection, autopsy	rishta:دشک
میله		noun	rod, shaft	platts
متلک		noun	teasing	platts
نهالی		noun	mattress or bedding for sleeping	arbi
صریح		adj	evident, plain, clear	platts
چندر غاز		noun	pittance, trifling (of money)	rishta:چند
ریشه دواندن		verb	to put down roots	rishta:شہد
چهارپایه		noun	stool	rishta:ہار
صیت		noun	fame, renown	platts
مددکار		noun	social worker	rishta:مدد
دلسرد		adj	disheartened, discouraged	rishta:سرد
ناشیانه		adj	clumsy, inattentive; (adverbially) inattentively, carelessly	arbi
بدک		adj	bad; mainly used only in بدک نیست (badak nist, “is not bad”).	platts
درد دل		noun	heartfelt complaint, grievance	rishta:درد
گورکانی		adj	Mughal (of India)	arbi
به نوعی		adv	in a way, in a manner of speaking, in some ways	platts
دلدرد		noun	stomachache	rishta:درد
بسته‌بندی		noun	packaging, wrapping	rishta:بستہ
رحیل		noun	departure	arbi
بنگی		noun	cannabis user, cannabis addict	platts
رو آوردن		verb	to turn towards	platts
تلقین		noun	inculcation, repeated instruction	platts
نمازخانه		noun	prayer room	rishta:خان
مفقودالاثر		adj	missing in action	rishta:اثر
مچاله		noun	crumpled	rishta:الہ
طفلک		noun	poor kid; a term of endearment and pity for a child.	platts
صورتک		noun	small face	rishta:صورت
دست و پا شکسته		adj	broken, clumsy	rishta:اشک
اسباب‌کشی		noun	moving, move (house, residence)	rishta:سبا
سواحلی		adj	Swahili-language	platts
فریاد خواستن		verb	to seek help, to seek justice	rishta:فریاد
فریاد رسیدن		verb	to deliver help, to deliver justice	rishta:فریاد
ارعاب		noun	terrifying; disseminating terror	platts
اوباش		noun	thugs, miscreants, street gangsters	platts
خاطرنشان کردن		verb	to point out	rishta:شان
سرپوش گذاشتن		verb	to cover up, to conceal, to hide	rishta:سرپ
سیامی		adj	Siamese	platts
سپاسگزاری		noun	gratitude	rishta:اری
بلاروسی		adj	Belarusian	arbi
آهنگسازی		noun	composition	rishta:ساز
پایان‌نامه		noun	thesis, dissertation	rishta:ایا
ترسیم		noun	sketch, drawing	rishta:ترس
خوشا		adj	how happy, how pleasing, how blessed...	platts
زندیق		noun	heretic	arbi
مردسالاری		noun	patriarchy, male supremacy	rishta:اری
شکاک		adj	distrustful	platts
دوشیزگی		noun	virginity	rishta:دوش
خرپول		noun	rich person	rishta:پول
کور شدن		verb	to go blind	rishta:کور
فرعی		adj	secondary	platts
سرمربی		noun	head coach	rishta:مربی
خوراکی		noun	food	platts
حول و حوش		noun	environs, surroundings	rishta:حول
بالعکس		adv	on the contrary	arbi
تمکین		noun	the wife's deference to her husband	platts
شیربها		noun	bride price to the bride's mother; compare with مهریه (mahriyye), paid directly to the bride.	arbi
خونگرم		adj	warm-blooded (having a constant body temperature)	rishta:گرم
مقنعه		noun	type of hijab, similar to a European wimple	arbi
نظرباز		noun	ogler; someone who ogles at women or attractive people	rishta:نظر
علاف		noun	fodder-seller, forage-seller	platts
از ما بهتران		noun	"those better than us"; the elite classes, the rich	rishta:بہت
تكذیب		noun	denial	arbi
عریض		adj	wide, broad	platts
گزاییدن	گَزاییدن	verb	to harm, injure, damage	rishta:ایی
دل را از عزا درآوردن		verb	to become full, to eat to satiety	rishta:اور
موذی		adj	noxious, harmful	platts
رسالت		noun	mission	platts
خنکار		noun	A title of the Ottoman sultans.	platts
داستانی		adj	narrative; telling a story	platts
شله		noun	rice dish similar to a congee	arbi
میقات		noun	miqat (station in the hajj pilgrimage)	platts
تبعیدی		noun	exile, an exiled person	platts
استکبار		noun	arrogance, conceit	arbi
قوزک		noun	anklebone	arbi
دسترنج		noun	wage	rishta:دست
کشاندن		verb	to drag, to draw	rishta:شان
بازدارنده		noun	hindrance, obstacle	rishta:رند
پشمینه		noun	woolstuff	rishta:مینہ
بالاخانه		noun	upper room	rishta:خان
افتضاح		adj	abysmal, dreadful, disgusting	arbi
احسنت		intj	bravo, well done	platts
زوجین		noun	married couple	rishta:جین
فی‌البداهه		adj	impromptu, unscripted	rishta:اہہ
تله		noun	trap (e.g. for animals; also figurative)	platts
رژیمی		adj	diet, relating to weight loss	rishta:رژیم
چکیده		noun	abstract, summary	rishta:چکی
تعقیب		noun	pursuit	arbi
کلانتری		noun	police station	rishta:تری
امدادگر		noun	aid worker, rescue worker	rishta:امد
عازم		adj	departing, heading for	platts
عقیدتی		adj	ideological	platts
تملک		noun	taking possession, claiming ownership	platts
تقلبی		adj	counterfeit	arbi
جلوه دادن		verb	to show off, to display	rishta:جلوہ
پیشکسوت		noun	old hand, veteran, doyen	rishta:پیش
حال بهم زن		adj	disgusting, revolting	rishta:حال
خودشیفته		adj	self-enamored, narcissistic	rishta:خود
خبرفوری		noun	breaking news	rishta:خبر
تک تک		adj	one by one, one at a time	platts
قلم‌زنی		noun	toreutics; art of metal engraving or embossing	rishta:قلم
روکوکو		noun	rococo style	arbi
سربسته		adj	sealed, closed shut	rishta:بستہ
وهله		noun	moment, instant	arbi
کیفری		adj	criminal (relating to a crime)	platts
احضار		noun	summons; (law) subpoena	arbi
ابلاغ		noun	formal communication, communiqué	platts
صرف نظر		noun	dispensing with, disregarding, putting aside	rishta:صرف
شیفته		adj	enamored, charmed	arbi
اهرم		noun	lever	platts
رخوت		noun	lethargy	platts
دامیثا		noun	a kind of gum-tree	platts
قدسیت		noun	holiness, sanctity	platts
مرتکب شدن		noun	to perpetrate, to commit (a crime, a misdeed)	rishta:مرت
تصریح کردن		verb	to clarify	rishta:ریح
نظارت		noun	supervision, oversight	platts
راهکار		noun	method, approach (e.g. to a problem)	rishta:راہ
دانشمندی		noun	wisdom	arbi
اشکانی		adj	Arsacid	platts
ارشکی		adj	Arsacid	platts
فروتن		adj	humble	platts
آبدارچی		noun	butler	rishta:ابد
ضریح		noun	raised sepulcher (usually for the tombs of saintly people)	arbi
تنکه		noun	wrestler's shorts	arbi
چترنگ		noun	older form of شطرنج (šatranj)	rishta:ترنگ
تاتوره		noun	Datura spp., especially	arbi
نکره		adj	unknown	arbi
یله		adj	freed, liberated, unrestrained	platts
یله کردن		verb	to free, to liberate	rishta:کردن
زنگوله		noun	bell, little bell; smaller than زنگ (zang).	rishta:زنگ
مراجعه کردن		verb	to refer to, to consult	rishta:مرا
مخفی کردن		verb	to hide, to conceal	rishta:کردن
تحریف		noun	corruption, distortion (e.g. of a text)	arbi
تاتول		adj	facially paralyzed	platts
منحرف		adj	deviated, aberrant	platts
جنجالی		adj	controversial; tumultuous	platts
تولیدن		verb	fleeing, to go away in one direction	platts
قاتولیقه		noun	Catholic	rishta:تول
مردم‌گیاه		noun	A magical herb in Persian tradition, often believed to resemble a human form or to have powers related to love	rishta:گیا
مهرگیاه		noun	synonym of مردمگیاه (mardum-giyāh /mardom-giyâh)	rishta:گیا
دامدار		noun	rancher, pastoralist, cowherd	rishta:امد
آلاچیق		noun	gazebo	platts
برپایی		noun	establishment, act of establishing	rishta:ایی
کوررنگ		adj	color blind	rishta:رنگ
وقت بخیر		intj	good time	rishta:وقت
زیرتبار		noun	subtribe	rishta:بار
مابازاء		noun	quid pro quo, something you give in exchange for something else	arbi
ایدئولوژیکی		adj	ideological	rishta:دیو
منکوس		adj	upside down	platts
عصرانه		noun	afternoon or early evening meal or snack (between lunch and dinner)	platts
روش‌شناسی		noun	methodology	rishta:اسی
دوام آوردن		verb	to endure; to last; to persevere	rishta:اور
اراک		noun	toothbrush tree (Salvadora persica)	platts
مجاورت		noun	vicinity	platts
موازی		noun	parallel	platts
در خود جای دادن		verb	to house, to include, to have	rishta:خود
به واسطه		prep	through, by means of	rishta:ہوا
جر و بحث		noun	contention, dispute, disagreement	rishta:بحث
خواهشا		adv	please	rishta:خواہش
ایراد		noun	objection, rebuke	platts
انتزاعی		adj	abstract	arbi
کلینکس		noun	kleenex, a disposable tissue	rishta:کلی
اراکی		adj	Araki, Of or pertaining to Arak.	platts
جاگير دار	جَاگِیرْدَار	noun	the holder of a jagir	rishta:جاگ
جاگیر		noun	a government assignment of a land tract's revenue to an individual	platts
کرم ریختن		verb	to bother; to pester; to annoy	rishta:کرم
فینک		noun	pumice	arbi
ارزشی		adj	Pertaining to values.	platts
تدارک		noun	preparation, provision	platts
سیو کردن		verb	to save (a post)	platts
بارگیری		noun	loading (e.g. cargo onto a ship)	rishta:بار
آزمون و خطا		noun	trial and error	rishta:خطا
بطش		noun	violence, force, oppression, brutality	platts
ناوشکن		noun	destroyer (type of warship)	rishta:ناو
خاراندن		verb	to scratch, to scrape	rishta:خار
پیام‌رسان		noun	messenger app	rishta:پیا
باریکه		noun	strip, thin band	arbi
آشوری		adj	Assyrian	platts
شعف		noun	joy	platts
واویلا		intj	woe! alas!	rishta:اوی
زورکی		adj	forced, imposed, reluctant	platts
اثاثیه		noun	furniture	arbi
التزامی		adj	subjunctive	arbi
گونی		noun	sack	platts
جا شدن		verb	to fit in (a space)	rishta:اشد
غمباد		noun	goitre	rishta:باد
نمک‌گیر		noun	guest or client; someone obligated by having received hospitality or patronage	rishta:نمک
وزوزی		adj	fuzzy, frizzly (of hair)	arbi
لل‍ه		noun	male dry nurse or tutor of an elite, such as (historical) a shahzada, or noble's son	platts
آنچنان		adv	so, so much, to such an extent	rishta:انچ
دانش‌بنیان		adj	knowledge-based	rishta:بنی
تراشه		noun	chip, splinter (e.g. of wood)	arbi
ریزشی		noun	an affiliate of the Islamic Republic of Iran's government that is against the regime, advocates for regime cha	platts
چکاچاک		noun	clank of weapons (i.e. a sword)	rishta:چاک
صدادار		adj	vowel, vocalic	rishta:ادا
گشت‌وگذار		noun	excursion, trip, sightseeing	rishta:گشت
خیشوم		noun	nose	platts
خیشومی		adj	nasal	platts
پشتکار		noun	perseverance, effort	rishta:شتک
جدیت		noun	perseverance, earnestness	platts
صدق کردن		verb	to hold true	rishta:کردن
صرف کردن		verb	to spend (e.g. time, money); to use up (e.g. fuel, food)	rishta:صرف
دوستگان		noun	beloved	rishta:دوست
دوستکان		noun	beloved	rishta:دوست
خنثی		adj	neutral	platts
رجوع کردن		verb	to refer, to have recourse	rishta:کردن
متناوب		adj	alternating, periodic, intermittent	rishta:ناو
تحت اللفظی		adj	literal, word-by-word	rishta:لفظ
مافوق		noun	superior (person above someone else)	platts
ضربدر		noun	X mark	rishta:بدر
گنجاندن		verb	to include, to insert, to make room for	rishta:جان
قابلمه		noun	cooking pot	rishta:قاب
دلهره		noun	anxiety, disturbance, disorder	rishta:لہر
سخت گرفتن		verb	to be harsh, to be strict	rishta:سخت
کشورداری		noun	statecraft	platts
نسیه		adj	on credit	platts
تراکنش		noun	transaction (e.g. financial)	rishta:ترا
قسطی		adj	in installments	platts
باسواد		adj	literate	platts
اساسا	اساساً	adv	basically, essentially, fundamentally	platts
حریره		noun	gruel, porridge	arbi
جلب کردن		verb	to attract	rishta:کردن
ملعقه		noun	ladle (deep-bowled spoonlike utensil)	arbi
نابکار		adj	wicked, bad	rishta:کار
غرفه		noun	booth, stall	arbi
شامل شدن		verb	to include	rishta:شام
سازگاری		noun	fitness, suitability, compatibility	rishta:ساز
انعطاف		noun	flexibility	platts
مرخصی		noun	leave of absence, leave	platts
کوله‌گردی		noun	backpacking	rishta:گرد
چیدمان		noun	interior décor, layout	rishta:مان
بازه		noun	interval	arbi
بازبینی		noun	inspection, review, control	rishta:باز
شلوغی		noun	congestion, bustle, crowd	platts
نصب کردن		verb	to install	rishta:کردن
سمیع		noun	listener, hearer (person listening to something)	platts
خوشایند		adj	nice, pleasant, pleasing	platts
تجویز		noun	prescription	arbi
کهیر		noun	hives, skin rash	platts
زیردست		noun	subordinate (person)	arbi
تفکیک		noun	segregation, separation	arbi
ورم کردن		verb	to swell	rishta:کردن
اصلاح کردن		verb	to reform, to improve	rishta:اصل
شیرازی		adj	Shirazi	arbi
وفادار		noun	loyal person	rishta:وفا
سوداگری		noun	trade, commerce	platts
جایگشت		noun	permutation	rishta:گشت
نگاشت		noun	map, mapping (of one value to another)	platts
ساکن		noun	resident, inhabitant	platts
بهینه		adj	optimal	rishta:بہی
توکل		noun	trust, reliance	platts
اندروا		noun	air	platts
هواسپهر		noun	atmosphere	rishta:ہوا
درخواست دادن		verb	to apply	rishta:درخواست
پراکنده		adj	scattered	rishta:کند
چهاریار		noun	The four successors to the Prophet Muhammad; Rashidun caliphs	rishta:اری
گیر انداختن		verb	to trap, to ensnare	rishta:ران
زراد		noun	armourer	platts
رابط کاربری		noun	user interface	rishta:بری
تمسخر		noun	ridicule, taunting, mockery	arbi
گیر کردن		verb	to get stuck	rishta:کردن
حفظی		adj	memorized by heart; (adverbially) by heart, from memory	arbi
شرکت هلدینگ		noun	holding company	rishta:دین
کاربری		noun	pertaining to users	platts
متین		adj	firm, steady, solid	platts
اعم از		conj	including	platts
درگرفتن		verb	to be kindled, to catch fire	rishta:درگ
گریزگاه		noun	haven, refuge	rishta:گری
شوکت		noun	glory, splendor, pomp	platts
کلاله		noun	lock of hair, ringlet	arbi
مانید		noun	sin, wrongdoing	platts
اینطور		adv	this way, this manner	platts
پیشی گرفتن		verb	to take precedence	rishta:پیش
از خاطر بردن		verb	to forget	rishta:خاطر
به خاطر داشتن		verb	to keep in mind	rishta:ردا
منجاء		noun	place of rescue	platts
بروز دادن		verb	to express, to disclose, to divulge	rishta:روز
آگاهانه		adj	conscious; (adverbially) consciously	rishta:اہا
سلطه		noun	dominion, dominance	arbi
ایجاز		noun	conciseness, brevity	platts
برنشستن		noun	to ride, to sit	rishta:نشست
بررسیدن		verb	to check, to search	rishta:سید
وارونی		noun	reversal	platts
زڤان		noun	Early New Persian form of زبان (zabān /zabân, “tongue”)	platts
برتنی		noun	arrogance, selfishness	platts
بولانی		noun	bolani, a kind of flatbread with savoury filling	platts
فغ	فَغ	noun	idol	platts
غوری		adj	Ghorid	platts
بخشایش		noun	mercy, forgiveness	arbi
سبز شدن		verb	to sprout, to shoot, to germinate	rishta:سبز
ادلی		prep	alike, resembling (similar to)	platts
مرئی		adj	visible	platts
روپوش		noun	outer coat	platts
التفات کردن		verb	to do or show a favor	rishta:کردن
دوصد		num	two hundred	platts
شاهنشاهی		adj	imperial	arbi
شروانشاه		noun	Shirvanshah	rishta:شاہ
شروانی		adj	Shirvani	platts
رنگ زدن		verb	to paint	rishta:رنگ
جانی		noun	felon; (especially) murderer	platts
چشم‌پوشی		noun	renunciation, abnegation	rishta:چشم
باکوی		adj	Bakuvian	platts
طرحواره		noun	schema	rishta:طرح
عصاره		noun	sap, extract (somewhat viscose liquid that one obtains by wringing)	platts
لازمه		noun	requisite, necessary condition	rishta:لازم
بیمارگونه		adj	pathological	rishta:بیمار
سیطره		noun	dominance, control	arbi
التیام		noun	healing	arbi
شروع شدن		verb	to start, to begin, to be started	rishta:شروع
از قضا		adv	by chance; incidentally; as it happens	rishta:قضا
بردبار		adj	steadfast, forbearing, long-suffering	platts
وراج		adj	talkative	platts
تفننی		adj	hobby, recreational	arbi
گرد آوردن		verb	to gather, to amass	rishta:اور
خطا رفتن		verb	to err, to be in the wrong	rishta:خطا
قاز سرخ		noun	flamingo	rishta:سرخ
دگردیسی		noun	metamorphosis	rishta:دیس
لمپن		noun	lumpen, social outcasts or underclass	platts
مناسک		noun	rituals, formalities	arbi
تیتراژ		noun	credits	rishta:ترا
نه بابا		intj	no way!, hell no!	rishta:ابا
مثنوی		noun	mathnawi, masnavi	platts
میان‌دوراه		noun	perineum	rishta:راہ
اسطوره‌شناسی		noun	mythology	rishta:اسی
قوس‌وقزح		noun	rainbow	arbi
بناءعلی‌هذا	بناءً علیهٰذا	adv	therefore	rishta:بنا
فرتوت		adj	old and decrepit	rishta:رتو
ثلاثه غساله		noun	three cups of morning wine (thought to be purifying)	rishta:سال
صرف نظر کردن		verb	to dispense with, to relinquish, to forgo, to give up	rishta:صرف
وایستادن		verb	synonym of وایسادن (vâysâdan, “to stand, to stop”).	platts
دمنوش		noun	herbal tea	platts
گاندو		noun	mugger crocodile	platts
لغزیدن		verb	to slip, to stumble	rishta:زید
دیجور		adj	dark, obscure	arbi
اڤزودن		verb	Early New Persian form of افزودن (afzūdan /afzudan, “to increase”)	platts
آبغوره		noun	verjuice (common in Persian cooking)	rishta:غور
رودربایستی		noun	bashfulness; state or feeling of being distant, polite, and not intimate	rishta:ربا
به درد بخور		adj	handy, useful; that comes in handy	rishta:درد
ماست‌مالی		noun	cover-up (i.e. of a problem)	arbi
تطبیقی		adj	comparative	rishta:طبی
جهت‌گیری		noun	inclination (towards something); orientation	rishta:گیر
نیکوکاری		noun	philanthropy, charity	rishta:اری
پس‌انداز		noun	savings	rishta:انداز
جیرجیر		noun	The sound made by various animals such as birds and insects, chirping.	platts
هزبر		noun	lion	arbi
تصحیف		noun	misreading (reading incorrectly)	arbi
کارخانگی		noun	homework (exercises assigned by a teacher to a student)	rishta:خان
بشگرد		noun	hunter	rishta:گرد
اصابت		noun	hit, impact, strike	platts
مارماهی		noun	eel	arbi
بدیل		noun	alternative	platts
لیبیایی		adj	Libyan	platts
کتخ		noun	qatiq (thick soured milk product)	platts
تکراری		adj	repetitive, redundant	arbi
بدشگان		noun	Spanish broom, Spartium junceum	rishta:گان
تلمیح		noun	allusion, a figure of speech where the poet makes a reference to an specific topic such an ayah, hadith, story	arbi
گاودوش		noun	milk pail (a vessel cows are milked into)	platts
فارسیات		noun	Fāresīyāt, words or phrases present in Arabic poetry and prose from Persian or Iranian languages in their orig	platts
واکه		noun	synonym of مصوت (musawwit /mosavvet) (more common)	platts
چکره		noun	drip	rishta:چکر
همخوان		noun	consonant	rishta:وان
ماهیت		noun	nature, whatness, quiddity, essence	platts
عینیت		noun	objectivity	platts
اورند		noun	throne	platts
کامروایی		noun	success, gratification (of a desire)	platts
کمردرد		noun	lower back pain	rishta:درد
بارور		adj	fruitful, productive	platts
مقتضا		adj	required, necessary	arbi
گلچین		noun	flower-picker	rishta:چین
مانع شدن		verb	to prevent, to stop	rishta:مان
کلاه سر کسی گذاشتن		verb	to trick someone, to swindle someone	rishta:کسی
درازگویی		noun	circumlocution, long-winded speech	rishta:دراز
بهره‌مند		adj	profiting, benefiting	rishta:مند
نازیدن		verb	to boast	platts
زیتون پرورده		noun	zeytun-e parvardeh (marinated olive dish)	rishta:وردہ
گذرا		adj	transient, fleeting	platts
گراییدن		verb	to incline, to lean (e.g. towards a position, a stance)	platts
مفتخر		adj	proud	rishta:مفت
فراز و نشیب		noun	ups and downs	rishta:فراز
تذکر		noun	reminder, notification	arbi
زیرورو		adj	upside down	arbi
تاکستان		noun	vineyard	rishta:ستان
لوزی		noun	rhombus	platts
دستبرد		noun	robbery; also figurative.	rishta:دست
مرداب		noun	stagnant swamp	rishta:ردا
دفینه		noun	buried treasure	arbi
دوبله		noun	dubbing (revoicing)	rishta:بلہ
یائسه		adj	menopausal	platts
نسیان		noun	forgetfulness, oblivion	platts
مصرف کردن		verb	to spend, to consume, to use up	rishta:صرف
سازماندهی		noun	organization, organizing (act of organizing)	rishta:ساز
اقتدارگرا		adj	authoritative	rishta:گرا
مصوب		adj	approved, sanctioned	arbi
رونویسی		noun	copy, transcription	platts
ارث		noun	inheritance (that which is entitled to inherit)	platts
آزار دادن		verb	to bother, to harass	rishta:ردا
مغرض		adj	partial, self-interested	rishta:غرض
هندوکوه		noun	synonym of هِنْدُوکُش (hindūkuš)	rishta:کوہ
سی‌ام		num	thirtieth	platts
سی‌امین		num	thirtieth	platts
بیست و یک		num	twenty one	rishta:بیس
بیست و یکم		num	twenty-first	rishta:بیس
نیابت		noun	substitution (a substitute)	platts
شهامت		noun	courage, valor	rishta:امت
چاپلوس		noun	sycophant	rishta:چاپ
متانت		noun	steadfastness, firmness, equanimity	platts
میانگین		noun	average	platts
تندباد		noun	gale, strong wind	rishta:باد
مطیع		adj	obedient	platts
باد زدن		verb	to blow wind on (e.g. with a fan)	rishta:باد
قدقد		noun	cluck (sound of a hen)	platts
آبنبات		noun	candy (e.g. lollipop)	rishta:بات
برکه		noun	pond	arbi
سوت و کور		adj	desolate, empty of people	arbi
نفاست		noun	worth, value, preciousness	platts
زیربنا		noun	substructure	arbi
مصدر جعلی		noun	regular infinitive made by adding ـیدن (-īdan /-idan) to a word, therefore equivalent to its present stem + ـی	rishta:علی
نشی		noun	A northeast wind which occurs in winter on the Iranian coast of the Persian Gulf.	platts
بوجی موجی		noun	an instance of flirting with lots of kissings and intimacy in a cute way	rishta:موج
عقب ماندن		verb	to lag behind	rishta:مان
بی‌مورد		adj	uncalled-for, unjustified	rishta:مور
فراتی		adj	Euphratean	platts
چیره‌دست		adj	virtuoso, masterful (e.g. of an artist)	rishta:دست
فانوسقه		noun	cartridge box	rishta:فانوس
سارنج		noun	water tank, cistern	arbi
ساروج		noun	mortar, cement, sarooj	platts
سیاهماهی		noun	khramulya (Capoeta)	arbi
دایر		adj	in operation, running, in working order	platts
زایشگاه		noun	maternity hospital	rishta:گاہ
سکنجبین		noun	sekanjabin, oxymel (vinegar-honey drink)	platts
متقال		noun	calico (A kind of rough cloth made from unbleached and not fully processed cotton)	arbi
تلک	تَلْک	noun	talc, talcum	platts
پچق		noun	knife	platts
پاریسی		adj	Parisian	platts
كرم صدپا		noun	caterpillar	rishta:کرم
شته		noun	aphid	platts
زنبور ملکه		noun	queen bee	rishta:ملک
پونزده		num	colloquial-un form of پانزده (pânzdah)	rishta:پون
هیوده		num	seventeen	arbi
هژده		num	eighteen	platts
ذکیه		adj	in Arabic compounds: synonym of ذکی (zakī /zaki, “intellegent, smart”)	arbi
میعاد		noun	appointment, meeting	platts
استتار		noun	camouflage	platts
مسین		adj	copper, made of copper	platts
آسیمه		adj	confused, astonished	platts
شیار		noun	groove	platts
کنام		noun	thicket, grove	arbi
طناب بازی		noun	skipping rope	rishta:باز
طناب بازی کردن		verb	To skip rope	rishta:باز
راسا		adv	unhamzated form of رأسا (ra'san)	platts
یخ‌زن		noun	freezer	platts
جاغه		noun	Hazaragi form of یقه (yaqa /yaġe, “collar”)	platts
شیپور		noun	bugle, horn, trumpet	platts
تخماق		noun	mallet, beetle, rammer	rishta:تخم
چلغوزه		noun	chilgoza	rishta:لغو
کپی کردن		verb	To copy	rishta:کردن
باسمه‌چی		noun	bandit.	rishta:اسمہ
در کار بودن		verb	to exist	rishta:رکا
پایان نفس‌گیر		noun	a cliffhanger	rishta:ایا
پامیری		adj	Pamiri	rishta:میری
یغنابی		noun	Yaghnobi (a member of an ethnic minority in Tajikistan, inhabiting the Sughd province in the valleys of the Ya	rishta:ابی
پاکی		noun	cleanliness, purity	platts
یکه		adj	alone, single	platts
ماشابه		noun	mashawa (a kind of soup containing mung beans)	platts
گذرگاه		noun	passageway, passage, pass (e.g. through a mountain chain)	rishta:گاہ
نوتلا		noun	Nutella	platts
هروی		adj	synonym of هَراتی (harâti, “Herati”)	platts
قدرت متوسط		noun	middle power (a sovereign state that is not a great power nor a superpower, but still has moderate influence a	rishta:قدر
تلاش کردن		verb	to strive for	rishta:اشک
هرچند		conj	although	rishta:چند
درون‌گرا		adj	introverted	rishta:گرا
آنطور		adv	this way, this manner	platts
اونطور		noun	colloquial-un form of آنطور (ântowr)	platts
جار زدن		verb	to proclaim	rishta:ارز
زبان میانجی		noun	lingua franca	rishta:زبان
کریه		adj	repugnant, detestable	platts
ورانداز کردن		verb	to eye, to look up and down	rishta:انداز
دستپاچه		adj	flustered, nervous	rishta:دست
سوار کردن		verb	to place on top, to set on top, to mount	rishta:سوار
خرخره		noun	larynx	arbi
کلک کسی را کندن		verb	to dismiss, to dispatch	rishta:کسی
اخشید		noun	ikhshid (title of rulers of Ferghana and Sogdia in Transoxiana)	platts
کیسه کردن		verb	to pack in a bag	rishta:کردن
رجز		noun	A poetic meter in Arabic, Persian, and other Islamicate poetry.	platts
شنگول		adj	cheerful, merry, frisky	platts
مشایعت		noun	accompanying someone out	platts
جان سالم به در بردن		verb	to survive, to stay alive	rishta:جان
پیچ و تاب		noun	twist and turn, contortion	rishta:چوت
قراضه		noun	scrap metal	arbi
چترباز		noun	parachutist	rishta:باز
قیم		noun	guardian (e.g. of a minor)	platts
میشی		adj	brown-green (especially of eye colors)	platts
به توپ بستن		verb	to bombard with cannons	rishta:بہت
سرخانه		adj	present in the house; live-in	rishta:خان
دوراهی		noun	bifurcation on a road	platts
موضع‌گیری		noun	taking a stand	platts
کوشانشاه		noun	Kushanshah	rishta:شاہ
کوشان		noun	Kushan (member of tribe)	platts
کوشانی		adj	Kushan, Kushanian	platts
یشت		noun	yasht (any of a collection of hymns and prayers)	platts
مشهدی		adj	Mashhadi (of or pertaining to Mashhad)	arbi
قروت‌آب		noun	qurutob (a dish made from qurut, originating from Tajikistan)	rishta:روتا
روخوانی		noun	reading out loud	platts
سردست		noun	shank (of meat)	platts
گذشته از		prep	besides, apart from	rishta:گذشتہ
خیر مقدم		noun	words of welcome	rishta:قدم
نیست و نابود		adj	annihilated, totally destroyed	rishta:ابو
غرق کردن		verb	to drown	rishta:غرق
سلطنت‌طلب		noun	monarchist	rishta:سلطنت
پادشاهی‌خواه		noun	monarchist	rishta:واہ
پهلویسم		noun	Pahlavism (an Iranian nationalist ideology centered on the rule and legacy of the Pahlavi dynasty (1925–1979))	rishta:ہلو
چشم‌داشت		noun	expectation, prospect	rishta:چشم
خشکبار		noun	dried fruit	rishta:بار
ساقه		noun	stem, stalk (of a plant)	platts
هیچستان		noun	land of nothingness	rishta:ستان
کتمان کردن		verb	to conceal, to hide	rishta:مان
دهان‌دره		noun	yawn	rishta:اندر
هیکلی		adj	muscular	platts
اقامه		noun	iqama (the second call to prayer, made immediately before Muslims pray)	arbi
پنبه نسوز		noun	asbestos	rishta:بہن
پررنگ		noun	vibrant, strong (of colors)	rishta:رنگ
نخ‌ریسی		noun	the act of spinning thread	platts
شفا دادن		verb	to heal, to make better	rishta:ادا
هیل		noun	cardamom (Seed of Elettaria cardamomum, used as a medicine and spice, especially in curry powder)	platts
حد زدن		verb	to lash, to scourge (as punishment)	rishta:دزد
پیشبند		noun	apron	platts
فرهیخته		adj	educated, learnèd	rishta:رہی
جان بدر بردن		verb	to survive, to save one's life	rishta:جان
بیدادپیشه		adj	habitually oppressive, ever-tyrannical	rishta:بید
فلورانسی		adj	Florentine	arbi
قاووت		noun	ghavoot (a mixture of pulverised nuts, chickpeas, and seeds)	platts
چسپاندن		verb	to stick	rishta:پان
ریاکاری		noun	hypocriticality, the state of being hypocritical; hypocrisy	platts
عصب واگ		noun	vagus nerve	platts
شاهنامه‌خوان		noun	Shahnameh-khan (reciter of the Shahnameh)	rishta:نام
شاهنامه‌خوانی		noun	Shahnameh-khani (recitation of the Shahnameh)	rishta:نام
نقالی		noun	storytelling; narration	platts
فروسرخ		adj	infrared	rishta:روس
جمادی‌الثانی		noun	Jumada II (the sixth month of the Islamic calendar)	rishta:دیا
قور		noun	weaponry, arms	platts
قاجار		noun	Qajar (member of the Qajar tribe)	arbi
پرهون		noun	circle	platts
بی‌امان		adj	relentless, merciless	platts
پوشال		noun	woodwool or similar straw-like material used for packaging, stuffing, etc.	platts
خودداری کردن		verb	to refuse; to refrain (from)	rishta:خود
خارکن		noun	someone who collects and sells thorny bushes (e.g. as firewood)	rishta:خار
خردی		noun	smallness	platts
شیرمرد		noun	valiant hero; lion-like man	rishta:شیر
خبرچین		noun	snitch, informant	rishta:خبر
گدایی		noun	begging, mendacity	platts
بادوام		adj	durable, lasting	platts
پویانما		noun	animator	platts
پویانمایی		noun	animation	platts
اعتکاف		noun	i'tikaf (the retreat into a mosque for worship, especially during the last 10 days of Ramadan or the Night of 	platts
تجربیات		noun	experiences; plural of تجربه (tajrobe)	platts
تداعی		noun	mental association, evocation	platts
بزکشی		noun	buzkashi (a team sport originating in Central Asia, where the players, all on horseback, try to place an anima	rishta:کشی
شیردار		adj	lion-bearing	platts
سورتمه		noun	sleigh, sledge	rishta:سور
معرکه‌گیری		noun	ma'rekeh-giri	rishta:معرکہ
معرکه‌گیر		noun	ma'rekeh-gir	rishta:معرکہ
عزیز داشتن		verb	to hold dear, to esteem	rishta:عزیز
تزویر		noun	deception, duplicity	platts
پاکدامنی		noun	chastity, abstinence, modesty	rishta:امن
کشت‌زار		noun	farm, a sown field, a plantation or cultivation; a cultivated land	rishta:زار
محور شرارت		noun	axis of evil (states supposedly sponsoring terrorism and seeking weapons of mass destruction)	rishta:حور
هیمنه		noun	dignity	arbi
استیصال		noun	despair, frustration	arbi
عیدی		adj	of or relating to a feast	rishta:عید
تلافی		noun	retaliation	platts
ضامن شدن		verb	to guarantee	rishta:امن
بلاتکلیف		adj	undecided, unclear	rishta:بلا
شرعی		adj	shariatic	platts
بخور و نمیر		adj	barely sufficient, barely enough to scrape by	rishta:رون
سکونت		noun	dwelling, residence	platts
سروزیر		noun	chief minister	rishta:روز
ذی‌الحجه		noun	(Islam) Dhu'l-Hijja (the twelfth and final month of the Islamic calendar, during which the hajj takes place)	rishta:یال
ذی‌القعده		noun	(Islam) Dhu'l-Qa'da (the eleventh month of the Islamic calendar)	rishta:یال
جمادی‌الآخر		noun	Jumada II (the sixth month of the Islamic calendar)	rishta:دیا
جمادی‌الاول		noun	Jumada I (the fifth month of the Islamic calendar)	rishta:دیا
ربیع‌الآخر		noun	Rabi II (the fourth month of the Islamic calendar)	rishta:اخر
متحمل شدن		verb	to suffer, to bear, to sustain (e.g. damage, losses)	rishta:حمل
به سیم آخر زدن		verb	to run amok, to lose one's temper	rishta:اخر
دوراندیشی		noun	caution, precaution	platts
جاویدنام		noun	someone whose name is eternally remembered; martyr	rishta:نام
پرنده هدایت‌پذیر از دور		noun	drone	rishta:رند
نی نوشیدنی		noun	drinking straw	rishta:نوش
تیر برق		noun	utility pole	rishta:برق
توطئه		noun	plot, conspiracy	arbi
سردرگمی		noun	confusion, disorientation	rishta:سرد
راه انداختن		verb	to launch, to initiate	rishta:راہ
سهمیه		noun	quota, ration	arbi
کوتاه آمدن		verb	to concede, to yield (a viewpoint, etc.)	rishta:اہا
تأمین		noun	supply	platts
شیفتن	شیفْتَن	verb	to fall in love, enamour	platts
خردمند		adj	intellectual	rishta:خرد
ماهی سالمون		noun	salmon	rishta:ماہ
پایان دادن		verb	to end, to bring to an end	rishta:ایا
یک‌روزه		noun	mayflies (Ephemeroptera)	arbi
دروغ اول آوریل		noun	April Fools' Day	rishta:اور
خروشان		adj	roaring	platts
جمعیت‌شناسی		noun	demography	rishta:اسی
محدودیت		noun	restriction, limitation	rishta:حدود
شفق قطبی		noun	northern lights, aurora	rishta:شفق
پیاده کردن		verb	to disembark, to unload (of cargo); to make passengers get off	rishta:پیا
به هم ریختن		verb	to mess up; to put into disarray	rishta:مری
سلطنت‌طلبانه		adj	monarchist	rishta:انہ
رگه‌		noun	vein	arbi
کلاته		noun	market town	arbi
متصل کردن		verb	to connect, to link	rishta:کردن
گلوگاه		noun	chokepoint	rishta:لوگ
چشمگیر		adj	impressive, conspicuous	rishta:چشم
ناوبری		noun	navigation	arbi
در پیش گرفتن		verb	to pursue, to carry out (e.g. a strategy, a plan)	rishta:پیش
موافقت کردن		verb	to agree, to consent	rishta:افق
خدانگهدار		intj	goodbye, God be with you	rishta:انگ
تأویل		noun	paraphrase, commentary, explanation, interpretation	platts
دبیره		noun	script, writing system	arbi
بوم‌شناسی		noun	ecology	rishta:اسی
آوا‌شناسی		noun	phonetics	platts
دریغ کردن		verb	to withhold, to keep back, to refrain	rishta:دری
سیاست‌گذاری		noun	policy-making	rishta:اری
تمجید		noun	praise	rishta:مجید
مراوده		noun	intercourse, exchange	arbi
فقید		adj	deceased, the late	platts
آرمانی		adj	ideal	platts
در همین حال		adv	meanwhile, at the same time	rishta:حال
پافشاری		noun	insistence, persistence (on a position, a view)	rishta:اری
به ارث بردن		verb	to inherit	rishta:بہار
حیاط خلوت		noun	backyard (in a house)	rishta:حیا
شیرین‌بیان		adj	eloquent	rishta:بیان
آداب و رسوم		noun	cultural practices; customs; traditions	rishta:ادا
گستره		noun	expanse, scope, gamut	rishta:ستر
منحصر به فرد		adj	unique	rishta:منحصر
عمدتا	عمدتاً	adv	principally, primarily	platts
توهین‌آمیز		adj	insulting, offensive	rishta:نام
اطلاق		noun	general use of a word	platts
سربازی		noun	military service	rishta:باز
محتاطانه		adj	cautious, prudent (of actions, thoughts); (adverbially) cautiously, prudently	rishta:انہ
پخش کردن		verb	to air, to broadcast	rishta:شکر
متلاشی		adj	decomposed	platts
گوشه‌گیری		noun	seclusion, reclusion, isolation	rishta:گیر
مبارزه کردن		verb	to fight, to battle	rishta:ارز
هپاتیت آ		noun	hepatitis A	rishta:اتی
هپاتیت دی		noun	hepatitis D	rishta:اتی
هپاتیت ای		noun	hepatitis E	rishta:اتی
وضع کردن		noun	to impose	rishta:وضع
صابئه		noun	Sabians (unknown religious group mentioned in the Qur'an, usually identified with Mandaeans or Elcesaites)	platts
احصائیه		noun	statistics	arbi
لامذهب		adj	irreligious	rishta:مذہب
صابئی		noun	Sabian (member of Sabianism); see صابئه (sābi'a /sâbe'e)	platts
آشیان		noun	nest, abode	platts
دامن زدن		verb	to stoke (a fire)	rishta:امن
اعتمادسازی		noun	trust building; confidence building	rishta:ساز
الزامات		noun	requirements	rishta:الزام
انباشت		noun	accumulation	platts
انتشار دادن		verb	to publish; synonym of منتشر کردن (muntašir kardan/montašer kardan)	rishta:ردا
ایستا		adj	static	platts
بالقوه		adj	potential	rishta:بال
پناه بردن		noun	to take refuge	rishta:پنا
پافشاری کردن		noun	to insist, to persist	rishta:اری
پیگیر		noun	persistent (of a person)	platts
پیشامد		noun	event, occurrence	rishta:شام
تجملی		adj	sumptuous, luxurious	arbi
تشخیص		noun	diagnosis	arbi
همسنگ		adj	equivalent, analogous	rishta:سنگ
تدوین		noun	compilation	platts
دائمی		adj	permanent, perpetual	platts
در ازای		prep	in exchange for	arbi
درگیر		adj	involved (in a situation)	platts
دست یافتن		verb	to achieve, to obtain	rishta:افت
دستاورد		noun	achievement, accomplishment, feat	platts
شال‌گردن		noun	scarf worn around the neck	rishta:گرد
شتاب		noun	acceleration	platts
شیرین‌کاری		noun	acrobatic stunt	rishta:اری
ضمنا	ضمناً	adv	by the way, incidentally; used to change topics.	platts
غایت		noun	purpose, ultimate goal, objective	platts
فناورانه		adj	technological	rishta:اور
قائل شدن		verb	to hold, to show (an attitude)	rishta:قایل
کشاکش		verb	struggle, conflict	platts
کفایت		noun	sufficiency	platts
ماندگاری		noun	durability	rishta:اری
ترتیب دادن		verb	to arrange, to organize, to put in order	rishta:ترتیب
مستلزم		noun	requiring, necessitating	rishta:مست
مصونیت		noun	immunity (from disease, crime, etc.)	platts
معناشناسی		noun	semantics	platts
منفک		adj	detached, separated	arbi
پایداری		noun	permanence	platts
ایفا کردن		verb	to carry out, to discharge	rishta:کردن
نگارخانه		noun	art gallery	rishta:خان
نیمرخ		noun	profile of a face	rishta:نیم
هر از گاهی		adv	once in a while, from time to time	rishta:راز
همراهی		noun	accompaniment	platts
لطف کردن		verb	to do a favor, solid	rishta:فکر
رونمایی کردن		verb	to unveil, to launch	rishta:ایی
نگاه انداختن		verb	to take a look	rishta:نگاہ
نتیجه گرفتن		verb	to conclude; to draw the conclusion	rishta:تیج
از آب درآمدن		verb	to turn out, to prove to be	rishta:بدر
ترغیب		noun	persuasion, encouragement	arbi
واگذار کردن		verb	to assign; to entrust	rishta:کردن
شراکت		noun	partnership	platts
اقتدارگرایی		noun	authoritarianism	rishta:ایی
کارد و پنیر		noun	chalk and cheese, apples and oranges; something very different	rishta:اردو
پوزخند زدن		verb	to grin, to sneer	rishta:دزد
طنابچه		noun	lanyard	rishta:بچہ
پف		noun	puffiness, swelling up	platts
بی‌مقدار		adj	insignificant, trifling	rishta:دار
کساد		adj	dull, slow, stagnant	platts
وراجی		noun	babbling, blathering, talking a lot	platts
گیر آمدن		verb	to be available, to be found	rishta:امد
دست و پای خود را گم کردن		verb	to be in distress	rishta:خود
معافیت		noun	exemption	platts
تن دادن		verb	to yield, to acquiesce	rishta:تند
تخطی		noun	infringement, violation	platts
به تعویق افتادن		verb	to be delayed, to be postponed	rishta:بہت
بازتاب		noun	reflection (of an image)	rishta:باز
خدشه‌دار		adj	scratched, tarnished	rishta:شہد
ذهنیت		noun	mentality, mindset	rishta:ذہن
القا		noun	induction	platts
توجیه کردن		verb	to excuse, to justify, to explain away	rishta:کردن
کارشکنی		noun	sabotage	rishta:ارش
خونبار		noun	bloody, sanguinary (producing blood)	arbi
مصوبه		noun	resolution, enactment	platts
تهوع		noun	nausea	platts
هیچ جوره		adv	in no way	rishta:جور
برانگیختن		verb	to trigger, to stimulate, to provoke, to bring about	rishta:برا
سه‌پایه		noun	tripod	rishta:پایہ
چرخاندن		verb	to turn, to rotate, to spin (something)	rishta:خان
نظارتی		adj	supervisory	platts
آب‌شنگولی		noun	alcoholic drink	rishta:ولی
حبه		noun	grain, berry	arbi
بدین ترتیب		adv	therefore, accordingly	rishta:بدی
بدینسان		adv	in this manner, in this way, likewise	rishta:بدی
جور شدن		verb	to fall into place, to come together	rishta:جور
رسیدگی کردن		verb	to handle, to take care of	rishta:سید
وفور نعمت		noun	plenty, abundance, prosperity	rishta:نعم
الزام‌آور		noun	binding, mandatory	rishta:اور
معیشتی		adj	subsistence, daily livelihood	platts
پاکسازی		noun	cleansing	rishta:ساز
تجسم		noun	incarnation, embodiment	rishta:جسم
برقراری		noun	establishment	rishta:قرار
استعفا دادن		verb	to resign	rishta:ادا
مکث		noun	halt, stop	platts
لحاظ کردن		verb	to consider, to take into account	rishta:کردن
از سوی دیگر		adv	on the other hand	rishta:دیگ
طاقت‌فرسا		adj	exhausting, grueling	rishta:طاقت
تأمین کردن		verb	to provide	rishta:امین
تضمین کردن		verb	to guarantee, to secure	rishta:کردن
متقاعد کردن		verb	to convince, to persuade	rishta:قاع
ناگوار		adj	indigestible	platts
اختصاص دادن		verb	to allocate, to set aside, to earmark	rishta:صدا
متقاضی		noun	applicant	rishta:قاضی
با تمام وجود		adv	wholeheartedly, with all my heart	rishta:موج
جمعیتی		adj	demographic; relating to population	platts
سازگار شدن		verb	to become compatible; to adapt	rishta:ساز
تعاملی		adj	interactive	platts
غیرانتفاعی		adj	non-profit	rishta:غیر
اعصاب خرد شدن		verb	to get on one's nerves, get very frustrated	rishta:خرد
موکل		noun	client (of a lawyer, agent, or barrister)	platts
انتزاع		noun	abstraction	arbi
خوشبین		adj	optimistic	rishta:بین
خوشبینانه		adj	optimistic; (as an adverb) optimistically	rishta:انہ
ممنوع کردن		verb	to prohibit, forbid	rishta:ممنوع
تشیع		noun	Shi'ism	platts
عاشقت		noun	second-person singular single-possession possessive of عاشق	platts
عاشقی		noun	romance, love, the state of being in love	platts
خشنود		adj	content, satisfied	platts
دزدگیر		noun	burglar alarm	rishta:دزد
پلک زدن		verb	to blink	rishta:پلک
هنگ کردن		verb	to freeze, to hang, to crash, to lag	rishta:کردن
در عمل		adv	de facto, in practice	platts
ابراز کردن		verb	to express (views, opinions, etc.)	rishta:برا
ادا درآوردن		verb	to fake, to pretend, to put on an act	rishta:اور
خردکن		noun	grinder, shredder, chopper	rishta:خرد
شرافتمند		adj	honorable, noble	rishta:افت
شرافتمندانه		adj	honorable, noble; (as an adverb) honorably	rishta:افت
مسئولانه		adj	responsible; (as an adverb) responsibly	rishta:انہ
سرنخ		noun	clue, lead	platts
روال		noun	procedure, process, routine	platts
سخت‌ترد		adj	crispy	rishta:سخت
خدمتگزار		noun	servant, worker	rishta:خدمت
شوخ‌چشم		adj	impudent, shameless	rishta:چشم
گریزپا		adj	elusive, fugacious	rishta:گری
اندازه گرفتن		verb	to measure (size)	rishta:انداز
اندازه گیری		noun	the act of measuring	rishta:انداز
نیازمند		noun	pauper	rishta:نیا
بادافراه		noun	punishment, requital	rishta:راہ
بیشه‌زار		noun	thicket	rishta:ہزار
قضا را		adv	by chance, as fate would have it	arbi
بلندپرواز		noun	Someone with grand goals or ambitions, ambitious	rishta:بلند
گلپی		noun	cauliflower	platts
آرواره		noun	jaw	rishta:وار
همین		adj	this/these very	platts
سرخوشی		noun	euphoria	platts
مهمونی		noun	colloquial-un form of مهمانی (“party, function”)	arbi
صینی		noun	synonym of چینی (čīnī /čini): Chinese (person from China)	platts
سرخ‌سر		noun	robin redbreast	rishta:سرخ
طاقچه		noun	shelf	rishta:اقچہ
مزیب		adj	embellished, adorned	arbi
ایناها		adv	Here it is	platts
بومی‌سازی		noun	localization	rishta:ساز
شرایع		noun	broken plural of شریعت (šarī'at /šari'at)	platts
چرخ و فلک		noun	Ferris wheel	rishta:فلک
کاغذپران		noun	kite (recreational object)	rishta:ران
به شرطی که		conj	provided that, so long as, as long as, on the condition that	rishta:شرط
ساخلو		noun	garrison	platts
تیجان		noun	broken plural of تاج (tāj /tâj)	arbi
انقلابیون		noun	broken plural of انقلابی (inqilābī /enġelâbi)	platts
تکفیریون		noun	broken plural of تکفیری (takfīrī /takfiri)	rishta:یون
اباضیون		noun	broken plural of انقلابی (ibāzī /ebâzi)	platts
شیعیون		noun	broken plural of شیعی (šī'ī /ši'i)	platts
یهودیون		noun	broken plural of یهودی (yahūdī /yahudi)	platts
مسیحیون		noun	broken plural of مسیحی (masēhī /masihi)	arbi
داعشیون		noun	broken plural of داعشی (dā'išī /dâ'eši)	platts
وهابیون		noun	broken plural of وهابی (wahhābī /vahhâbi)	arbi
سلفیون		noun	broken plural of سلفی (salafī /salafi)	arbi
میادین		noun	broken plural of میدان (maydān /meydân)	platts
پیاده شدن		verb	to dismount	rishta:پیا
سوار شدن		verb	to mount	rishta:ارشد
بدرفت		noun	drain, gutter	rishta:بدر
ذمیون		noun	broken plural of ذمی (zimmī /zemmi)	platts
ارباع		noun	broken plural of ربع (rub' /rob')	platts
اخماس		noun	broken plural of خمس (xums /xoms)	arbi
پف کردن		verb	to puff, to swell, to inflate	rishta:فکر
شگفتن		verb	to wonder, to surprise	platts
توپیدن		verb	To assault verbally. To badmouth.	rishta:توپ
چاپیدن		verb	to swindle, to scam	rishta:اپی
آموزاندن		verb	to teach	rishta:موز
صوفیون		noun	broken plural of صوفی (sūfī /sufi)	platts
خاموشیدن		verb	to make silent, to turn off	rishta:خاموشی
ننی		noun	grandmother	platts
